Customer ID,SnapshotCutoff,RecencyDays,PurchaseOrderCount,AvgOrderValue,TenureDays,MedianPurchaseGap,SinglePurchaseHistory,CancellationOrderCount,CancellationRate,CancellationValueRatio,CalibratedNoReturnProbability
12346.0,2011-06-09,141.58263888888888,1,77183.6,141.58263888888888,0.0,1,1.0,1.0,1.0,0.24250273188603927
12347.0,2011-06-09,62.553472222222226,2,555.8199999999999,133.39583333333334,70.84236111111112,0,0.0,0.0,0.0,0.3238902089952037
12348.0,2011-06-09,64.55069444444445,3,495.74666666666667,174.20208333333332,54.82569444444445,0,0.0,0.0,0.0,0.19647722556744768
12350.0,2011-06-09,126.3326388888889,1,334.4,126.3326388888889,0.0,1,0.0,0.0,0.0,0.5440850557323921
12352.0,2011-06-09,78.32777777777778,5,312.36199999999997,112.47708333333334,9.052777777777777,0,3.0,0.6,0.6150748170392045,0.23593325989441555
12353.0,2011-06-09,20.259027777777778,1,89.0,20.259027777777778,0.0,1,0.0,0.0,0.0,0.6091552605678744
12354.0,2011-06-09,48.450694444444444,1,1079.4,48.450694444444444,0.0,1,0.0,0.0,0.0,0.4567611875123864
12355.0,2011-06-09,30.424305555555556,1,459.4,30.424305555555556,0.0,1,0.0,0.0,0.0,0.5082903071653913
12356.0,2011-06-09,61.47708333333333,2,1376.54,141.59027777777777,80.11319444444445,0,0.0,0.0,0.0,0.26793564968692535
12359.0,2011-06-09,5.481944444444444,3,1165.243333333333,147.4701388888889,70.99409722222222,0,1.0,0.3333333333333333,0.010241065528516217,0.11329930222445843
12360.0,2011-06-09,16.59513888888889,1,1083.58,16.59513888888889,0.0,1,0.0,0.0,0.0,0.4513376766552618
12361.0,2011-06-09,103.42291666666667,1,189.9,103.42291666666667,0.0,1,0.0,0.0,0.0,0.5758751651560842
12362.0,2011-06-09,41.61666666666667,2,487.17,111.5625,69.94583333333334,0,1.0,0.5,0.0050290453024611536,0.29356752161894495
12363.0,2011-06-09,58.43819444444444,1,299.1,58.43819444444444,0.0,1,0.0,0.0,0.0,0.5401583505284292
12365.0,2011-06-09,107.41388888888889,2,320.69,107.42291666666667,0.009027777777777777,0,1.0,0.5,0.5,0.4219391838050831
12370.0,2011-06-09,90.46666666666667,3,934.2199999999999,176.4597222222222,42.99652777777778,0,0.0,0.0,0.0,0.2027916406444036
12372.0,2011-06-09,28.553472222222222,2,457.46000000000004,112.46805555555555,83.91458333333334,0,0.0,0.0,0.0,0.3184881003982476
12373.0,2011-06-09,127.45138888888889,1,364.6,127.45138888888889,0.0,1,0.0,0.0,0.0,0.5387998767867248
12377.0,2011-06-09,131.34375,2,814.06,170.59930555555556,39.25555555555555,0,0.0,0.0,0.0,0.3403381010391898
12380.0,2011-06-09,1.5909722222222222,1,607.5500000000001,1.5909722222222222,0.0,1,0.0,0.0,0.0,0.4857274378092983
12383.0,2011-06-09,0.6652777777777777,5,370.11199999999997,168.3972222222222,42.98645833333333,0,1.0,0.2,0.006079240878436798,0.08031721905984579
12386.0,2011-06-09,153.47430555555556,1,143.0,153.47430555555556,0.0,1,0.0,0.0,0.0,0.6010790308663342
12388.0,2011-06-09,91.34236111111112,3,255.41666666666666,142.53333333333333,25.59548611111111,0,0.0,0.0,0.0,0.31672529239602865
12393.0,2011-06-09,61.59375,3,353.7,148.5923611111111,43.49930555555555,0,0.0,0.0,0.0,0.2404225314436566
12394.0,2011-06-09,33.41597222222222,1,381.08,33.41597222222222,0.0,1,0.0,0.0,0.0,0.5206973722511312
12395.0,2011-06-09,27.572916666666668,5,244.724,173.33333333333334,41.549305555555556,0,2.0,0.4,0.014546999885585396,0.09864849131758668
12399.0,2011-06-09,29.568055555555556,2,384.475,77.59583333333333,48.02777777777778,0,0.0,0.0,0.0,0.360492317969745
12401.0,2011-06-09,119.42361111111111,1,84.3,119.42361111111111,0.0,1,0.0,0.0,0.0,0.6275512658171556
12402.0,2011-06-09,139.42430555555555,1,225.6,139.42430555555555,0.0,1,0.0,0.0,0.0,0.5708589462683722
12407.0,2011-06-09,51.482638888888886,2,247.98000000000002,80.44375,28.961111111111112,0,0.0,0.0,0.0,0.4083320424143997
12408.0,2011-06-09,76.38402777777777,2,418.795,76.38472222222222,0.0006944444444444445,0,2.0,1.0,0.035017132487255104,0.33235727978257784
12410.0,2011-06-09,124.55625,2,346.66499999999996,124.55694444444444,0.0006944444444444445,0,1.0,0.5,0.017668354174779688,0.3881786584800279
12413.0,2011-06-09,52.35208333333333,2,281.95,153.325,100.97291666666666,0,2.0,1.0,0.11340663238162796,0.27069732760025067
12414.0,2011-06-09,33.38125,3,187.47,126.38125,46.5,0,0.0,0.0,0.0,0.25825612750332516
12415.0,2011-06-09,19.40763888888889,7,7269.128571428571,153.53333333333333,22.59583333333333,0,2.0,0.2857142857142857,0.011667737732367213,0.039355625209923036
12417.0,2011-06-09,3.3430555555555554,5,379.654,173.50625,38.498958333333334,0,2.0,0.4,0.026524150937432503,0.06722974736165509
12421.0,2011-06-09,135.36875,1,157.45,135.36875,0.0,1,0.0,0.0,0.0,0.5924262024444059
12422.0,2011-06-09,140.6159722222222,1,238.5,140.6159722222222,0.0,1,0.0,0.0,0.0,0.5675838454372728
12423.0,2011-06-09,7.606944444444444,6,241.94833333333335,169.54583333333332,28.079166666666666,0,0.0,0.0,0.0,0.09037661342041073
12426.0,2011-06-09,10.481944444444444,1,582.73,10.481944444444444,0.0,1,0.0,0.0,0.0,0.48984290647526496
12428.0,2011-06-09,58.580555555555556,6,1051.7566666666667,99.60208333333334,10.001388888888888,0,2.0,0.3333333333333333,0.01177553743419739,0.15927912930509444
12429.0,2011-06-09,43.51111111111111,1,437.98,43.51111111111111,0.0,1,0.0,0.0,0.0,0.5134772885297761
12431.0,2011-06-09,16.615277777777777,6,455.46333333333337,173.40972222222223,19.740277777777777,0,2.0,0.3333333333333333,0.012039022533830018,0.06174318426206277
12434.0,2011-06-09,76.45486111111111,1,286.25,76.45486111111111,0.0,1,2.0,2.0,0.14305676855895194,0.4467684574834099
12435.0,2011-06-09,83.68055555555556,1,3978.9900000000002,83.68055555555556,0.0,1,0.0,0.0,0.0,0.3813288972728317
12437.0,2011-06-09,14.577777777777778,8,246.88625,147.4076388888889,20.91111111111111,0,1.0,0.125,0.027720255785812293,0.09380143791586575
12447.0,2011-06-09,59.44097222222222,1,476.49,59.44097222222222,0.0,1,0.0,0.0,0.0,0.5107068687769287
12449.0,2011-06-09,3.3493055555555555,1,858.9300000000001,3.3493055555555555,0.0,1,0.0,0.0,0.0,0.46394141610726986
12451.0,2011-06-09,34.268055555555556,2,2653.91,140.62152777777777,106.35347222222222,0,0.0,0.0,0.0,0.21505966418351372
12455.0,2011-06-09,5.51875,3,654.4333333333334,112.58611111111111,53.533680555555556,0,0.0,0.0,0.0,0.18245137916255644
12456.0,2011-06-09,70.61666666666666,1,940.1700000000001,70.61666666666666,0.0,1,0.0,0.0,0.0,0.46916666575201943
12457.0,2011-06-09,49.576388888888886,3,355.75,55.21041666666667,2.817013888888889,0,2.0,0.6666666666666666,0.21072850784727104,0.3173956656661473
12458.0,2011-06-09,100.54513888888889,1,441.92,100.54513888888889,0.0,1,0.0,0.0,0.0,0.5222227037597413
12462.0,2011-06-09,119.3861111111111,1,762.11,119.3861111111111,0.0,1,1.0,1.0,0.027292648042933434,0.4381933726293332
12463.0,2011-06-09,22.581944444444446,2,323.975,57.46736111111111,34.885416666666664,0,2.0,1.0,0.017593950150474574,0.3077660252310067
12464.0,2011-06-09,16.507638888888888,4,136.21249999999998,125.4375,24.943055555555556,0,0.0,0.0,0.0,0.1924538778650972
12468.0,2011-06-09,3.5166666666666666,2,364.77000000000004,132.43819444444443,128.92152777777778,0,0.0,0.0,0.0,0.28950879839738375
12471.0,2011-06-09,26.659027777777776,11,548.81,173.50555555555556,18.652430555555554,0,11.0,1.0,0.10622652979752886,0.019101946452119895
12472.0,2011-06-09,83.47222222222223,2,708.77,133.48125,50.009027777777774,0,2.0,1.0,0.10552083186365113,0.2677544692766617
12473.0,2011-06-09,7.572916666666667,1,661.6899999999999,7.572916666666667,0.0,1,2.0,2.0,0.11555260016019586,0.3820176123084203
12474.0,2011-06-09,16.477777777777778,8,339.89125,145.57916666666668,11.953472222222222,0,6.0,0.75,0.03557020076274396,0.04773370625131674
12476.0,2011-06-09,34.28263888888889,5,489.02,177.38958333333332,32.57361111111111,0,5.0,1.0,0.03789211075211647,0.05675849141433216
12477.0,2011-06-09,55.41736111111111,2,2288.485,117.46875,62.05138888888889,0,1.0,0.5,0.0009176376511097951,0.22546991595127333
12480.0,2011-06-09,83.44236111111111,2,793.635,152.35625,68.91388888888889,0,0.0,0.0,0.0,0.3089147604617687
12481.0,2011-06-09,20.647916666666667,6,487.445,170.36458333333334,17.803472222222222,0,1.0,0.16666666666666666,0.001866877288719753,0.07285356167693774
12483.0,2011-06-09,21.46527777777778,4,248.665,155.40277777777777,13.853472222222223,0,3.0,0.75,0.05730601411537611,0.08725306272976288
12484.0,2011-06-09,152.4138888888889,1,1138.67,152.4138888888889,0.0,1,1.0,1.0,0.03205494129115547,0.41881693104117373
12489.0,2011-06-09,152.44930555555555,1,334.93,152.44930555555555,0.0,1,0.0,0.0,0.0,0.5481847622141629
12490.0,2011-06-09,30.59236111111111,2,597.86,145.6159722222222,115.02361111111111,0,0.0,0.0,0.0,0.27871694002253805
12493.0,2011-06-09,13.379861111111111,1,232.5,13.379861111111111,0.0,1,1.0,1.0,0.07290322580645162,0.49933408774883337
12494.0,2011-06-09,12.424305555555556,3,219.34666666666666,174.525,81.05034722222223,0,4.0,1.3333333333333333,0.04718558142362166,0.09827514275486864
12500.0,2011-06-09,82.58680555555556,4,302.55,149.59166666666667,14.76736111111111,0,0.0,0.0,0.0,0.23404920335154236
12501.0,2011-06-09,152.48055555555555,1,2169.39,152.48055555555555,0.0,1,1.0,1.0,0.03674304758480495,0.3796821336277576
12502.0,2011-06-09,33.65347222222222,3,614.2166666666667,125.55486111111111,45.950694444444444,0,0.0,0.0,0.0,0.2062540702453341
12506.0,2011-06-09,48.62916666666667,1,73.5,48.62916666666667,0.0,1,0.0,0.0,0.0,0.6249390422935912
12507.0,2011-06-09,114.60833333333333,1,446.16,114.60833333333333,0.0,1,0.0,0.0,0.0,0.5239074763178162
12509.0,2011-06-09,100.38541666666667,1,176.5,100.38541666666667,0.0,1,0.0,0.0,0.0,0.5799292109274681
12510.0,2011-06-09,141.4138888888889,1,681.05,141.4138888888889,0.0,1,0.0,0.0,0.0,0.5013553222984959
12514.0,2011-06-09,83.30694444444444,1,1017.68,83.30694444444444,0.0,1,0.0,0.0,0.0,0.4662054048855719
12515.0,2011-06-09,169.3451388888889,1,383.7,169.3451388888889,0.0,1,0.0,0.0,0.0,0.5423285247023875
12517.0,2011-06-09,6.365972222222222,1,749.7,6.365972222222222,0.0,1,0.0,0.0,0.0,0.47309354841633955
12520.0,2011-06-09,20.599305555555556,3,565.8533333333334,89.51736111111111,34.45902777777778,0,1.0,0.3333333333333333,0.030484931313178917,0.21450607937960883
12523.0,2011-06-09,68.61180555555555,4,125.0475,147.5951388888889,23.013194444444444,0,0.0,0.0,0.0,0.25979949701941524
12524.0,2011-06-09,20.483333333333334,5,566.6759999999999,149.55902777777777,29.9875,0,0.0,0.0,0.0,0.11277831264225584
12527.0,2011-06-09,110.59652777777778,2,142.46,141.49652777777777,30.9,0,0.0,0.0,0.0,0.4506723080888076
12528.0,2011-06-09,92.50972222222222,2,385.83000000000004,128.62152777777777,36.111805555555556,0,1.0,0.5,0.008034626649042325,0.34308981004008154
12530.0,2011-06-09,49.60347222222222,2,402.5,152.58055555555555,102.97708333333334,0,0.0,0.0,0.0,0.3123091519757099
12535.0,2011-06-09,2.467361111111111,1,371.45,2.467361111111111,0.0,1,0.0,0.0,0.0,0.5172714929257204
12539.0,2011-06-09,78.33333333333333,3,1505.8966666666665,149.6173611111111,35.64201388888889,0,1.0,0.3333333333333333,0.37980693673093996,0.19314913444650741
12540.0,2011-06-09,2.317361111111111,7,928.9314285714285,177.59791666666666,27.996180555555554,0,1.0,0.14285714285714285,0.010103775151787306,0.0482963667832369
12541.0,2011-06-09,96.60277777777777,1,312.4,96.60277777777777,0.0,1,0.0,0.0,0.0,0.5435864239902655
12545.0,2011-06-09,75.49722222222222,1,628.15,75.49722222222222,0.0,1,0.0,0.0,0.0,0.4956958487791659
12547.0,2011-06-09,13.473611111111111,2,103.9,96.46805555555555,82.99444444444444,0,0.0,0.0,0.0,0.40399862604833137
12551.0,2011-06-09,173.52569444444444,1,168.0,173.52569444444444,0.0,1,0.0,0.0,0.0,0.5943437478864162
12553.0,2011-06-09,20.479861111111113,5,346.924,145.55416666666667,28.122222222222224,0,3.0,0.6,0.02092677358729866,0.0908523591362814
12557.0,2011-06-09,72.30486111111111,2,2117.3100000000004,148.51458333333332,76.20972222222223,0,0.0,0.0,0.0,0.2511850244208095
12559.0,2011-06-09,126.59097222222222,2,280.855,135.575,8.984027777777778,0,1.0,0.5,0.045397091025618196,0.3946328130254543
12561.0,2011-06-09,118.51458333333333,1,238.85,118.51458333333333,0.0,1,0.0,0.0,0.0,0.5639834418115622
12562.0,2011-06-09,14.469444444444445,1,444.96000000000004,14.469444444444445,0.0,1,0.0,0.0,0.0,0.5077188238725764
12564.0,2011-06-09,77.37847222222223,1,456.9,77.37847222222223,0.0,1,0.0,0.0,0.0,0.5163174185011918
12565.0,2011-06-09,104.55972222222222,1,145.92,104.55972222222222,0.0,1,1.0,1.0,0.10108278508771931,0.5456878023439038
12567.0,2011-06-09,0.6138888888888889,4,628.655,124.51041666666667,16.825,0,1.0,0.25,0.11387008772697269,0.10262747647883541
12569.0,2011-06-09,34.609027777777776,5,232.86400000000003,68.42569444444445,6.866319444444445,0,1.0,0.2,0.020355228803078194,0.2614818045396475
12573.0,2011-06-09,43.33888888888889,1,160.54000000000002,43.33888888888889,0.0,1,0.0,0.0,0.0,0.5767534065789659
12574.0,2011-06-09,131.61111111111111,1,218.45,131.61111111111111,0.0,1,0.0,0.0,0.0,0.5716285401360665
12576.0,2011-06-09,34.36944444444445,2,210.82500000000002,120.5201388888889,86.15069444444444,0,0.0,0.0,0.0,0.3617429029884123
12577.0,2011-06-09,175.31875,1,195.89,175.31875,0.0,1,0.0,0.0,0.0,0.5852101896083053
12578.0,2011-06-09,146.3513888888889,1,1608.66,146.3513888888889,0.0,1,2.0,2.0,0.025580296644412116,0.3452344960814628
12580.0,2011-06-09,62.56666666666667,1,415.7,62.56666666666667,0.0,1,0.0,0.0,0.0,0.519919285824573
12582.0,2011-06-09,54.635416666666664,2,255.68,104.5125,49.87708333333333,0,0.0,0.0,0.0,0.3870698386928766
12583.0,2011-06-09,16.591666666666665,4,546.6324999999999,152.4951388888889,34.14652777777778,0,1.0,0.25,0.008232221830937605,0.10369526416209596
12584.0,2011-06-09,1.4583333333333333,2,311.37,96.36458333333333,94.90625,0,1.0,0.5,0.01589748530686964,0.2918651629180678
12585.0,2011-06-09,50.43125,2,1020.05,167.4597222222222,117.02847222222222,0,2.0,1.0,0.028081956766825157,0.1967933035489921
12590.0,2011-06-09,27.380555555555556,2,4932.13,27.384722222222223,0.004166666666666667,0,1.0,0.5,0.00029196310721736857,0.23077966954068665
12591.0,2011-06-09,133.39236111111111,1,452.84999999999997,133.39236111111111,0.0,1,0.0,0.0,0.0,0.5260193532917699
12592.0,2011-06-09,29.427777777777777,1,231.8,29.427777777777777,0.0,1,0.0,0.0,0.0,0.5515544893494507
12593.0,2011-06-09,34.60486111111111,1,236.0,34.60486111111111,0.0,1,0.0,0.0,0.0,0.5512613286001684
12594.0,2011-06-09,8.406944444444445,6,294.165,138.5888888888889,28.108333333333334,0,1.0,0.16666666666666666,0.01019835806435164,0.10624941647739913
12596.0,2011-06-09,58.44305555555555,1,269.95,58.44305555555555,0.0,1,0.0,0.0,0.0,0.5466423156676524
12597.0,2011-06-09,84.41666666666667,1,516.15,84.41666666666667,0.0,1,0.0,0.0,0.0,0.5096933019442352
12598.0,2011-06-09,36.577083333333334,3,428.58,100.50138888888888,31.962152777777778,0,1.0,0.3333333333333333,0.015866349339679873,0.23474810674415791
12599.0,2011-06-09,24.427083333333332,3,154.62,120.43888888888888,48.00590277777778,0,0.0,0.0,0.0,0.26199070101140903
12600.0,2011-06-09,20.35,5,247.892,173.60833333333332,42.13263888888889,0,1.0,0.2,0.014522453326448614,0.10277337628233722
12601.0,2011-06-09,5.571527777777778,5,115.41199999999999,148.55694444444444,39.5,0,1.0,0.2,0.012996915398745363,0.13118592207293087
12604.0,2011-06-09,77.49583333333334,1,178.5,77.49583333333334,0.0,1,0.0,0.0,0.0,0.5756093209198283
12609.0,2011-06-09,2.3534722222222224,2,400.365,134.3659722222222,132.0125,0,0.0,0.0,0.0,0.28200465952073345
12613.0,2011-06-09,13.6125,4,365.63,78.34583333333333,0.002777777777777778,0,0.0,0.0,0.0,0.20306606021877713
12614.0,2011-06-09,93.56805555555556,1,315.6,93.56805555555556,0.0,1,0.0,0.0,0.0,0.5424515556774678
12616.0,2011-06-09,113.40486111111112,1,255.6,113.40486111111112,0.0,1,2.0,2.0,0.1025039123630673,0.4572616733398111
12619.0,2011-06-09,50.415277777777774,2,315.83,69.45138888888889,19.03611111111111,0,0.0,0.0,0.0,0.4027606803614101
12620.0,2011-06-09,20.493055555555557,1,561.66,20.493055555555557,0.0,1,0.0,0.0,0.0,0.493831819562775
12621.0,2011-06-09,16.34861111111111,9,765.69,173.4736111111111,11.614236111111111,0,1.0,0.1111111111111111,0.0016760481831202356,0.05018286990737579
12622.0,2011-06-09,48.30625,1,180.1,48.30625,0.0,1,0.0,0.0,0.0,0.5704023441017894
12623.0,2011-06-09,92.42361111111111,1,305.1,92.42361111111111,0.0,1,0.0,0.0,0.0,0.544405351685533
12625.0,2011-06-09,27.5875,2,1341.9099999999999,135.43958333333333,107.85208333333334,0,1.0,0.5,0.025895924465873268,0.21579270847925494
12626.0,2011-06-09,132.42916666666667,2,637.05,142.54097222222222,10.111805555555556,0,2.0,1.0,0.08441252648928656,0.3114128413993912
12633.0,2011-06-09,12.563194444444445,2,864.7750000000001,103.6361111111111,91.07291666666667,0,1.0,0.5,0.013500621548957823,0.24501222267371148
12637.0,2011-06-09,55.40625,4,596.7875,139.55069444444445,24.063194444444445,0,2.0,0.5,0.02875814255492952,0.1450063272844644
12639.0,2011-06-09,54.46666666666667,1,486.1,54.46666666666667,0.0,1,0.0,0.0,0.0,0.5086187144119516
12643.0,2011-06-09,36.49791666666667,3,470.64000000000004,148.50833333333333,56.005208333333336,0,0.0,0.0,0.0,0.19262642682230274
12645.0,2011-06-09,35.49236111111111,2,399.45,132.45277777777778,96.96041666666666,0,0.0,0.0,0.0,0.31580889614395397
12647.0,2011-06-09,15.57013888888889,4,333.3775,173.48541666666668,45.90902777777778,0,1.0,0.25,0.039669743758951936,0.10112347748606305
12649.0,2011-06-09,28.39097222222222,1,375.0,28.39097222222222,0.0,1,0.0,0.0,0.0,0.5209009560756808
12651.0,2011-06-09,150.46805555555557,1,114.0,150.46805555555557,0.0,1,0.0,0.0,0.0,0.6142833711168485
12652.0,2011-06-09,147.375,1,919.98,147.375,0.0,1,1.0,1.0,0.005924041826996239,0.42954805531987506
12653.0,2011-06-09,112.54652777777778,1,779.1,112.54652777777778,0.0,1,0.0,0.0,0.0,0.4880339490762018
12654.0,2011-06-09,13.553472222222222,3,112.58333333333333,111.44722222222222,48.946875,0,0.0,0.0,0.0,0.27343645198019495
12656.0,2011-06-09,19.518055555555556,2,829.8,49.611111111111114,30.093055555555555,0,1.0,0.5,0.02304772234273319,0.29607431251333804
12662.0,2011-06-09,3.4270833333333335,4,394.15,125.41805555555555,37.18958333333333,0,1.0,0.25,0.020740834707598625,0.13000221462433306
12664.0,2011-06-09,48.39375,2,651.79,138.5125,90.11875,0,0.0,0.0,0.0,0.2968237008558192
12665.0,2011-06-09,140.64305555555555,1,63.0,140.64305555555555,0.0,1,1.0,1.0,0.01984126984126984,0.5979725117632795
12668.0,2011-06-09,75.37986111111111,3,974.8233333333333,171.46805555555557,48.04409722222222,0,1.0,0.3333333333333333,0.011899592062835316,0.16615635315141505
12669.0,2011-06-09,64.59375,2,1136.3,72.57291666666667,7.979166666666667,0,1.0,0.5,0.5,0.332173319273371
12670.0,2011-06-09,15.60763888888889,2,513.1949999999999,48.57222222222222,32.96458333333333,0,0.0,0.0,0.0,0.3551466952328448
12672.0,2011-06-09,145.61111111111111,1,225.89999999999998,145.61111111111111,0.0,1,0.0,0.0,0.0,0.5717523662476006
12673.0,2011-06-09,142.50972222222222,1,220.9,142.50972222222222,0.0,1,0.0,0.0,0.0,0.5726547688594239
12674.0,2011-06-09,23.618055555555557,1,586.74,23.618055555555557,0.0,1,0.0,0.0,0.0,0.49155281545921403
12676.0,2011-06-09,6.245833333333334,3,276.31666666666666,127.34652777777778,60.550347222222214,0,0.0,0.0,0.0,0.199589824158374
12678.0,2011-06-09,3.504861111111111,6,981.8933333333334,169.54166666666666,31.08125,0,0.0,0.0,0.0,0.06386572154126442
12679.0,2011-06-09,21.4875,2,453.19,99.48194444444445,77.99444444444444,0,1.0,0.5,0.04109755290275602,0.2900539894150286
12681.0,2011-06-09,3.4493055555555556,12,643.4433333333333,170.40972222222223,11.879166666666666,0,3.0,0.25,0.005504240207632892,0.03332265297070571
12682.0,2011-06-09,8.436111111111112,9,466.8888888888889,154.38333333333333,14.971875,0,0.0,0.0,0.0,0.072366451482532
12683.0,2011-06-09,0.5979166666666667,8,502.98125,142.36319444444445,22.12638888888889,0,3.0,0.375,0.01783118157983026,0.057324653775415034
12684.0,2011-06-09,13.280555555555555,3,305.7,29.461805555555557,8.090625,0,0.0,0.0,0.0,0.3560479960253203
12690.0,2011-06-09,21.61875,1,389.01,21.61875,0.0,1,0.0,0.0,0.0,0.5174579285500085
12691.0,2011-06-09,134.33402777777778,3,135.4,173.38472222222222,19.52534722222222,0,0.0,0.0,0.0,0.38143577289740066
12693.0,2011-06-09,27.630555555555556,3,210.25666666666666,135.4597222222222,53.91458333333333,0,1.0,0.3333333333333333,0.023780458804318533,0.2067050149875982
12695.0,2011-06-09,26.447916666666668,1,89.25,26.447916666666668,0.0,1,0.0,0.0,0.0,0.6099525926481469
12700.0,2011-06-09,31.32638888888889,1,1092.43,31.32638888888889,0.0,1,1.0,1.0,0.0329540565528226,0.4019153232524987
12701.0,2011-06-09,58.456944444444446,1,337.08,58.456944444444446,0.0,1,0.0,0.0,0.0,0.5325824755104164
12705.0,2011-06-09,17.414583333333333,3,1054.7,173.3347222222222,77.96006944444444,0,1.0,0.3333333333333333,0.011772699977876805,0.10631755520232897
12707.0,2011-06-09,107.64027777777778,1,603.42,107.64027777777778,0.0,1,0.0,0.0,0.0,0.5035315144821544
12708.0,2011-06-09,16.574305555555554,4,285.4325,145.60902777777778,45.25208333333333,0,3.0,0.75,0.04357422507948464,0.10892247838889221
12709.0,2011-06-09,6.622222222222222,7,657.2042857142858,173.4986111111111,27.891666666666666,0,3.0,0.42857142857142855,0.04805420362879122,0.045456491883305986
12710.0,2011-06-09,17.413194444444443,1,718.96,17.413194444444443,0.0,1,1.0,1.0,0.02566206743073328,0.42520243037622024
12712.0,2011-06-09,16.34861111111111,6,299.47499999999997,147.50972222222222,19.926388888888887,0,2.0,0.3333333333333333,0.06497481704093273,0.08983515126092986
12714.0,2011-06-09,22.605555555555554,2,880.96,110.54652777777778,87.94097222222223,0,0.0,0.0,0.0,0.27924528133155313
12717.0,2011-06-09,61.56111111111111,1,609.74,61.56111111111111,0.0,1,0.0,0.0,0.0,0.4953105444940129
12720.0,2011-06-09,8.447916666666666,9,207.59777777777776,173.4611111111111,21.00486111111111,0,2.0,0.2222222222222222,0.012818591507081001,0.05947232015729363
12721.0,2011-06-09,62.453472222222224,3,369.2733333333333,170.51527777777778,54.030902777777776,0,0.0,0.0,0.0,0.210293385424721
12724.0,2011-06-09,148.375,1,154.9,148.375,0.0,1,0.0,0.0,0.0,0.5954327007662681
12726.0,2011-06-09,0.5763888888888888,5,293.464,173.4611111111111,45.938541666666666,0,0.0,0.0,0.0,0.09246824811345192
12727.0,2011-06-09,3.354861111111111,5,560.08,136.36319444444445,19.433680555555554,0,2.0,0.4,0.011784030852735322,0.07888588271514838
12728.0,2011-06-09,73.45347222222222,3,205.76999999999998,148.43680555555557,37.49166666666667,0,0.0,0.0,0.0,0.28670800510967454
12731.0,2011-06-09,28.37013888888889,5,1431.6380000000001,128.58541666666667,20.596527777777776,0,1.0,0.2,0.012014210296178225,0.10292285245620673
12733.0,2011-06-09,50.32013888888889,1,383.95,50.32013888888889,0.0,1,0.0,0.0,0.0,0.5229794913341865
12734.0,2011-06-09,168.4673611111111,1,110.39999999999999,168.4673611111111,0.0,1,0.0,0.0,0.0,0.6188945698776067
12735.0,2011-06-09,131.4326388888889,2,389.78499999999997,153.3986111111111,21.965972222222224,0,0.0,0.0,0.0,0.4000388247651464
12736.0,2011-06-09,148.66875,1,234.0,148.66875,0.0,1,0.0,0.0,0.0,0.5700431835666064
12744.0,2011-06-09,64.54305555555555,4,2565.6625,134.44027777777777,0.9125,0,2.0,0.5,0.5934958319732233,0.11989277212049192
12747.0,2011-06-09,14.585416666666667,5,346.568,177.5548611111111,39.0875,0,0.0,0.0,0.0,0.09488658901658086
12748.0,2011-06-09,0.38958333333333334,68,95.40455882352941,177.33263888888888,0.8506944444444444,0,3.0,0.04411764705882353,0.03391285716707951,0.022157443152076493
12749.0,2011-06-09,29.35763888888889,1,859.1,29.35763888888889,0.0,1,1.0,1.0,0.08962868117797695,0.42023500285680526
12753.0,2011-06-09,64.41944444444445,4,3235.1275,178.51111111111112,33.889583333333334,0,3.0,0.75,0.018442858898142345,0.0690371530299234
12754.0,2011-06-09,51.625,3,1003.5799999999999,124.56180555555555,36.46840277777778,0,2.0,0.6666666666666666,0.020466729109786967,0.16730406094068398
12755.0,2011-06-09,96.47083333333333,1,17.549999999999997,96.47083333333333,0.0,1,2.0,2.0,91.66666666666667,0.9999582164129336
12757.0,2011-06-09,1.3972222222222221,6,740.9050000000001,27.207638888888887,0.1388888888888889,0,5.0,0.8333333333333334,0.8130597040106357,0.1571895210599054
12758.0,2011-06-09,92.49652777777777,1,1570.19,92.49652777777777,0.0,1,0.0,0.0,0.0,0.44024014302253195
12759.0,2011-06-09,91.66041666666666,1,444.8,91.66041666666666,0.0,1,0.0,0.0,0.0,0.5203597660897062
12764.0,2011-06-09,132.5701388888889,1,1693.88,132.5701388888889,0.0,1,0.0,0.0,0.0,0.4420338262318412
12766.0,2011-06-09,56.447916666666664,3,955.4733333333334,150.3361111111111,46.944097222222226,0,0.0,0.0,0.0,0.1885657473650964
12769.0,2011-06-09,54.56597222222222,1,1143.6,54.56597222222222,0.0,1,0.0,0.0,0.0,0.45409260742915186
12770.0,2011-06-09,26.602083333333333,1,1351.45,26.602083333333333,0.0,1,0.0,0.0,0.0,0.4389928583996031
12775.0,2011-06-09,5.675,4,291.17,127.42708333333333,48.952083333333334,0,1.0,0.25,0.02987945186660713,0.15062879196510365
12778.0,2011-06-09,75.37430555555555,3,136.02,128.39236111111111,26.509027777777778,0,0.0,0.0,0.0,0.3466753791656882
12779.0,2011-06-09,5.557638888888889,6,458.5416666666667,142.5576388888889,20.8125,0,3.0,0.5,0.0339118582462517,0.06745175515766486
12781.0,2011-06-09,100.63680555555555,1,549.26,100.63680555555555,0.0,1,1.0,1.0,0.10470451152459673,0.46103471328113754
12782.0,2011-06-09,69.475,3,520.9833333333333,173.52083333333334,52.022916666666674,0,1.0,0.3333333333333333,0.03685338622476727,0.18050949216214424
12787.0,2011-06-09,8.6,1,158.1,8.6,0.0,1,0.0,0.0,0.0,0.5721443253425857
12790.0,2011-06-09,8.406944444444445,1,324.92,8.406944444444445,0.0,1,0.0,0.0,0.0,0.526759446285345
12792.0,2011-06-09,72.51666666666667,1,400.53999999999996,72.51666666666667,0.0,1,0.0,0.0,0.0,0.5239083978178212
12793.0,2011-06-09,150.49166666666667,1,413.68,150.49166666666667,0.0,1,0.0,0.0,0.0,0.5345315656904022
12802.0,2011-06-09,2.6,1,427.58,2.6,0.0,1,0.0,0.0,0.0,0.5083203637186186
12808.0,2011-06-09,0.48541666666666666,1,151.95000000000002,0.48541666666666666,0.0,1,0.0,0.0,0.0,0.573305331827068
12811.0,2011-06-09,76.59583333333333,3,171.61666666666667,100.34791666666666,11.876041666666666,0,0.0,0.0,0.0,0.3863105230454062
12815.0,2011-06-09,14.434722222222222,1,615.36,14.434722222222222,0.0,1,0.0,0.0,0.0,0.48700974747288334
12817.0,2011-06-09,97.31388888888888,1,166.04,97.31388888888888,0.0,1,0.0,0.0,0.0,0.5832198673679834
12818.0,2011-06-09,77.49583333333334,1,1542.08,77.49583333333334,0.0,1,0.0,0.0,0.0,0.4389309661164928
12820.0,2011-06-09,142.4763888888889,1,170.46,142.4763888888889,0.0,1,0.0,0.0,0.0,0.5886622902063019
12821.0,2011-06-09,30.339583333333334,1,92.72,30.339583333333334,0.0,1,0.0,0.0,0.0,0.6082661807194254
12823.0,2011-06-09,70.55833333333334,3,331.5,112.48958333333333,20.965625,0,0.0,0.0,0.0,0.31494417502985084
12826.0,2011-06-09,132.49583333333334,2,271.05,140.4638888888889,7.968055555555556,0,0.0,0.0,0.0,0.43624349666908274
12829.0,2011-06-09,152.5326388888889,2,146.5,176.37916666666666,23.846527777777776,0,1.0,0.5,0.1363481228668942,0.4307720322137872
12831.0,2011-06-09,78.45694444444445,1,215.05,78.45694444444445,0.0,1,0.0,0.0,0.0,0.564154798534335
12834.0,2011-06-09,98.59097222222222,1,312.38,98.59097222222222,0.0,1,0.0,0.0,0.0,0.5439116990572439
12836.0,2011-06-09,35.36944444444445,2,830.7,127.52847222222222,92.15902777777778,0,0.0,0.0,0.0,0.28063589439084213
12839.0,2011-06-09,14.404166666666667,3,331.0933333333333,173.26875,79.43229166666666,0,1.0,0.3333333333333333,0.003322326030927835,0.13423002902047454
12840.0,2011-06-09,30.40972222222222,2,788.9849999999999,42.485416666666666,12.075694444444444,0,2.0,1.0,0.007921570118570061,0.2798718020254036
12841.0,2011-06-09,38.4625,10,143.374,153.41944444444445,11.896527777777777,0,0.0,0.0,0.0,0.12431487680107985
12842.0,2011-06-09,124.475,1,310.73,124.475,0.0,1,0.0,0.0,0.0,0.5484178136370793
12843.0,2011-06-09,2.395138888888889,4,267.8775,80.39027777777778,27.14375,0,0.0,0.0,0.0,0.2241189521541898
12845.0,2011-06-09,83.43472222222222,4,88.5225,106.40972222222223,2.004861111111111,0,0.0,0.0,0.0,0.3872189257466875
12849.0,2011-06-09,84.48194444444445,1,668.8499999999999,84.48194444444445,0.0,1,0.0,0.0,0.0,0.49316122039390553
12852.0,2011-06-09,110.63402777777777,1,311.55,110.63402777777777,0.0,1,1.0,1.0,0.03787514042689777,0.49425508018739706
12853.0,2011-06-09,55.47013888888889,3,295.0,131.5638888888889,38.046875,0,2.0,0.6666666666666666,0.02531073446327684,0.21173772092155482
12854.0,2011-06-09,57.40486111111111,2,405.185,134.43402777777777,77.02916666666667,0,2.0,1.0,0.043622049187408224,0.2680514579910418
12857.0,2011-06-09,26.569444444444443,2,553.2,118.47777777777777,91.90833333333333,0,0.0,0.0,0.0,0.3010513712985262
12866.0,2011-06-09,99.40902777777778,1,559.12,99.40902777777778,0.0,1,0.0,0.0,0.0,0.5070468793748824
12867.0,2011-06-09,30.351388888888888,4,432.34749999999997,176.30625,49.016666666666666,0,1.0,0.25,0.004770468199769861,0.10987516135019941
12868.0,2011-06-09,1.5541666666666667,5,280.75200000000007,147.35763888888889,40.28888888888889,0,0.0,0.0,0.0,0.11801221805191373
12871.0,2011-06-09,23.43611111111111,1,132.0,23.43611111111111,0.0,1,0.0,0.0,0.0,0.5856747320882013
12872.0,2011-06-09,142.54722222222222,1,221.44,142.54722222222222,0.0,1,0.0,0.0,0.0,0.5725089514084962
12873.0,2011-06-09,98.37638888888888,1,374.0,98.37638888888888,0.0,1,0.0,0.0,0.0,0.5324748757128538
12875.0,2011-06-09,178.49791666666667,1,293.76000000000005,178.49791666666667,0.0,1,0.0,0.0,0.0,0.5605697769384995
12876.0,2011-06-09,12.434722222222222,1,726.43,12.434722222222222,0.0,1,0.0,0.0,0.0,0.4760932190999835
12877.0,2011-06-09,16.584722222222222,7,97.43428571428572,174.48402777777778,29.96388888888889,0,0.0,0.0,0.0,0.1112941360342324
12878.0,2011-06-09,52.453472222222224,2,427.495,82.41527777777777,29.961805555555557,0,0.0,0.0,0.0,0.37437908317835794
12881.0,2011-06-09,91.5111111111111,1,298.0,91.5111111111111,0.0,1,0.0,0.0,0.0,0.5457453035562287
12886.0,2011-06-09,35.52708333333333,1,775.0,35.52708333333333,0.0,1,1.0,1.0,0.03523870967741936,0.4240477025532673
12888.0,2011-06-09,30.331944444444446,2,177.06,71.3951388888889,41.06319444444444,0,2.0,1.0,0.11394442561843442,0.34305342906375313
12891.0,2011-06-09,1.4784722222222222,3,110.33333333333333,108.52222222222223,53.521875,0,0.0,0.0,0.0,0.25897841345856254
12897.0,2011-06-09,20.490972222222222,2,108.25,117.51388888888889,97.02291666666666,0,0.0,0.0,0.0,0.38927878481872746
12901.0,2011-06-09,0.46041666666666664,12,671.8166666666667,86.55486111111111,10.018055555555556,0,3.0,0.25,0.027209804262075466,0.07728625998244631
12902.0,2011-06-09,80.49583333333334,1,138.68,80.49583333333334,0.0,1,0.0,0.0,0.0,0.5916507836232338
12908.0,2011-06-09,128.47430555555556,1,318.0,128.47430555555556,0.0,1,1.0,1.0,1.2264150943396226,0.5747731784816272
12909.0,2011-06-09,17.505555555555556,3,509.45666666666665,69.46458333333334,25.97951388888889,0,2.0,0.6666666666666666,0.027774688066371366,0.21574503670893166
12910.0,2011-06-09,13.574305555555556,3,380.8333333333333,57.58263888888889,22.004166666666666,0,0.0,0.0,0.0,0.29592441283443155
12913.0,2011-06-09,98.54930555555555,2,224.385,117.42083333333333,18.87152777777778,0,0.0,0.0,0.0,0.43191293056708524
12916.0,2011-06-09,17.555555555555557,3,750.5266666666666,136.5534722222222,59.498958333333334,0,1.0,0.3333333333333333,0.01057035503957221,0.14641098783889978
12921.0,2011-06-09,0.49722222222222223,13,414.1169230769231,154.54166666666666,3.884027777777778,0,9.0,0.6923076923076923,0.02420349511100544,0.01961054225594961
12924.0,2011-06-09,14.434027777777779,3,218.42333333333332,143.5076388888889,64.53680555555556,0,1.0,0.3333333333333333,0.005722831809788331,0.1777448509118992
12928.0,2011-06-09,57.552083333333336,2,390.02,175.34375,117.79166666666667,0,0.0,0.0,0.0,0.3027076743194777
12929.0,2011-06-09,127.49444444444444,1,117.85,127.49444444444444,0.0,1,0.0,0.0,0.0,0.6088078413306848
12931.0,2011-06-09,19.580555555555556,7,560.1,173.59375,29.040972222222223,0,1.0,0.14285714285714285,0.020914632591118934,0.06931696520723947
12933.0,2011-06-09,99.52083333333333,1,110.75,99.52083333333333,0.0,1,1.0,1.0,0.011286681715575621,0.5561811199797446
12935.0,2011-06-09,19.47361111111111,2,433.115,135.41805555555555,115.94444444444444,0,1.0,0.5,0.004906318183392402,0.26021358411613293
12937.0,2011-06-09,13.404861111111112,2,214.115,83.40347222222222,69.99861111111112,0,0.0,0.0,0.0,0.372496433896503
12939.0,2011-06-09,89.30347222222223,3,2409.44,150.52777777777777,30.61215277777778,0,0.0,0.0,0.0,0.1947396788405089
12942.0,2011-06-09,13.530555555555555,1,137.77,13.530555555555555,0.0,1,0.0,0.0,0.0,0.5814599767108944
12944.0,2011-06-09,170.5548611111111,1,286.95,170.5548611111111,0.0,1,0.0,0.0,0.0,0.5607775319330116
12945.0,2011-06-09,104.40625,1,462.95,104.40625,0.0,1,0.0,0.0,0.0,0.5198935559424949
12947.0,2011-06-09,50.580555555555556,2,365.615,152.59722222222223,102.01666666666667,0,4.0,2.0,0.24581868905816226,0.20438498457619803
12948.0,2011-06-09,30.574305555555554,3,295.42,80.57152777777777,24.99861111111111,0,0.0,0.0,0.0,0.30204502059910576
12949.0,2011-06-09,22.438194444444445,3,750.2333333333332,68.44444444444444,23.003125,0,2.0,0.6666666666666666,0.010752210423423824,0.20682334201928665
12951.0,2011-06-09,20.208333333333332,4,156.22000000000003,146.56041666666667,44.41041666666667,0,1.0,0.25,0.013602611701446677,0.16058080881979983
12955.0,2011-06-09,19.59236111111111,3,232.47333333333333,83.62291666666667,32.015277777777776,0,0.0,0.0,0.0,0.2903907446725281
12956.0,2011-06-09,122.32777777777778,1,108.07,122.32777777777778,0.0,1,0.0,0.0,0.0,0.6132269190678785
12957.0,2011-06-09,2.428472222222222,4,428.8225,155.4875,51.833333333333336,0,2.0,0.5,0.00924041998729078,0.09063884913842614
12967.0,2011-06-09,174.20138888888889,1,292.5,174.20138888888889,0.0,1,1.0,1.0,0.10239316239316239,0.5130818322865175
12970.0,2011-06-09,138.40208333333334,2,11.899999999999999,138.4138888888889,0.011805555555555555,0,0.0,0.0,0.0,0.6362986682673477
12971.0,2011-06-09,6.288888888888889,38,120.81973684210527,173.5,4.003472222222222,0,2.0,0.05263157894736842,0.008603508924779195,0.03354903933065788
12974.0,2011-06-09,13.602083333333333,1,144.8,13.602083333333333,0.0,1,0.0,0.0,0.0,0.5783958108022715
12976.0,2011-06-09,27.586805555555557,1,738.6,27.586805555555557,0.0,1,0.0,0.0,0.0,0.47750710349115966
12980.0,2011-06-09,3.5569444444444445,7,779.8542857142858,174.51666666666668,24.978125,0,1.0,0.14285714285714285,0.012777112207775079,0.05165857804579941
12982.0,2011-06-09,58.50625,1,390.54,58.50625,0.0,1,1.0,1.0,0.03415783274440518,0.471029388713887
12987.0,2011-06-09,13.5,1,304.3,13.5,0.0,1,1.0,1.0,0.045021360499507064,0.48029862018789393
12988.0,2011-06-09,108.3951388888889,1,505.82,108.3951388888889,0.0,1,0.0,0.0,0.0,0.5149046605283236
12989.0,2011-06-09,16.375,6,520.9066666666666,143.46944444444443,29.07986111111111,0,2.0,0.3333333333333333,0.002015716187160848,0.0864581397328822
12990.0,2011-06-09,1.3979166666666667,2,131.95,126.34791666666666,124.95,0,0.0,0.0,0.0,0.3488316462765698
12993.0,2011-06-09,23.56388888888889,2,87.65,114.39652777777778,90.8326388888889,0,0.0,0.0,0.0,0.40851258069428076
12994.0,2011-06-09,84.6451388888889,1,352.6,84.6451388888889,0.0,1,1.0,1.0,0.10266591038003403,0.4864834945826308
12997.0,2011-06-09,52.456944444444446,2,304.235,133.34097222222223,80.88402777777777,0,2.0,1.0,0.041415353263102535,0.2787636528813199
12999.0,2011-06-09,12.441666666666666,3,151.96,61.56527777777778,24.56180555555556,0,0.0,0.0,0.0,0.33775265293444356
13000.0,2011-06-09,75.5736111111111,1,256.78,75.5736111111111,0.0,1,0.0,0.0,0.0,0.5525619451753331
13001.0,2011-06-09,0.4722222222222222,10,781.25,142.46875,12.970833333333333,0,2.0,0.2,0.0026752,0.050060124411651793
13002.0,2011-06-09,134.3625,1,120.94999999999999,134.3625,0.0,1,0.0,0.0,0.0,0.6082901912296357
13003.0,2011-06-09,30.650694444444444,1,59.050000000000004,30.650694444444444,0.0,1,0.0,0.0,0.0,0.6350247546821128
13004.0,2011-06-09,30.48263888888889,7,349.71714285714285,173.65277777777777,21.533680555555556,0,2.0,0.2857142857142857,0.012908391271313144,0.07339141133636831
13005.0,2011-06-09,62.43611111111111,1,321.65,62.43611111111111,0.0,1,1.0,1.0,0.1391263796051609,0.49116942846609424
13008.0,2011-06-09,139.4,1,229.46999999999997,139.4,0.0,1,1.0,1.0,0.22225127467642833,0.5308757483618622
13012.0,2011-06-09,29.435416666666665,3,235.7966666666667,110.59513888888888,40.579861111111114,0,1.0,0.3333333333333333,0.007209601492811603,0.23670080884952335
13013.0,2011-06-09,28.490972222222222,2,421.975,64.57083333333334,36.079861111111114,0,0.0,0.0,0.0,0.3657957023032257
13014.0,2011-06-09,36.40555555555556,3,442.6766666666667,97.23055555555555,30.412499999999998,0,3.0,1.0,0.026392476073582673,0.18846317730161638
13015.0,2011-06-09,13.315972222222221,4,440.76,65.39722222222223,3.734722222222222,0,0.0,0.0,0.0,0.224428268062094
13018.0,2011-06-09,12.447222222222223,11,333.99636363636364,111.53819444444444,10.450694444444444,0,1.0,0.09090909090909091,0.0013473200579211533,0.10217327129397616
13021.0,2011-06-09,31.481944444444444,3,255.0,174.575,71.54652777777778,0,1.0,0.3333333333333333,0.008823529411764706,0.15906641675685468
13026.0,2011-06-09,36.547916666666666,2,121.85999999999999,91.51736111111111,54.96944444444444,0,0.0,0.0,0.0,0.4248701141227079
13027.0,2011-06-09,49.59166666666667,3,1280.0,170.46875,60.438541666666666,0,0.0,0.0,0.0,0.14870230212789415
13029.0,2011-06-09,169.42152777777778,1,382.5,169.42152777777778,0.0,1,0.0,0.0,0.0,0.5425384296324021
13033.0,2011-06-09,173.40069444444444,1,190.55,173.40069444444444,0.0,1,0.0,0.0,0.0,0.5866121827368073
13035.0,2011-06-09,76.61041666666667,1,333.0,76.61041666666667,0.0,1,0.0,0.0,0.0,0.5363055774632361
13037.0,2011-06-09,35.35208333333333,2,288.65999999999997,72.34583333333333,36.99375,0,0.0,0.0,0.0,0.3888227230937609
13038.0,2011-06-09,106.51180555555555,1,395.1,106.51180555555555,0.0,1,0.0,0.0,0.0,0.5303128831790098
13043.0,2011-06-09,89.38055555555556,1,516.42,89.38055555555556,0.0,1,1.0,1.0,0.08684791448820726,0.461891365201493
13044.0,2011-06-09,107.36111111111111,1,560.47,107.36111111111111,0.0,1,0.0,0.0,0.0,0.5081955607933425
13046.0,2011-06-09,82.34513888888888,1,197.72,82.34513888888888,0.0,1,0.0,0.0,0.0,0.570020751068664
13047.0,2011-06-09,35.40902777777778,3,435.01666666666665,125.45416666666667,45.02256944444444,0,2.0,0.6666666666666666,0.013792574997126548,0.17688881824425898
13048.0,2011-06-09,54.43680555555556,2,461.71000000000004,143.39166666666668,88.95486111111111,0,0.0,0.0,0.0,0.3174139010379555
13049.0,2011-06-09,134.31041666666667,1,153.78,134.31041666666667,0.0,1,0.0,0.0,0.0,0.5937048546171918
13050.0,2011-06-09,1.4326388888888888,9,347.90222222222224,176.5888888888889,15.542361111111111,0,6.0,0.6666666666666666,0.030596080635683077,0.02834887011452633
13052.0,2011-06-09,28.408333333333335,1,348.15000000000003,28.408333333333335,0.0,1,0.0,0.0,0.0,0.5256322503323951
13055.0,2011-06-09,29.62638888888889,1,344.86,29.62638888888889,0.0,1,0.0,0.0,0.0,0.5264348703361603
13059.0,2011-06-09,65.55555555555556,1,183.4,65.55555555555556,0.0,1,0.0,0.0,0.0,0.572026677631269
13060.0,2011-06-09,69.51597222222222,1,307.53,69.51597222222222,0.0,1,0.0,0.0,0.0,0.5401955362495909
13062.0,2011-06-09,7.366666666666666,1,346.98,7.366666666666666,0.0,1,0.0,0.0,0.0,0.522411351389534
13064.0,2011-06-09,143.4298611111111,1,203.3,143.4298611111111,0.0,1,0.0,0.0,0.0,0.5779491665942851
13068.0,2011-06-09,135.65277777777777,1,165.0,135.65277777777777,0.0,1,0.0,0.0,0.0,0.5896004509364423
13069.0,2011-06-09,5.593055555555556,13,180.48153846153843,177.54305555555555,10.486458333333333,0,2.0,0.15384615384615385,0.17659594418350907,0.04832844549226311
13070.0,2011-06-09,8.427083333333334,1,228.8,8.427083333333334,0.0,1,0.0,0.0,0.0,0.5489718175946277
13072.0,2011-06-09,82.65833333333333,1,177.15,82.65833333333333,0.0,1,0.0,0.0,0.0,0.576899189358689
13077.0,2011-06-09,106.32013888888889,2,131.235,106.32291666666667,0.002777777777777778,0,0.0,0.0,0.0,0.48566876232591155
13078.0,2011-06-09,16.49375,9,439.19666666666666,175.58958333333334,20.430208333333333,0,8.0,0.8888888888888888,0.03113006828123063,0.02624805841574767
13081.0,2011-06-09,33.65972222222222,5,2419.346,153.3048611111111,35.32604166666667,0,4.0,0.8,0.021861279866542446,0.05730890836787853
13082.0,2011-06-09,51.510416666666664,5,392.036,154.34583333333333,17.05972222222222,0,1.0,0.2,0.009259353732820455,0.13244547045105945
13085.0,2011-06-09,111.41875,1,278.1,111.41875,0.0,1,1.0,1.0,0.5167206040992448,0.53393782357627
13089.0,2011-06-09,1.507638888888889,51,514.442156862745,177.36666666666667,1.9670138888888888,0,13.0,0.2549019607843137,0.04760725019105027,0.005711266269931155
13090.0,2011-06-09,54.56458333333333,4,525.8,145.48541666666668,27.99513888888889,0,2.0,0.5,0.08274534043362497,0.1447851320316286
13092.0,2011-06-09,27.568055555555556,4,109.9375,175.48125,49.93819444444444,0,1.0,0.25,0.04093234792495736,0.14722560230077117
13093.0,2011-06-09,91.49027777777778,7,1004.7242857142857,174.59444444444443,15.959375000000001,0,5.0,0.7142857142857143,0.012938873066811506,0.07564847900208453
13094.0,2011-06-09,7.4847222222222225,7,124.20000000000002,155.5576388888889,16.474305555555556,0,3.0,0.42857142857142855,0.014630779848171151,0.07501036201424194
13097.0,2011-06-09,49.428472222222226,5,600.432,176.3659722222222,29.508680555555557,0,1.0,0.2,0.0029645322034801613,0.10255612558310419
13098.0,2011-06-09,1.475,9,859.4411111111111,133.42638888888888,13.604513888888889,0,8.0,0.8888888888888888,0.022636157606299702,0.028209533659815787
13101.0,2011-06-09,50.390972222222224,1,101.19,50.390972222222224,0.0,1,0.0,0.0,0.0,0.6061211900899953
13102.0,2011-06-09,14.599305555555556,14,246.59571428571425,176.42777777777778,10.151388888888889,0,3.0,0.21428571428571427,0.025432025814375175,0.04183255160286546
13104.0,2011-06-09,83.43958333333333,2,106.86,170.5013888888889,87.06180555555555,0,0.0,0.0,0.0,0.4096007323050935
13107.0,2011-06-09,149.48055555555555,1,566.84,149.48055555555555,0.0,1,1.0,1.0,0.013319455225460448,0.4609143771513547
13110.0,2011-06-09,73.32777777777778,3,244.16333333333333,127.35833333333333,27.015277777777776,0,1.0,0.3333333333333333,0.04887438736365001,0.2834075270872486
13113.0,2011-06-09,8.535416666666666,15,565.546,147.45138888888889,9.036805555555556,0,11.0,0.7333333333333333,0.1152809261610314,0.017438259696323326
13115.0,2011-06-09,0.3229166666666667,1,878.55,0.3229166666666667,0.0,1,2.0,2.0,0.010927095782823972,0.35740110825970206
13117.0,2011-06-09,33.552083333333336,4,90.805,135.34166666666667,39.06875,0,0.0,0.0,0.0,0.2439305973585119
13118.0,2011-06-09,24.443055555555556,3,266.56666666666666,104.47777777777777,40.017361111111114,0,1.0,0.3333333333333333,0.016768788295610855,0.23253786421587413
13120.0,2011-06-09,54.57013888888889,1,30.599999999999998,54.57013888888889,0.0,1,0.0,0.0,0.0,0.6754923168877573
13121.0,2011-06-09,85.30069444444445,1,283.73,85.30069444444445,0.0,1,1.0,1.0,0.10220984739012441,0.5004211812156505
13122.0,2011-06-09,56.40833333333333,1,903.67,56.40833333333333,0.0,1,0.0,0.0,0.0,0.4693614058064721
13124.0,2011-06-09,68.37638888888888,2,1258.2350000000001,175.375,106.99861111111112,0,0.0,0.0,0.0,0.25287139454311597
13126.0,2011-06-09,69.30555555555556,3,284.66,154.6173611111111,42.655902777777776,0,1.0,0.3333333333333333,0.02740111009625518,0.2282644315501435
13131.0,2011-06-09,3.5458333333333334,1,324.9,3.5458333333333334,0.0,1,0.0,0.0,0.0,0.5259699143823664
13132.0,2011-06-09,77.46944444444445,1,77.3,77.46944444444445,0.0,1,0.0,0.0,0.0,0.6263515229297176
13133.0,2011-06-09,89.56180555555555,2,54.900000000000006,120.34166666666667,30.77986111111111,0,0.0,0.0,0.0,0.507558456221487
13134.0,2011-06-09,50.30763888888889,2,262.85,56.46041666666667,6.152777777777778,0,2.0,1.0,0.06838501046224083,0.35180709007425215
13135.0,2011-06-09,12.547222222222222,1,3096.0,12.547222222222222,0.0,1,0.0,0.0,0.0,0.3853909121128782
13136.0,2011-06-09,28.46736111111111,1,574.46,28.46736111111111,0.0,1,1.0,1.0,0.002872262646659471,0.4395557886160629
13137.0,2011-06-09,68.51805555555555,2,423.72,124.50416666666666,55.986111111111114,0,0.0,0.0,0.0,0.3534923421245426
13138.0,2011-06-09,56.58402777777778,1,193.62,56.58402777777778,0.0,1,0.0,0.0,0.0,0.5672135940736259
13139.0,2011-06-09,31.33125,2,585.01,75.50208333333333,44.170833333333334,0,0.0,0.0,0.0,0.33980226103115213
13141.0,2011-06-09,30.352083333333333,4,350.2575,131.45555555555555,20.25138888888889,0,1.0,0.25,0.0021055937417471435,0.14838410938513386
13144.0,2011-06-09,148.53125,1,110.95,148.53125,0.0,1,0.0,0.0,0.0,0.615613653770744
13148.0,2011-06-09,48.636805555555554,5,293.996,129.425,14.491319444444445,0,2.0,0.4,0.1369814555300072,0.157606975574277
13149.0,2011-06-09,105.41875,1,376.74,105.41875,0.0,1,0.0,0.0,0.0,0.5331552368695688
13151.0,2011-06-09,111.4798611111111,1,1257.8700000000001,111.4798611111111,0.0,1,1.0,1.0,0.005962460349638674,0.40426507785771176
13155.0,2011-06-09,142.52708333333334,1,189.5,142.52708333333334,0.0,1,0.0,0.0,0.0,0.5821526754881158
13157.0,2011-06-09,57.41388888888889,2,248.97,114.41458333333334,57.00069444444444,0,1.0,0.5,0.039462585853717314,0.34628250127872284
13158.0,2011-06-09,134.5847222222222,1,256.40999999999997,134.5847222222222,0.0,1,0.0,0.0,0.0,0.5621038485369029
13161.0,2011-06-09,129.41458333333333,1,112.75,129.41458333333333,0.0,1,0.0,0.0,0.0,0.6117601965774605
13162.0,2011-06-09,0.3486111111111111,3,435.1466666666667,150.5534722222222,75.10243055555556,0,1.0,0.3333333333333333,0.033168893246721405,0.1336568963143046
13165.0,2011-06-09,167.4125,1,354.64,167.4125,0.0,1,0.0,0.0,0.0,0.546982841971414
13166.0,2011-06-09,99.3638888888889,1,417.2,99.3638888888889,0.0,1,1.0,1.0,0.005992329817833174,0.47162740009673304
13168.0,2011-06-09,15.419444444444444,3,317.68666666666667,134.42013888888889,59.50034722222222,0,1.0,0.3333333333333333,0.009495729544834533,0.17546222668377448
13169.0,2011-06-09,68.4,1,505.2,68.4,0.0,1,0.0,0.0,0.0,0.5084396852537777
13171.0,2011-06-09,115.40555555555555,1,140.35,115.40555555555555,0.0,1,0.0,0.0,0.0,0.5963581290093278
13174.0,2011-06-09,132.35,1,665.0,132.35,0.0,1,0.0,0.0,0.0,0.5013876589774077
13178.0,2011-06-09,19.568055555555556,5,543.8399999999999,176.48472222222222,40.53784722222222,0,0.0,0.0,0.0,0.09223913806585429
13183.0,2011-06-09,24.468055555555555,3,509.02666666666664,150.54861111111111,63.040277777777774,0,0.0,0.0,0.0,0.17234848880003523
13184.0,2011-06-09,0.4736111111111111,5,183.994,106.27430555555556,27.936805555555555,0,1.0,0.2,0.024457319260410663,0.15815244299087333
13185.0,2011-06-09,83.50277777777778,1,71.4,83.50277777777778,0.0,1,0.0,0.0,0.0,0.6319246620172931
13187.0,2011-06-09,153.21041666666667,1,236.02,153.21041666666667,0.0,1,0.0,0.0,0.0,0.5702246479937123
13192.0,2011-06-09,21.377083333333335,1,464.32,21.377083333333335,0.0,1,0.0,0.0,0.0,0.5061303200319929
13196.0,2011-06-09,78.4,1,512.13,78.4,0.0,1,0.0,0.0,0.0,0.5092072771840497
13198.0,2011-06-09,65.58680555555556,3,695.9166666666666,177.60486111111112,56.009027777777774,0,1.0,0.3333333333333333,0.005244880852592504,0.15996644498727974
13199.0,2011-06-09,13.410416666666666,15,218.09866666666667,174.39930555555554,11.421180555555555,0,0.0,0.0,0.0,0.059526514783331076
13203.0,2011-06-09,58.388888888888886,1,165.71,58.388888888888886,0.0,1,0.0,0.0,0.0,0.5771850064267445
13208.0,2011-06-09,22.48263888888889,3,231.32000000000002,125.18611111111112,51.35173611111111,0,0.0,0.0,0.0,0.2330961699955291
13209.0,2011-06-09,43.53888888888889,3,787.48,177.56180555555557,67.01145833333334,0,2.0,0.6666666666666666,0.023408001896344458,0.11756285092126287
13211.0,2011-06-09,177.3215277777778,1,110.7,177.3215277777778,0.0,1,0.0,0.0,0.0,0.6200496572890112
13213.0,2011-06-09,15.352083333333333,2,207.64000000000001,15.484722222222222,0.1326388888888889,0,0.0,0.0,0.0,0.4415987644792813
13216.0,2011-06-09,83.4875,1,333.74,83.4875,0.0,1,0.0,0.0,0.0,0.5372808928471106
13220.0,2011-06-09,1.5347222222222223,3,242.16333333333333,52.54236111111111,25.503819444444446,0,0.0,0.0,0.0,0.30704272397034005
13221.0,2011-06-09,56.293055555555554,2,423.70500000000004,175.44166666666666,119.14861111111111,0,0.0,0.0,0.0,0.29696656186898607
13223.0,2011-06-09,16.45625,2,81.60000000000001,48.36388888888889,31.90763888888889,0,0.0,0.0,0.0,0.4694180450127535
13225.0,2011-06-09,12.473611111111111,4,935.47,177.59097222222223,67.7701388888889,0,1.0,0.25,0.10176702620073332,0.08716852839733369
13226.0,2011-06-09,89.39236111111111,1,108.21000000000001,89.39236111111111,0.0,1,0.0,0.0,0.0,0.6081122528691623
13227.0,2011-06-09,17.509027777777778,1,257.7,17.509027777777778,0.0,1,0.0,0.0,0.0,0.5429381679445785
13229.0,2011-06-09,41.49513888888889,1,160.95,41.49513888888889,0.0,1,0.0,0.0,0.0,0.5763012163288426
13230.0,2011-06-09,17.522222222222222,8,208.7725,136.43541666666667,12.91388888888889,0,0.0,0.0,0.0,0.1183224025077626
13232.0,2011-06-09,12.440277777777778,3,224.96666666666667,59.425,23.49236111111111,0,0.0,0.0,0.0,0.3194021885641896
13233.0,2011-06-09,152.3826388888889,1,304.24,152.3826388888889,0.0,1,0.0,0.0,0.0,0.5542185422661235
13235.0,2011-06-09,28.28263888888889,1,1031.07,28.28263888888889,0.0,1,1.0,1.0,0.9018786309367939,0.4631388739671369
13238.0,2011-06-09,176.39097222222222,1,91.15,176.39097222222222,0.0,1,0.0,0.0,0.0,0.6313771804448325
13239.0,2011-06-09,77.56597222222223,1,329.56,77.56597222222223,0.0,1,0.0,0.0,0.0,0.5371188933175356
13240.0,2011-06-09,73.35208333333334,1,218.34,73.35208333333334,0.0,1,0.0,0.0,0.0,0.5623872685719611
13242.0,2011-06-09,29.480555555555554,2,52.0,29.481944444444444,0.001388888888888889,0,0.0,0.0,0.0,0.5316029339944472
13243.0,2011-06-09,19.448611111111113,1,585.12,19.448611111111113,0.0,1,0.0,0.0,0.0,0.4910474335743302
13246.0,2011-06-09,22.47361111111111,4,406.51,146.43333333333334,33.79236111111111,0,0.0,0.0,0.0,0.14067851481969534
13248.0,2011-06-09,5.454861111111111,1,387.46999999999997,5.454861111111111,0.0,1,0.0,0.0,0.0,0.5150689835044885
13249.0,2011-06-09,77.35694444444445,1,291.84000000000003,77.35694444444445,0.0,1,0.0,0.0,0.0,0.5447773794161291
13253.0,2011-06-09,155.3451388888889,1,476.48,155.3451388888889,0.0,1,0.0,0.0,0.0,0.5263589155528013
13258.0,2011-06-09,21.450694444444444,1,198.87,21.450694444444444,0.0,1,0.0,0.0,0.0,0.5598919596363635
13261.0,2011-06-09,84.48472222222222,2,472.05,101.55486111111111,17.070138888888888,0,0.0,0.0,0.0,0.3854779710735066
13262.0,2011-06-09,79.37083333333334,1,200.29,79.37083333333334,0.0,1,0.0,0.0,0.0,0.568741658365956
13263.0,2011-06-09,7.351388888888889,15,229.36,141.31180555555557,6.908333333333333,0,0.0,0.0,0.0,0.07522256810503772
13265.0,2011-06-09,61.361805555555556,2,562.44,89.5875,28.225694444444443,0,0.0,0.0,0.0,0.36103398310353707
13266.0,2011-06-09,1.4354166666666666,6,304.405,72.5736111111111,14.859722222222222,0,4.0,0.6666666666666666,0.039289761994710994,0.12450271895176537
13267.0,2011-06-09,15.559027777777779,10,188.169,176.5125,14.20138888888889,0,4.0,0.4,0.03802432919343781,0.04677655583559689
13268.0,2011-06-09,14.518055555555556,5,362.068,83.44444444444444,17.077430555555555,0,3.0,0.6,0.021460057226819273,0.14672238420364717
13269.0,2011-06-09,34.294444444444444,4,423.4625,177.38055555555556,17.054166666666667,0,1.0,0.25,0.016914130531038758,0.09250298594658682
13280.0,2011-06-09,132.31319444444443,2,341.48,153.28472222222223,20.971527777777776,0,0.0,0.0,0.0,0.40926737228662224
13282.0,2011-06-09,36.49791666666667,1,344.70000000000005,36.49791666666667,0.0,1,1.0,1.0,0.007397737162750216,0.47356510396085294
13283.0,2011-06-09,1.4729166666666667,1,25.5,1.4729166666666667,0.0,1,0.0,0.0,0.0,0.6776674258348289
13284.0,2011-06-09,146.60902777777778,1,201.19,146.60902777777778,0.0,1,1.0,1.0,0.02505094686614643,0.5271012472549673
13285.0,2011-06-09,42.45625,2,586.635,106.28263888888888,63.826388888888886,0,0.0,0.0,0.0,0.3239992058485104
13292.0,2011-06-09,100.375,1,249.57,100.375,0.0,1,0.0,0.0,0.0,0.5583365310346975
13294.0,2011-06-09,5.629166666666666,2,436.87,65.47430555555556,59.84513888888889,0,0.0,0.0,0.0,0.33880512328275175
13295.0,2011-06-09,175.52708333333334,1,201.20000000000002,175.52708333333334,0.0,1,0.0,0.0,0.0,0.5835966050438246
13299.0,2011-06-09,84.46180555555556,1,142.5,84.46180555555556,0.0,1,0.0,0.0,0.0,0.5906067317634383
13301.0,2011-06-09,38.50347222222222,2,163.885,108.44930555555555,69.94583333333334,0,0.0,0.0,0.0,0.3925761887418928
13304.0,2011-06-09,167.39236111111111,1,300.42,167.39236111111111,0.0,1,0.0,0.0,0.0,0.5574035985341675
13305.0,2011-06-09,61.39861111111111,3,168.01666666666665,111.62638888888888,25.113888888888887,0,0.0,0.0,0.0,0.3373818870310529
13308.0,2011-06-09,19.449305555555554,1,814.95,19.449305555555554,0.0,1,1.0,1.0,0.02196453770169949,0.4174582984047744
13309.0,2011-06-09,22.469444444444445,2,273.32,124.4798611111111,102.01041666666667,0,0.0,0.0,0.0,0.33072897613678304
13310.0,2011-06-09,22.440277777777776,2,408.82500000000005,140.38194444444446,117.94166666666666,0,2.0,1.0,0.03889194643184737,0.23269989688177048
13313.0,2011-06-09,31.444444444444443,2,304.87,155.58333333333334,124.13888888888889,0,0.0,0.0,0.0,0.30696310909221436
13316.0,2011-06-09,70.4576388888889,1,1622.48,70.4576388888889,0.0,1,1.0,1.0,0.09999506927666289,0.38826078835154687
13317.0,2011-06-09,14.559027777777779,5,262.796,174.60972222222222,20.456249999999997,0,1.0,0.2,0.029079590252515258,0.08198667375812835
13319.0,2011-06-09,2.479861111111111,11,386.42,170.43958333333333,17.937847222222224,0,4.0,0.36363636363636365,0.014833130225708249,0.03578502519805057
13320.0,2011-06-09,29.5625,2,254.305,29.563194444444445,0.0006944444444444445,0,1.0,0.5,0.08257800672420912,0.3962458462472862
13324.0,2011-06-09,19.4125,7,542.7128571428572,176.59027777777777,19.553819444444446,0,1.0,0.14285714285714285,0.008647035133022197,0.06315712232260716
13327.0,2011-06-09,1.6291666666666667,3,375.7833333333333,111.59236111111112,54.98159722222222,0,0.0,0.0,0.0,0.2003513981606054
13328.0,2011-06-09,132.35972222222222,1,1308.48,132.35972222222222,0.0,1,0.0,0.0,0.0,0.4583109208381656
13330.0,2011-06-09,1.4875,2,364.11,131.57777777777778,130.09027777777777,0,0.0,0.0,0.0,0.28837600258302604
13334.0,2011-06-09,6.51875,2,1354.295,121.5125,114.99375,0,0.0,0.0,0.0,0.23581789960625588
13339.0,2011-06-09,16.645138888888887,1,860.12,16.645138888888887,0.0,1,0.0,0.0,0.0,0.46601551440892486
13340.0,2011-06-09,92.51458333333333,1,3678.03,92.51458333333333,0.0,1,0.0,0.0,0.0,0.3874897689810343
13341.0,2011-06-09,76.59027777777777,1,775.85,76.59027777777777,0.0,1,0.0,0.0,0.0,0.4823931469992796
13344.0,2011-06-09,93.56388888888888,1,1656.15,93.56388888888888,0.0,1,0.0,0.0,0.0,0.4370586439227423
13345.0,2011-06-09,103.62430555555555,1,389.5,103.62430555555555,0.0,1,1.0,1.0,0.030551989730423616,0.4783689434531798
13357.0,2011-06-09,73.41944444444445,1,609.4,73.41944444444445,0.0,1,0.0,0.0,0.0,0.49729026305616947
13358.0,2011-06-09,84.50555555555556,1,439.03,84.50555555555556,0.0,1,0.0,0.0,0.0,0.5200233682217925
13362.0,2011-06-09,61.65208333333333,2,790.7650000000001,103.51875,41.86666666666667,0,0.0,0.0,0.0,0.3291595214726901
13365.0,2011-06-09,33.5,1,700.6,33.5,0.0,1,0.0,0.0,0.0,0.48184437035050703
13368.0,2011-06-09,72.58402777777778,2,311.7,153.4777777777778,80.89375,0,0.0,0.0,0.0,0.349512185416866
13373.0,2011-06-09,92.39236111111111,1,987.7,92.39236111111111,0.0,1,0.0,0.0,0.0,0.4695997232497321
13376.0,2011-06-09,19.619444444444444,2,385.0,50.45625,30.836805555555557,0,0.0,0.0,0.0,0.3747651303091753
13381.0,2011-06-09,23.318055555555556,2,535.675,114.57638888888889,91.25833333333334,0,0.0,0.0,0.0,0.302870785383283
13382.0,2011-06-09,96.58125,1,222.99,96.58125,0.0,1,0.0,0.0,0.0,0.5647833635053652
13385.0,2011-06-09,145.5888888888889,1,534.57,145.5888888888889,0.0,1,0.0,0.0,0.0,0.5174607673318985
13389.0,2011-06-09,48.49166666666667,1,257.89,48.49166666666667,0.0,1,0.0,0.0,0.0,0.5479165351890407
13391.0,2011-06-09,19.54861111111111,1,59.8,19.54861111111111,0.0,1,0.0,0.0,0.0,0.6325991218862312
13394.0,2011-06-09,30.479861111111113,3,311.7766666666667,125.55625,47.53819444444444,0,0.0,0.0,0.0,0.23108655359071745
13395.0,2011-06-09,1.3722222222222222,1,307.72,1.3722222222222222,0.0,1,0.0,0.0,0.0,0.5290676091363644
13396.0,2011-06-09,135.4326388888889,1,387.27000000000004,135.4326388888889,0.0,1,1.0,1.0,0.04221860717328995,0.48476886843448
13397.0,2011-06-09,110.49097222222223,2,300.885,155.42361111111111,44.93263888888889,0,0.0,0.0,0.0,0.39073147701973565
13398.0,2011-06-09,8.446527777777778,1,457.34,8.446527777777778,0.0,1,0.0,0.0,0.0,0.5049823041309097
13404.0,2011-06-09,28.502083333333335,1,217.81,28.502083333333335,0.0,1,0.0,0.0,0.0,0.555321046140819
13405.0,2011-06-09,20.311805555555555,2,278.725,133.60625,113.29444444444445,0,0.0,0.0,0.0,0.31950857713244873
13408.0,2011-06-09,6.4743055555555555,24,414.42625,177.43958333333333,4.124305555555556,0,4.0,0.16666666666666666,0.00654519350547896,0.02304625121649544
13410.0,2011-06-09,3.338888888888889,3,181.67999999999998,107.39027777777778,52.02569444444445,0,1.0,0.3333333333333333,0.010733157199471599,0.21438656002960296
13414.0,2011-06-09,112.49097222222223,1,390.0,112.49097222222223,0.0,1,0.0,0.0,0.0,0.5321087093610014
13417.0,2011-06-09,21.315277777777776,1,236.0,21.315277777777776,0.0,1,0.0,0.0,0.0,0.5491090638343733
13418.0,2011-06-09,20.413194444444443,6,391.3766666666667,175.42430555555555,8.149305555555555,0,2.0,0.3333333333333333,0.1055888189553116,0.06178904344600147
13421.0,2011-06-09,106.34305555555555,1,825.04,106.34305555555555,0.0,1,1.0,1.0,0.002545331135460099,0.429420146747408
13425.0,2011-06-09,110.64305555555555,1,401.57,110.64305555555555,0.0,1,0.0,0.0,0.0,0.5299529831490892
13426.0,2011-06-09,54.49652777777778,4,321.255,175.4701388888889,22.965972222222224,0,0.0,0.0,0.0,0.1449626088103369
13427.0,2011-06-09,31.334722222222222,1,214.5,31.334722222222222,0.0,1,0.0,0.0,0.0,0.5567406191672661
13435.0,2011-06-09,5.2868055555555555,1,443.72,5.2868055555555555,0.0,1,0.0,0.0,0.0,0.5063952972491581
13437.0,2011-06-09,6.395833333333333,1,1440.9,6.395833333333333,0.0,1,0.0,0.0,0.0,0.4317096850816551
13439.0,2011-06-09,71.40277777777777,1,283.71,71.40277777777777,0.0,1,0.0,0.0,0.0,0.5455992882786004
13448.0,2011-06-09,34.50486111111111,1,593.72,34.50486111111111,0.0,1,2.0,2.0,0.03158054301691033,0.38737705245061316
13450.0,2011-06-09,20.475,2,339.27,34.175,13.7,0,0.0,0.0,0.0,0.39872485423424675
13451.0,2011-06-09,27.215972222222224,3,529.8266666666667,150.35069444444446,61.56736111111111,0,1.0,0.3333333333333333,0.0375594534061454,0.1554195308994324
13452.0,2011-06-09,75.40347222222222,2,295.0,86.51527777777778,11.111805555555556,0,0.0,0.0,0.0,0.4186015469676539
13453.0,2011-06-09,105.59444444444445,1,185.0,105.59444444444445,0.0,1,0.0,0.0,0.0,0.5778390024880038
13456.0,2011-06-09,23.351388888888888,1,207.66,23.351388888888888,0.0,1,0.0,0.0,0.0,0.5574860970211544
13458.0,2011-06-09,5.563194444444444,7,894.2971428571428,175.49652777777777,25.94097222222222,0,6.0,0.8571428571428571,0.010854493872282782,0.02766949265677395
13462.0,2011-06-09,68.52777777777777,1,151.5,68.52777777777777,0.0,1,0.0,0.0,0.0,0.5843342736581392
13466.0,2011-06-09,0.30625,1,307.9,0.30625,0.0,1,0.0,0.0,0.0,0.5288565298674802
13468.0,2011-06-09,17.39236111111111,18,167.16055555555556,174.53125,8.129166666666666,0,1.0,0.05555555555555555,0.002824962029186843,0.053862955884030804
13473.0,2011-06-09,148.63541666666666,1,241.26,148.63541666666666,0.0,1,1.0,1.0,0.021139020144242723,0.5156410825469084
13474.0,2011-06-09,52.421527777777776,1,226.84,52.421527777777776,0.0,1,0.0,0.0,0.0,0.5566283736387859
13475.0,2011-06-09,7.4222222222222225,4,357.945,114.475,36.87986111111111,0,0.0,0.0,0.0,0.17187082839757128
13476.0,2011-06-09,97.38680555555555,1,727.6,97.38680555555555,0.0,1,2.0,2.0,0.20024738867509617,0.3958632431103073
13477.0,2011-06-09,27.45138888888889,2,258.015,107.4798611111111,80.02847222222222,0,2.0,1.0,0.025289227370501717,0.28368812242805946
13479.0,2011-06-09,16.552083333333332,2,150.475,50.52291666666667,33.97083333333333,0,1.0,0.5,0.033061970426981224,0.3907353648403667
13481.0,2011-06-09,8.356944444444444,2,489.495,72.62013888888889,64.26319444444445,0,1.0,0.5,0.008682417593642428,0.29362536807014533
13482.0,2011-06-09,48.28958333333333,1,184.64,48.28958333333333,0.0,1,0.0,0.0,0.0,0.5688482555584565
13484.0,2011-06-09,57.3125,1,313.8,57.3125,0.0,1,0.0,0.0,0.0,0.5369362024838549
13485.0,2011-06-09,49.418055555555554,1,454.24,49.418055555555554,0.0,1,0.0,0.0,0.0,0.5121181440657943
13487.0,2011-06-09,29.320138888888888,2,204.4,169.37916666666666,140.05902777777777,0,0.0,0.0,0.0,0.3150100954006173
13488.0,2011-06-09,12.55486111111111,5,829.702,147.50555555555556,35.47777777777778,0,2.0,0.4,0.0019042981697043034,0.07900773324556445
13489.0,2011-06-09,105.42847222222223,2,117.84,110.55416666666666,5.125694444444444,0,0.0,0.0,0.0,0.4872835529926792
13491.0,2011-06-09,63.46111111111111,7,133.24714285714285,175.55,16.459722222222222,0,0.0,0.0,0.0,0.15355048765484736
13492.0,2011-06-09,30.579166666666666,1,315.3,30.579166666666666,0.0,1,0.0,0.0,0.0,0.5322842749069627
13493.0,2011-06-09,91.35069444444444,2,309.315,103.30416666666666,11.953472222222222,0,0.0,0.0,0.0,0.4174184636861826
13494.0,2011-06-09,127.50138888888888,1,316.26000000000005,127.50138888888888,0.0,1,0.0,0.0,0.0,0.5477924076870038
13495.0,2011-06-09,48.364583333333336,2,280.74,175.51944444444445,127.15486111111112,0,0.0,0.0,0.0,0.311352456269031
13496.0,2011-06-09,175.5715277777778,1,501.01,175.5715277777778,0.0,1,1.0,1.0,0.07065727230993395,0.476948041561193
13497.0,2011-06-09,98.62222222222222,1,194.55,98.62222222222222,0.0,1,0.0,0.0,0.0,0.5736129260403338
13499.0,2011-06-09,41.37569444444444,2,231.895,85.63055555555556,44.25486111111111,0,1.0,0.5,0.019836563962138034,0.3583109639875972
13501.0,2011-06-09,104.20902777777778,1,1340.32,104.20902777777778,0.0,1,1.0,1.0,0.022270801002745613,0.40025816511635687
13502.0,2011-06-09,90.63888888888889,2,94.58,139.62291666666667,48.984027777777776,0,0.0,0.0,0.0,0.45540987579426223
13505.0,2011-06-09,8.346527777777778,2,958.0450000000001,48.49513888888889,40.14861111111111,0,1.0,0.5,0.022337155352827893,0.2788336969268518
13506.0,2011-06-09,132.42152777777778,1,157.4,132.42152777777778,0.0,1,1.0,1.0,0.03621346886912325,0.5410690248121479
13508.0,2011-06-09,59.50138888888889,1,110.97,59.50138888888889,0.0,1,0.0,0.0,0.0,0.6019580327280402
13509.0,2011-06-09,70.4576388888889,3,216.67333333333332,100.43958333333333,14.990972222222222,0,0.0,0.0,0.0,0.3600394896906454
13512.0,2011-06-09,76.58125,1,251.21,76.58125,0.0,1,0.0,0.0,0.0,0.5541043022533024
13515.0,2011-06-09,63.56041666666667,1,203.4,63.56041666666667,0.0,1,0.0,0.0,0.0,0.565252750132972
13516.0,2011-06-09,54.5375,1,146.0,54.5375,0.0,1,0.0,0.0,0.0,0.5844012929355225
13520.0,2011-06-09,0.5729166666666666,3,596.1933333333333,140.49027777777778,69.95868055555556,0,0.0,0.0,0.0,0.1504390259279776
13523.0,2011-06-09,15.63125,2,901.145,15.63263888888889,0.001388888888888889,0,0.0,0.0,0.0,0.35213677401155535
13524.0,2011-06-09,35.481944444444444,1,159.20000000000002,35.481944444444444,0.0,1,0.0,0.0,0.0,0.5760194758939167
13525.0,2011-06-09,64.35,1,282.88,64.35,0.0,1,0.0,0.0,0.0,0.5446431562324907
13527.0,2011-06-09,17.488888888888887,2,292.82,142.5298611111111,125.04097222222222,0,0.0,0.0,0.0,0.3063995516859218
13529.0,2011-06-09,20.506944444444443,1,181.1,20.506944444444443,0.0,1,0.0,0.0,0.0,0.5655961669444755
13531.0,2011-06-09,21.294444444444444,1,178.35,21.294444444444444,0.0,1,0.0,0.0,0.0,0.5666781670242819
13533.0,2011-06-09,83.46319444444444,2,72.47,83.46736111111112,0.004166666666666667,0,0.0,0.0,0.0,0.5195622369000477
13534.0,2011-06-09,2.622916666666667,17,173.71058823529413,174.35902777777778,9.557986111111111,0,11.0,0.6470588235294118,0.05122787056226042,0.015296604452619206
13538.0,2011-06-09,90.67916666666666,2,252.15,131.55555555555554,40.87638888888889,0,0.0,0.0,0.0,0.4021886210424318
13539.0,2011-06-09,56.427083333333336,2,157.825,125.35902777777778,68.93194444444444,0,1.0,0.5,0.08078568034215113,0.36450373815394965
13544.0,2011-06-09,56.49375,1,113.01,56.49375,0.0,1,0.0,0.0,0.0,0.6003831191802114
13546.0,2011-06-09,16.490277777777777,1,182.26,16.490277777777777,0.0,1,0.0,0.0,0.0,0.5645505286111853
13548.0,2011-06-09,59.517361111111114,1,281.01,59.517361111111114,0.0,1,0.0,0.0,0.0,0.5442797635473259
13549.0,2011-06-09,8.599305555555556,3,170.85,58.42916666666667,24.914930555555557,0,1.0,0.3333333333333333,0.004058140669203005,0.29748237803868716
13551.0,2011-06-09,135.38472222222222,1,91.80000000000001,135.38472222222222,0.0,1,0.0,0.0,0.0,0.6249051443848026
13552.0,2011-06-09,21.346527777777776,5,372.258,131.57638888888889,25.609375,0,2.0,0.4,0.08155096733985569,0.11694568983922456
13555.0,2011-06-09,17.525,2,795.025,17.5375,0.0125,0,0.0,0.0,0.0,0.3597702871346408
13557.0,2011-06-09,96.49027777777778,1,240.68,96.49027777777778,0.0,1,0.0,0.0,0.0,0.5599894782688697
13561.0,2011-06-09,31.472916666666666,1,141.85999999999999,31.472916666666666,0.0,1,0.0,0.0,0.0,0.582514447927007
13562.0,2011-06-09,61.47083333333333,1,603.27,61.47083333333333,0.0,1,0.0,0.0,0.0,0.4959770752221167
13564.0,2011-06-09,170.29861111111111,1,637.98,170.29861111111111,0.0,1,0.0,0.0,0.0,0.510250542299273
13565.0,2011-06-09,150.3972222222222,1,110.17999999999999,150.3972222222222,0.0,1,0.0,0.0,0.0,0.6163101482272955
13570.0,2011-06-09,59.43333333333333,1,239.49,59.43333333333333,0.0,1,0.0,0.0,0.0,0.5543473101838571
13571.0,2011-06-09,0.4979166666666667,4,126.8275,69.47013888888888,27.033333333333335,0,0.0,0.0,0.0,0.2790103194099209
13572.0,2011-06-09,21.500694444444445,1,1384.25,21.500694444444445,0.0,1,0.0,0.0,0.0,0.4366592226267927
13573.0,2011-06-09,69.38402777777777,1,31.770000000000003,69.38402777777777,0.0,1,0.0,0.0,0.0,0.6755670282941285
13576.0,2011-06-09,3.527083333333333,7,398.1228571428572,153.3763888888889,27.457638888888887,0,1.0,0.14285714285714285,0.0038215052065765772,0.07634617388179088
13577.0,2011-06-09,57.56041666666667,1,356.75,57.56041666666667,0.0,1,0.0,0.0,0.0,0.5288339188582866
13581.0,2011-06-09,125.38819444444445,1,118.0,125.38819444444445,0.0,1,0.0,0.0,0.0,0.6084099462840676
13584.0,2011-06-09,122.46597222222222,1,142.4,122.46597222222222,0.0,1,0.0,0.0,0.0,0.5965666180861099
13588.0,2011-06-09,71.33819444444444,1,113.30000000000001,71.33819444444444,0.0,1,0.0,0.0,0.0,0.6025407479448164
13590.0,2011-06-09,15.58611111111111,3,304.01,119.44097222222223,51.92743055555555,0,0.0,0.0,0.0,0.21861127680435186
13591.0,2011-06-09,20.418055555555554,2,388.115,82.4875,62.06944444444444,0,0.0,0.0,0.0,0.34582563791556165
13592.0,2011-06-09,21.615972222222222,3,68.50333333333333,80.41597222222222,29.4,0,0.0,0.0,0.0,0.3679587820553759
13593.0,2011-06-09,79.49305555555556,3,332.5833333333333,152.3111111111111,36.40902777777777,0,1.0,0.3333333333333333,0.046905537459283386,0.24075514069594348
13599.0,2011-06-09,14.379166666666666,5,330.564,153.35763888888889,42.498958333333334,0,8.0,1.6,0.0437676213985794,0.04735889947828019
13600.0,2011-06-09,128.35625,1,219.52,128.35625,0.0,1,0.0,0.0,0.0,0.5708100192990732
13601.0,2011-06-09,27.29722222222222,1,373.2,27.29722222222222,0.0,1,0.0,0.0,0.0,0.5210287310524112
13606.0,2011-06-09,59.46388888888889,2,123.315,127.5125,68.04861111111111,0,0.0,0.0,0.0,0.41517770727671655
13610.0,2011-06-09,3.4277777777777776,3,154.79,101.3861111111111,48.97916666666667,0,1.0,0.3333333333333333,0.017119968990244847,0.2298433385660131
13611.0,2011-06-09,175.56180555555557,1,303.15000000000003,175.56180555555557,0.0,1,0.0,0.0,0.0,0.5581353436009749
13614.0,2011-06-09,146.47430555555556,1,205.75,146.47430555555556,0.0,1,0.0,0.0,0.0,0.5776849286322054
13615.0,2011-06-09,134.65208333333334,1,417.69,134.65208333333334,0.0,1,1.0,1.0,0.042375924728865914,0.47983526890412315
13623.0,2011-06-09,26.325,4,134.79250000000002,113.45277777777778,30.00347222222222,0,1.0,0.25,0.03690858170892297,0.22002825784992366
13626.0,2011-06-09,68.57986111111111,1,257.23,68.57986111111111,0.0,1,0.0,0.0,0.0,0.5513241527566045
13627.0,2011-06-09,20.59236111111111,2,302.96000000000004,173.5888888888889,152.99652777777777,0,0.0,0.0,0.0,0.2821017368594083
13629.0,2011-06-09,26.524305555555557,4,722.0,154.49375,28.99513888888889,0,0.0,0.0,0.0,0.11587744542195569
13630.0,2011-06-09,0.41944444444444445,3,350.6133333333333,101.46597222222222,50.52326388888889,0,1.0,0.3333333333333333,0.013690295101916643,0.1910543036839189
13631.0,2011-06-09,17.564583333333335,4,332.5,83.28263888888888,4.752777777777778,0,0.0,0.0,0.0,0.21154277394542764
13632.0,2011-06-09,49.510416666666664,2,305.345,59.37013888888889,9.859722222222222,0,0.0,0.0,0.0,0.4135093443375677
13634.0,2011-06-09,58.321527777777774,2,298.805,143.35416666666666,85.03263888888888,0,0.0,0.0,0.0,0.346062833022239
13636.0,2011-06-09,68.49375,3,180.48333333333335,101.39652777777778,16.45138888888889,0,1.0,0.3333333333333333,0.013851694523963431,0.3321627055936519
13637.0,2011-06-09,3.441666666666667,2,339.325,42.454166666666666,39.0125,0,0.0,0.0,0.0,0.372240606249081
13642.0,2011-06-09,31.476388888888888,1,312.28,31.476388888888888,0.0,1,0.0,0.0,0.0,0.5330413186616623
13643.0,2011-06-09,1.5138888888888888,1,87.9,1.5138888888888888,0.0,1,0.0,0.0,0.0,0.6069661840338583
13647.0,2011-06-09,50.59097222222222,1,424.64,50.59097222222222,0.0,1,0.0,0.0,0.0,0.516606958550107
13649.0,2011-06-09,72.50625,1,148.8,72.50625,0.0,1,0.0,0.0,0.0,0.5860697727900697
13650.0,2011-06-09,23.403472222222224,2,372.76,83.47430555555556,60.07083333333333,0,1.0,0.5,0.036216332224487606,0.3155747414497993
13652.0,2011-06-09,72.61041666666667,1,329.44,72.61041666666667,0.0,1,0.0,0.0,0.0,0.5363375524450971
13654.0,2011-06-09,17.56875,3,390.94666666666666,89.4625,35.946875000000006,0,0.0,0.0,0.0,0.2518979973179417
13655.0,2011-06-09,57.58819444444445,1,383.65,57.58819444444445,0.0,1,0.0,0.0,0.0,0.5242151402221722
13656.0,2011-06-09,153.34583333333333,1,162.70000000000002,153.34583333333333,0.0,1,0.0,0.0,0.0,0.5931983784168872
13657.0,2011-06-09,17.475694444444443,1,152.34,17.475694444444443,0.0,1,0.0,0.0,0.0,0.5758716668309619
13658.0,2011-06-09,20.28125,1,933.3,20.28125,0.0,1,1.0,1.0,0.054323368691738996,0.4112990397030661
13659.0,2011-06-09,21.474305555555556,2,781.5,136.49444444444444,115.0201388888889,0,1.0,0.5,0.014299424184261037,0.23363020203811038
13662.0,2011-06-09,28.44236111111111,2,258.22,75.44236111111111,47.0,0,3.0,1.5,0.03297575710634343,0.2770464822419697
13666.0,2011-06-09,103.45277777777778,2,32.025000000000006,103.45486111111111,0.0020833333333333333,0,0.0,0.0,0.0,0.5735305789560415
13668.0,2011-06-09,3.466666666666667,12,336.3066666666667,178.47569444444446,13.940277777777778,0,3.0,0.25,0.008474408278158823,0.036296497632683486
13672.0,2011-06-09,117.42152777777778,2,93.19500000000001,148.42083333333332,30.999305555555555,0,4.0,2.0,1.3833896668276195,0.40759132587925934
13675.0,2011-06-09,100.49027777777778,1,308.44,100.49027777777778,0.0,1,0.0,0.0,0.0,0.5450203124398336
13680.0,2011-06-09,153.4923611111111,2,1195.795,155.40833333333333,1.9159722222222222,0,1.0,0.5,0.6356064375582771,0.35683222279783267
13682.0,2011-06-09,3.4125,1,59.5,3.4125,0.0,1,0.0,0.0,0.0,0.630419876372293
13684.0,2011-06-09,101.57430555555555,1,65.13,101.57430555555555,0.0,1,1.0,1.0,0.0460617227084293,0.5915867176667468
13692.0,2011-06-09,29.575694444444444,2,435.79,52.46041666666667,22.884722222222223,0,2.0,1.0,0.024610477523577867,0.30317167319946414
13694.0,2011-06-09,8.588888888888889,25,1094.2892,174.26180555555555,6.0472222222222225,0,4.0,0.16,0.06838119210168574,0.019562770321465073
13695.0,2011-06-09,5.398611111111111,5,125.18400000000001,75.5201388888889,18.63715277777778,0,0.0,0.0,0.0,0.24913124856477054
13700.0,2011-06-09,56.44097222222222,5,185.434,143.44583333333333,15.543055555555554,0,0.0,0.0,0.0,0.1999640991610276
13703.0,2011-06-09,134.45138888888889,1,99.5,134.45138888888889,0.0,1,0.0,0.0,0.0,0.6199905845741973
13706.0,2011-06-09,118.61041666666667,1,330.79,118.61041666666667,0.0,1,0.0,0.0,0.0,0.543525371100176
13707.0,2011-06-09,83.24791666666667,2,403.205,131.43958333333333,48.19166666666667,0,0.0,0.0,0.0,0.36580452768643057
13708.0,2011-06-09,87.4263888888889,1,285.33,87.4263888888889,0.0,1,0.0,0.0,0.0,0.5478284176757457
13709.0,2011-06-09,131.37708333333333,1,454.3,131.37708333333333,0.0,1,0.0,0.0,0.0,0.525488422292249
13711.0,2011-06-09,34.56180555555556,2,126.03,34.56319444444444,0.001388888888888889,0,0.0,0.0,0.0,0.4764529541343478
13712.0,2011-06-09,62.47708333333333,1,228.84,62.47708333333333,0.0,1,0.0,0.0,0.0,0.5576960627713445
13715.0,2011-06-09,97.19375,4,201.185,178.47152777777777,23.975,0,3.0,0.75,0.03156298928846584,0.17125602544698126
13716.0,2011-06-09,85.42430555555555,1,138.28,85.42430555555555,0.0,1,0.0,0.0,0.0,0.5925991279754949
13717.0,2011-06-09,56.59791666666667,2,285.295,114.44375,57.84583333333333,0,1.0,0.5,0.02234529171559263,0.3365397713576827
13718.0,2011-06-09,62.44166666666667,2,153.275,111.50138888888888,49.05972222222222,0,0.0,0.0,0.0,0.4205223811630332
13719.0,2011-06-09,21.46388888888889,2,169.37,50.419444444444444,28.955555555555556,0,0.0,0.0,0.0,0.4272073338948751
13720.0,2011-06-09,54.363194444444446,2,216.05,70.61319444444445,16.25,0,0.0,0.0,0.0,0.4296575756103763
13722.0,2011-06-09,98.51180555555555,1,1463.47,98.51180555555555,0.0,1,0.0,0.0,0.0,0.445664406580466
13723.0,2011-06-09,33.28888888888889,1,199.85000000000002,33.28888888888889,0.0,1,0.0,0.0,0.0,0.5614924136816684
13725.0,2011-06-09,41.365972222222226,6,291.93333333333334,124.4875,12.811805555555555,0,2.0,0.3333333333333333,0.021466088147978988,0.14038100625706104
13728.0,2011-06-09,14.546527777777778,3,164.64333333333332,126.49375,55.97361111111111,0,0.0,0.0,0.0,0.23475548489907433
13731.0,2011-06-09,35.39375,2,305.295,62.576388888888886,27.18263888888889,0,0.0,0.0,0.0,0.39470448310006595
13735.0,2011-06-09,50.424305555555556,1,935.15,50.424305555555556,0.0,1,1.0,1.0,0.021536651874030904,0.4138193303303891
13736.0,2011-06-09,76.45555555555555,1,357.53,76.45555555555555,0.0,1,1.0,1.0,0.022096047884093646,0.47878473248411596
13737.0,2011-06-09,16.31111111111111,1,339.59999999999997,16.31111111111111,0.0,1,0.0,0.0,0.0,0.5252395846696718
13740.0,2011-06-09,56.56111111111111,1,350.75,56.56111111111111,0.0,1,0.0,0.0,0.0,0.5297490263734289
13741.0,2011-06-09,33.428472222222226,1,162.96,33.428472222222226,0.0,1,1.0,1.0,0.01288659793814433,0.521173683147674
13742.0,2011-06-09,0.4486111111111111,8,267.48375,136.37569444444443,20.877777777777776,0,1.0,0.125,0.009299630351376485,0.08803498906682813
13743.0,2011-06-09,33.394444444444446,2,176.57999999999998,75.38472222222222,41.99027777777778,0,0.0,0.0,0.0,0.4139029278765222
13744.0,2011-06-09,108.41111111111111,1,817.3199999999999,108.41111111111111,0.0,1,0.0,0.0,0.0,0.48429928843078685
13748.0,2011-06-09,48.395833333333336,2,188.42499999999998,62.574305555555554,14.178472222222222,0,0.0,0.0,0.0,0.439296116386027
13750.0,2011-06-09,112.61944444444444,2,344.4,152.5076388888889,39.888194444444444,0,0.0,0.0,0.0,0.3876221660174744
13751.0,2011-06-09,104.33611111111111,1,296.25,104.33611111111111,0.0,1,0.0,0.0,0.0,0.5481855088285681
13752.0,2011-06-09,0.5493055555555556,4,222.88250000000002,62.49722222222222,23.834027777777777,0,0.0,0.0,0.0,0.2620595030668881
13753.0,2011-06-09,103.46666666666667,1,741.26,103.46666666666667,0.0,1,0.0,0.0,0.0,0.48971776904557346
13754.0,2011-06-09,133.3763888888889,1,156.0,133.3763888888889,0.0,1,0.0,0.0,0.0,0.5926837073481444
13756.0,2011-06-09,21.60902777777778,3,290.27000000000004,176.3625,77.37673611111111,0,0.0,0.0,0.0,0.16138956263362736
13758.0,2011-06-09,17.366666666666667,3,544.2233333333334,150.51319444444445,66.57326388888889,0,0.0,0.0,0.0,0.1618011224868427
13760.0,2011-06-09,72.46388888888889,1,135.09,72.46388888888889,0.0,1,0.0,0.0,0.0,0.5919981265340823
13762.0,2011-06-09,34.614583333333336,1,306.72,34.614583333333336,0.0,1,1.0,1.0,0.9999999999999998,0.5475932268857666
13764.0,2011-06-09,153.3798611111111,1,499.89,153.3798611111111,0.0,1,0.0,0.0,0.0,0.5229942385577493
13767.0,2011-06-09,19.409027777777776,18,300.985,176.3451388888889,4.763194444444444,0,7.0,0.3888888888888889,0.01651983395259638,0.023433720578452322
13769.0,2011-06-09,23.585416666666667,4,281.4275,142.40416666666667,27.789583333333333,0,3.0,0.75,0.0075063737552300315,0.10739394475404504
13771.0,2011-06-09,15.460416666666667,2,732.425,63.34236111111111,47.88194444444444,0,0.0,0.0,0.0,0.3214924378483276
13772.0,2011-06-09,55.47847222222222,1,228.42,55.47847222222222,0.0,1,0.0,0.0,0.0,0.5566848234531732
13777.0,2011-06-09,0.4027777777777778,12,376.34666666666664,167.49722222222223,11.904166666666667,0,4.0,0.3333333333333333,0.03548368525472968,0.03390262234962678
13781.0,2011-06-09,66.49444444444444,1,127.84,66.49444444444444,0.0,1,0.0,0.0,0.0,0.5944363751737665
13782.0,2011-06-09,50.38333333333333,2,180.64999999999998,143.5361111111111,93.15277777777777,0,0.0,0.0,0.0,0.3669120823519748
13784.0,2011-06-09,1.5006944444444446,6,171.40499999999997,148.39027777777778,29.79722222222222,0,0.0,0.0,0.0,0.11435308277264708
13792.0,2011-06-09,103.41458333333334,1,74.60000000000001,103.41458333333334,0.0,1,0.0,0.0,0.0,0.6323383108600398
13798.0,2011-06-09,2.488888888888889,31,601.001935483871,154.55208333333334,4.885763888888889,0,3.0,0.0967741935483871,0.014243419322357396,0.02622771801028334
13799.0,2011-06-09,110.40416666666667,1,341.7,110.40416666666667,0.0,1,0.0,0.0,0.0,0.5401481610101361
13800.0,2011-06-09,125.48125,1,558.32,125.48125,0.0,1,0.0,0.0,0.0,0.5114069800457963
13802.0,2011-06-09,70.54583333333333,2,1565.5300000000002,127.49791666666667,56.952083333333334,0,2.0,1.0,0.05370385747957561,0.2212042257224116
13803.0,2011-06-09,71.46041666666666,1,277.07,71.46041666666666,0.0,1,0.0,0.0,0.0,0.54710398808605
13804.0,2011-06-09,105.61875,1,723.63,105.61875,0.0,1,0.0,0.0,0.0,0.49160740123733193
13809.0,2011-06-09,121.44791666666667,1,155.05,121.44791666666667,0.0,1,0.0,0.0,0.0,0.5912062942940014
13811.0,2011-06-09,51.56388888888889,2,240.75,55.22222222222222,3.658333333333333,0,1.0,0.5,0.46261682242990654,0.4246964716368378
13815.0,2011-06-09,134.48888888888888,1,1012.01,134.48888888888888,0.0,1,0.0,0.0,0.0,0.47498113911063405
13817.0,2011-06-09,167.50972222222222,1,128.7,167.50972222222222,0.0,1,0.0,0.0,0.0,0.6095753622837691
13819.0,2011-06-09,117.55694444444444,3,380.1166666666666,135.55694444444444,9.0,0,0.0,0.0,0.0,0.35592815106479975
13821.0,2011-06-09,77.52083333333333,1,270.15,77.52083333333333,0.0,1,0.0,0.0,0.0,0.5496781577592121
13824.0,2011-06-09,19.413888888888888,3,410.99333333333334,126.45347222222222,53.51979166666667,0,0.0,0.0,0.0,0.202264323807318
13831.0,2011-06-09,16.44097222222222,2,342.72499999999997,34.64375,18.20277777777778,0,0.0,0.0,0.0,0.39319074708583174
13835.0,2011-06-09,31.35972222222222,1,328.45,31.35972222222222,0.0,1,0.0,0.0,0.0,0.5298165331498748
13837.0,2011-06-09,27.493055555555557,2,133.29500000000002,133.48958333333334,105.99652777777777,0,0.0,0.0,0.0,0.369525688103988
13841.0,2011-06-09,68.49305555555556,1,85.0,68.49305555555556,0.0,1,0.0,0.0,0.0,0.6193626261779808
13842.0,2011-06-09,15.54861111111111,5,303.58000000000004,152.56458333333333,31.958333333333332,0,0.0,0.0,0.0,0.1208787469729872
13846.0,2011-06-09,58.37291666666667,2,331.965,176.32847222222222,117.95555555555555,0,1.0,0.5,0.026282891268657838,0.27831177152139075
13848.0,2011-06-09,113.57152777777777,1,615.0,113.57152777777777,0.0,1,0.0,0.0,0.0,0.503291501041687
13851.0,2011-06-09,104.27916666666667,1,246.32,104.27916666666667,0.0,1,0.0,0.0,0.0,0.5597835734128083
13854.0,2011-06-09,12.469444444444445,15,323.3426666666667,173.59930555555556,9.988194444444444,0,4.0,0.26666666666666666,0.017422177504154517,0.03418593273982985
13856.0,2011-06-09,19.449305555555554,1,94.39999999999999,19.449305555555554,0.0,1,0.0,0.0,0.0,0.6054810164893196
13859.0,2011-06-09,142.32361111111112,1,201.16,142.32361111111112,0.0,1,0.0,0.0,0.0,0.5784306923151498
13862.0,2011-06-09,3.404166666666667,4,288.1275,148.3659722222222,44.88055555555555,0,2.0,0.5,0.019132155035531145,0.10308203119596378
13863.0,2011-06-09,63.56944444444444,1,305.78,63.56944444444444,0.0,1,1.0,1.0,0.02034142193734057,0.48652001820994306
13865.0,2011-06-09,2.6638888888888888,2,141.26,105.49722222222222,102.83333333333333,0,0.0,0.0,0.0,0.3651853422488577
13867.0,2011-06-09,34.272222222222226,1,138.85,34.272222222222226,0.0,1,0.0,0.0,0.0,0.5842818269228939
13869.0,2011-06-09,78.55277777777778,3,524.3866666666667,173.36527777777778,47.40625,0,0.0,0.0,0.0,0.21437188319059017
13870.0,2011-06-09,103.61875,1,544.03,103.61875,0.0,1,0.0,0.0,0.0,0.5094813116414498
13871.0,2011-06-09,22.57777777777778,5,479.146,124.60416666666667,26.94097222222222,0,0.0,0.0,0.0,0.1499041487281241
13873.0,2011-06-09,34.615972222222226,2,115.2,125.59930555555556,90.98333333333333,0,1.0,0.5,0.03428819444444445,0.3565384627716478
13874.0,2011-06-09,174.23611111111111,1,540.45,174.23611111111111,0.0,1,0.0,0.0,0.0,0.5214357042027686
13875.0,2011-06-09,0.30972222222222223,3,355.96000000000004,117.34791666666666,58.51909722222223,0,0.0,0.0,0.0,0.1937620549738045
13880.0,2011-06-09,2.5770833333333334,5,248.35399999999998,112.65625,25.908680555555556,0,0.0,0.0,0.0,0.15671210579274725
13881.0,2011-06-09,29.553472222222222,4,892.365,127.5736111111111,33.97291666666667,0,0.0,0.0,0.0,0.15356257000621967
13883.0,2011-06-09,34.47291666666667,4,435.695,69.27986111111112,0.0006944444444444445,0,3.0,0.75,0.05713859465910786,0.189295368154111
13884.0,2011-06-09,93.46319444444444,3,65.41666666666667,99.43055555555556,2.983680555555556,0,1.0,0.3333333333333333,0.03210191082802548,0.4481224079991254
13885.0,2011-06-09,5.370138888888889,2,253.39999999999998,16.630555555555556,11.260416666666666,0,0.0,0.0,0.0,0.41670205352470335
13887.0,2011-06-09,20.27638888888889,1,349.55,20.27638888888889,0.0,1,0.0,0.0,0.0,0.5240497111013159
13888.0,2011-06-09,34.388194444444444,1,229.56,34.388194444444444,0.0,1,0.0,0.0,0.0,0.5529681815789278
13890.0,2011-06-09,174.60347222222222,1,190.35,174.60347222222222,0.0,1,1.0,1.0,0.026792750197005517,0.5352661183309146
13892.0,2011-06-09,62.49722222222222,1,54.519999999999996,62.49722222222222,0.0,1,0.0,0.0,0.0,0.6444220449402376
13893.0,2011-06-09,113.52083333333333,1,821.1,113.52083333333333,0.0,1,0.0,0.0,0.0,0.484845505400836
13894.0,2011-06-09,126.4625,1,160.85,126.4625,0.0,1,1.0,1.0,0.0615480261112838,0.540438014638363
13898.0,2011-06-09,141.5638888888889,1,155.93,141.5638888888889,0.0,1,0.0,0.0,0.0,0.59397761122843
13899.0,2011-06-09,90.60416666666667,1,298.5,90.60416666666667,0.0,1,0.0,0.0,0.0,0.5454929662766161
13900.0,2011-06-09,8.49236111111111,2,366.225,78.57430555555555,70.08194444444445,0,0.0,0.0,0.0,0.3402301256318586
13901.0,2011-06-09,72.39375,2,324.15,134.62430555555557,62.230555555555554,0,0.0,0.0,0.0,0.3641482328870532
13904.0,2011-06-09,110.52916666666667,1,201.12,110.52916666666667,0.0,1,0.0,0.0,0.0,0.5734344965455134
13908.0,2011-06-09,30.566666666666666,2,415.555,92.49722222222222,61.93055555555556,0,1.0,0.5,0.027072228706188108,0.30851203725807064
13911.0,2011-06-09,13.199305555555556,6,283.985,124.38472222222222,18.977777777777778,0,0.0,0.0,0.0,0.13666674436689258
13917.0,2011-06-09,7.468055555555556,1,65.38,7.468055555555556,0.0,1,0.0,0.0,0.0,0.6255177657414868
13918.0,2011-06-09,69.24652777777777,1,198.2,69.24652777777777,0.0,1,0.0,0.0,0.0,0.5677798075670998
13922.0,2011-06-09,167.55694444444444,1,172.25,167.55694444444444,0.0,1,0.0,0.0,0.0,0.5919001012689303
13929.0,2011-06-09,142.3673611111111,1,412.85,142.3673611111111,0.0,1,1.0,1.0,0.09640305195591618,0.4855139178154211
13931.0,2011-06-09,96.63680555555555,1,378.21000000000004,96.63680555555555,0.0,1,0.0,0.0,0.0,0.5314817675618733
13932.0,2011-06-09,110.49861111111112,1,307.4,110.49861111111112,0.0,1,0.0,0.0,0.0,0.5468476750538372
13934.0,2011-06-09,79.63958333333333,1,922.1,79.63958333333333,0.0,1,0.0,0.0,0.0,0.4718823771713175
13939.0,2011-06-09,127.52083333333333,1,184.5,127.52083333333333,0.0,1,1.0,1.0,0.06395663956639566,0.5321027499671416
13941.0,2011-06-09,113.49166666666666,1,1023.84,113.49166666666666,0.0,1,0.0,0.0,0.0,0.47078215204220475
13946.0,2011-06-09,17.497916666666665,2,242.985,83.58194444444445,66.08402777777778,0,0.0,0.0,0.0,0.36921589701861157
13948.0,2011-06-09,176.57083333333333,1,102.0,176.57083333333333,0.0,1,0.0,0.0,0.0,0.6247877959019057
13950.0,2011-06-09,62.52152777777778,1,179.30999999999997,62.52152777777778,0.0,1,0.0,0.0,0.0,0.5729458892123137
13951.0,2011-06-09,52.44444444444444,2,258.025,110.36041666666667,57.91597222222222,0,0.0,0.0,0.0,0.3786363458940963
13952.0,2011-06-09,33.625,2,1625.5355,54.60625,20.98125,0,1.0,0.5,0.0015318029043352175,0.26921998207091524
13953.0,2011-06-09,26.610416666666666,3,583.3333333333334,168.56319444444443,70.97638888888889,0,0.0,0.0,0.0,0.15148296714780868
13955.0,2011-06-09,121.48333333333333,1,205.1,121.48333333333333,0.0,1,0.0,0.0,0.0,0.5739485967995444
13956.0,2011-06-09,59.330555555555556,2,145.16,87.46458333333334,28.134027777777778,0,0.0,0.0,0.0,0.4438082968104907
13959.0,2011-06-09,97.2388888888889,2,168.72,178.41944444444445,81.18055555555556,0,0.0,0.0,0.0,0.38955654167245124
13962.0,2011-06-09,61.52708333333333,1,117.6,61.52708333333333,0.0,1,0.0,0.0,0.0,0.5987494220167546
13963.0,2011-06-09,124.38680555555555,3,171.08,155.50833333333333,15.56076388888889,0,0.0,0.0,0.0,0.3804441849401544
13969.0,2011-06-09,34.24375,5,237.118,138.44930555555555,24.464583333333337,0,0.0,0.0,0.0,0.16891504670157972
13971.0,2011-06-09,30.470833333333335,3,324.84,101.48125,35.505208333333336,0,2.0,0.6666666666666666,0.04898821984156303,0.21248354520314977
13972.0,2011-06-09,17.518055555555556,1,145.9,17.518055555555556,0.0,1,0.0,0.0,0.0,0.5785537394823311
13973.0,2011-06-09,103.36041666666667,1,264.7,103.36041666666667,0.0,1,0.0,0.0,0.0,0.5551187353463567
13975.0,2011-06-09,31.513194444444444,2,477.005,92.48680555555555,60.97361111111111,0,1.0,0.5,0.024161172314755612,0.3018065077301192
13976.0,2011-06-09,22.615972222222222,1,357.98,22.615972222222222,0.0,1,0.0,0.0,0.0,0.5229151288119792
13982.0,2011-06-09,142.45277777777778,1,475.2,142.45277777777778,0.0,1,0.0,0.0,0.0,0.5244332755807882
13983.0,2011-06-09,3.329861111111111,7,193.1,142.38125,28.584375,0,0.0,0.0,0.0,0.11340163196114461
13984.0,2011-06-09,65.54097222222222,2,281.21500000000003,141.43055555555554,75.88958333333333,0,0.0,0.0,0.0,0.3589710302538629
13985.0,2011-06-09,0.42083333333333334,3,388.43333333333334,80.425,40.00208333333333,0,0.0,0.0,0.0,0.2384160100778832
13988.0,2011-06-09,16.59513888888889,2,678.04,70.50833333333334,53.91319444444444,0,1.0,0.5,0.004903840481387529,0.28582915292088823
13989.0,2011-06-09,55.34791666666667,1,896.6700000000001,55.34791666666667,0.0,1,0.0,0.0,0.0,0.469683178799072
13990.0,2011-06-09,29.361805555555556,1,311.3,29.361805555555556,0.0,1,0.0,0.0,0.0,0.5328964004085064
13993.0,2011-06-09,21.485416666666666,4,373.20500000000004,146.5534722222222,41.07083333333333,0,1.0,0.25,0.002846960785627202,0.13177084037782857
13995.0,2011-06-09,61.65277777777778,1,310.45,61.65277777777778,0.0,1,1.0,1.0,0.03285553229183443,0.48608780019136155
13999.0,2011-06-09,30.38888888888889,4,311.70500000000004,177.52569444444444,40.21111111111111,0,0.0,0.0,0.0,0.12449099138110993
14000.0,2011-06-09,27.29861111111111,1,635.66,27.29861111111111,0.0,1,1.0,1.0,0.0030676776893307747,0.43300765413002573
14001.0,2011-06-09,48.606944444444444,1,1007.9,48.606944444444444,0.0,1,0.0,0.0,0.0,0.46114026813869263
14004.0,2011-06-09,104.60555555555555,1,900.02,104.60555555555555,0.0,1,0.0,0.0,0.0,0.4775284337585596
14005.0,2011-06-09,31.560416666666665,1,187.16,31.560416666666665,0.0,1,0.0,0.0,0.0,0.5653180839650052
14006.0,2011-06-09,57.321527777777774,2,331.04499999999996,128.3673611111111,71.04583333333333,0,0.0,0.0,0.0,0.3525556005333862
14009.0,2011-06-09,14.342361111111112,2,347.805,21.458333333333332,7.115972222222222,0,1.0,0.5,0.013915843648021163,0.36399490660408823
14012.0,2011-06-09,93.48194444444445,1,328.8,93.48194444444445,0.0,1,0.0,0.0,0.0,0.5398452416798679
14013.0,2011-06-09,91.62569444444445,1,118.5,91.62569444444445,0.0,1,0.0,0.0,0.0,0.6029665626232624
14016.0,2011-06-09,23.59722222222222,3,1121.5433333333333,173.40208333333334,74.90243055555555,0,0.0,0.0,0.0,0.12461292677123485
14021.0,2011-06-09,27.43263888888889,2,250.85,72.36805555555556,44.93541666666667,0,0.0,0.0,0.0,0.3886117977362463
14022.0,2011-06-09,41.389583333333334,1,440.0,41.389583333333334,0.0,1,0.0,0.0,0.0,0.5128368693225281
14023.0,2011-06-09,66.34027777777777,1,273.14,66.34027777777777,0.0,1,0.0,0.0,0.0,0.5471780536356619
14030.0,2011-06-09,59.415277777777774,3,252.84,121.31875,30.95173611111111,0,0.0,0.0,0.0,0.29493482925187703
14031.0,2011-06-09,12.281944444444445,9,667.1655555555556,173.3388888888889,20.553472222222222,0,2.0,0.2222222222222222,0.20555784088240633,0.04940141145667338
14032.0,2011-06-09,22.35763888888889,4,307.9275,171.52847222222223,34.99652777777778,0,5.0,1.25,0.032393988844776775,0.06309921494456014
14035.0,2011-06-09,83.5826388888889,2,350.28999999999996,113.46666666666667,29.884027777777778,0,0.0,0.0,0.0,0.3913850736576062
14036.0,2011-06-09,100.60694444444445,1,626.65,100.60694444444445,0.0,1,0.0,0.0,0.0,0.49996757026757477
14038.0,2011-06-09,23.413194444444443,1,716.32,23.413194444444443,0.0,1,1.0,1.0,0.008236542327451418,0.42523539611078026
14040.0,2011-06-09,31.469444444444445,5,287.696,147.37708333333333,19.438194444444445,0,0.0,0.0,0.0,0.14008754454010952
14041.0,2011-06-09,82.44097222222223,1,141.41,82.44097222222223,0.0,1,0.0,0.0,0.0,0.5907608509157756
14044.0,2011-06-09,125.51458333333333,1,170.44,125.51458333333333,0.0,1,0.0,0.0,0.0,0.5860283853307873
14045.0,2011-06-09,153.58263888888888,2,462.67499999999995,153.63055555555556,0.04791666666666667,0,0.0,0.0,0.0,0.4140074353300471
14046.0,2011-06-09,100.38333333333334,1,154.99,100.38333333333334,0.0,1,0.0,0.0,0.0,0.5879427443715228
14047.0,2011-06-09,15.51736111111111,2,174.5,152.60902777777778,137.09166666666667,0,1.0,0.5,0.026647564469914044,0.2903908948170323
14048.0,2011-06-09,121.37986111111111,1,409.93,121.37986111111111,0.0,1,1.0,1.0,0.08489254262922938,0.48172331088021264
14049.0,2011-06-09,16.536805555555556,2,1508.905,133.52291666666667,116.98611111111111,0,1.0,0.5,0.003983020799851548,0.20268025940519294
14051.0,2011-06-09,29.37152777777778,10,521.0060000000001,176.3736111111111,13.093055555555555,0,3.0,0.3,0.02553713392935974,0.047744398557798405
14056.0,2011-06-09,0.29583333333333334,11,332.16636363636366,100.36180555555555,8.000694444444445,0,1.0,0.09090909090909091,0.0021757990930065165,0.09891127157918991
14057.0,2011-06-09,15.33611111111111,8,333.77875,176.4923611111111,13.145138888888889,0,1.0,0.125,0.026424690007976842,0.06207427052435669
14059.0,2011-06-09,82.57916666666667,1,183.6,82.57916666666667,0.0,1,0.0,0.0,0.0,0.574667267847586
14060.0,2011-06-09,21.42361111111111,8,292.0325,175.53125,26.12847222222222,0,0.0,0.0,0.0,0.08422541036432477
14062.0,2011-06-09,55.34305555555556,5,773.6020000000001,170.44166666666666,15.992013888888888,0,0.0,0.0,0.0,0.11278548651208602
14064.0,2011-06-09,27.479166666666668,3,280.71999999999997,90.45902777777778,31.489930555555553,0,1.0,0.3333333333333333,0.18466799658022226,0.26369610954726125
14066.0,2011-06-09,82.48541666666667,1,152.55,82.48541666666667,0.0,1,0.0,0.0,0.0,0.5861092467411348
14068.0,2011-06-09,136.33194444444445,1,265.85,136.33194444444445,0.0,1,0.0,0.0,0.0,0.5601185989943518
14071.0,2011-06-09,76.43888888888888,2,178.405,80.51875,4.079861111111111,0,1.0,0.5,0.3682912474426165,0.44076940794986197
14075.0,2011-06-09,77.30902777777777,1,307.92,77.30902777777777,0.0,1,0.0,0.0,0.0,0.5413783091549976
14077.0,2011-06-09,41.41388888888889,2,99.805,90.33888888888889,48.925,0,0.0,0.0,0.0,0.4440332214835691
14078.0,2011-06-09,0.46597222222222223,4,172.9175,100.40625,28.974305555555556,0,0.0,0.0,0.0,0.2023609176071628
14081.0,2011-06-09,118.32152777777777,1,498.1,118.32152777777777,0.0,1,2.0,2.0,0.05992772535635414,0.413371774058546
14083.0,2011-06-09,15.359722222222222,4,44.9825,170.35972222222222,74.05486111111111,0,0.0,0.0,0.0,0.21182417224320726
14085.0,2011-06-09,14.327777777777778,9,275.2344444444445,177.4388888888889,14.422916666666666,0,1.0,0.1111111111111111,0.00514712709568812,0.06112454579683535
14088.0,2011-06-09,6.25625,3,5118.28,138.45347222222222,66.09861111111111,0,0.0,0.0,0.0,0.09875098656684703
14090.0,2011-06-09,140.54791666666668,1,76.32000000000001,140.54791666666668,0.0,1,0.0,0.0,0.0,0.6364997132718003
14092.0,2011-06-09,12.386111111111111,6,299.5783333333333,174.3423611111111,32.89652777777778,0,1.0,0.16666666666666666,0.0020862656956722506,0.07917908012594627
14099.0,2011-06-09,34.34166666666667,5,264.29200000000003,170.53194444444443,35.092013888888886,0,0.0,0.0,0.0,0.1297069771084246
14101.0,2011-06-09,13.572916666666666,4,1039.8474999999999,142.45208333333332,31.97361111111111,0,0.0,0.0,0.0,0.10706470952286481
14105.0,2011-06-09,55.25138888888889,1,1266.23,55.25138888888889,0.0,1,0.0,0.0,0.0,0.4477518940975883
14107.0,2011-06-09,36.43680555555556,3,370.6133333333333,112.31180555555555,37.9375,0,1.0,0.3333333333333333,0.01326629730896532,0.22472194202475
14110.0,2011-06-09,36.43125,2,850.76,82.58402777777778,46.15277777777778,0,1.0,0.5,0.007934082467440876,0.2831096461321437
14111.0,2011-06-09,57.516666666666666,1,94.2,57.516666666666666,0.0,1,0.0,0.0,0.0,0.6115348282555686
14112.0,2011-06-09,19.558333333333334,3,384.1666666666667,91.52222222222223,35.981944444444444,0,2.0,0.6666666666666666,0.0720173535791757,0.20405892842596848
14113.0,2011-06-09,170.49027777777778,1,433.5,170.49027777777778,0.0,1,3.0,3.0,1.058246828143022,0.4439905950498134
14114.0,2011-06-09,89.59583333333333,2,193.265,146.53819444444446,56.94236111111111,0,0.0,0.0,0.0,0.40301684965952606
14127.0,2011-06-09,72.48263888888889,2,226.115,126.48194444444445,53.99930555555556,0,0.0,0.0,0.0,0.3934742567612112
14128.0,2011-06-09,71.54930555555555,1,305.54,71.54930555555555,0.0,1,0.0,0.0,0.0,0.540936088212588
14129.0,2011-06-09,76.6361111111111,1,358.90000000000003,76.6361111111111,0.0,1,0.0,0.0,0.0,0.5315573886460546
14130.0,2011-06-09,135.32986111111111,1,480.91,135.32986111111111,0.0,1,0.0,0.0,0.0,0.5225145333060702
14133.0,2011-06-09,131.52291666666667,1,318.0,131.52291666666667,0.0,1,2.0,2.0,0.048113207547169815,0.44279104695028665
14135.0,2011-06-09,2.436111111111111,7,233.88714285714286,169.57083333333333,11.063888888888888,0,0.0,0.0,0.0,0.07275086266590895
14145.0,2011-06-09,33.45763888888889,1,1128.6,33.45763888888889,0.0,1,0.0,0.0,0.0,0.4514938133904292
14146.0,2011-06-09,70.53888888888889,2,951.865,173.3388888888889,102.8,0,1.0,0.5,0.6521040273568206,0.27276911832622935
14147.0,2011-06-09,101.5125,1,182.8,101.5125,0.0,1,0.0,0.0,0.0,0.577935838725223
14148.0,2011-06-09,49.49861111111111,1,157.2,49.49861111111111,0.0,1,0.0,0.0,0.0,0.5790366234202386
14149.0,2011-06-09,36.59444444444444,1,446.62,36.59444444444444,0.0,1,2.0,2.0,0.4191258788231606,0.43079130202210497
14150.0,2011-06-09,175.58055555555555,1,306.18,175.58055555555555,0.0,1,0.0,0.0,0.0,0.5575154882470269
14152.0,2011-06-09,50.34305555555556,1,314.51,50.34305555555556,0.0,1,1.0,1.0,0.032431401227305964,0.48337414905682163
14154.0,2011-06-09,55.31527777777778,2,672.81,55.334722222222226,0.019444444444444445,0,0.0,0.0,0.0,0.37547859815057705
14155.0,2011-06-09,82.40763888888888,1,118.75,82.40763888888888,0.0,1,0.0,0.0,0.0,0.6014103702995139
14156.0,2011-06-09,2.425,18,2473.786111111111,145.40902777777777,7.748611111111111,0,2.0,0.1111111111111111,0.05735136088070131,0.029403923352884165
14157.0,2011-06-09,101.45555555555555,1,269.18,101.45555555555555,0.0,1,1.0,1.0,0.12055130396017535,0.5076723552774419
14159.0,2011-06-09,3.4125,3,367.04333333333335,178.5298611111111,87.55868055555555,0,0.0,0.0,0.0,0.13309610993857912
14161.0,2011-06-09,31.513194444444444,2,407.235,94.46388888888889,62.950694444444444,0,0.0,0.0,0.0,0.34391605674627185
14162.0,2011-06-09,108.47777777777777,1,177.68,108.47777777777777,0.0,1,0.0,0.0,0.0,0.5807917833334344
14163.0,2011-06-09,15.370833333333334,2,374.895,55.26875,39.89791666666667,0,0.0,0.0,0.0,0.3672982438533861
14165.0,2011-06-09,91.47291666666666,1,120.44,91.47291666666666,0.0,1,0.0,0.0,0.0,0.6019582964996926
14167.0,2011-06-09,79.35208333333334,2,129.5,147.34444444444443,67.99236111111111,0,0.0,0.0,0.0,0.4154238054268705
14173.0,2011-06-09,35.41458333333333,1,114.04,35.41458333333333,0.0,1,0.0,0.0,0.0,0.5965257630547237
14175.0,2011-06-09,145.48472222222222,1,322.58,145.48472222222222,0.0,1,2.0,2.0,0.18476036952073904,0.45338854969790193
14176.0,2011-06-09,113.45,3,139.11666666666667,142.5222222222222,14.536111111111111,0,1.0,0.3333333333333333,0.006948604288966095,0.36033524715372145
14180.0,2011-06-09,1.44375,15,215.458,177.6236111111111,13.45,0,6.0,0.4,0.03333983111944478,0.026070172866364365
14185.0,2011-06-09,147.42222222222222,1,197.65,147.42222222222222,0.0,1,0.0,0.0,0.0,0.5803175767358549
14188.0,2011-06-09,30.58125,2,380.45,126.4263888888889,95.84513888888888,0,0.0,0.0,0.0,0.31875008925542636
14189.0,2011-06-09,16.559722222222224,7,263.5471428571429,154.54305555555555,26.45486111111111,0,4.0,0.5714285714285714,0.010651387932763452,0.06691962969458094
14191.0,2011-06-09,0.5763888888888888,3,262.23333333333335,36.5625,17.993055555555557,0,1.0,0.3333333333333333,0.03146053133341807,0.2977950944611395
14193.0,2011-06-09,85.51527777777778,1,422.53999999999996,85.51527777777778,0.0,1,0.0,0.0,0.0,0.5226254621525618
14194.0,2011-06-09,12.513194444444444,7,486.8385714285714,124.38125,6.922569444444444,0,4.0,0.5714285714285714,0.019205544812448832,0.06659595155666256
14195.0,2011-06-09,17.563194444444445,2,506.0,68.29861111111111,50.735416666666666,0,1.0,0.5,0.04871541501976284,0.3066681269055752
14198.0,2011-06-09,55.37916666666667,1,183.3,55.37916666666667,0.0,1,1.0,1.0,0.054009819967266774,0.5200757324111621
14199.0,2011-06-09,34.42777777777778,1,185.39999999999998,34.42777777777778,0.0,1,0.0,0.0,0.0,0.566368961531383
14201.0,2011-06-09,2.392361111111111,4,102.775,175.44097222222223,29.177083333333332,0,2.0,0.5,0.14449039163220628,0.09094323389648282
14205.0,2011-06-09,80.37013888888889,1,222.9,80.37013888888889,0.0,1,0.0,0.0,0.0,0.562217246011268
14206.0,2011-06-09,55.30694444444445,1,328.15999999999997,55.30694444444445,0.0,1,1.0,1.0,0.06064115065821551,0.48339300848265837
14209.0,2011-06-09,29.583333333333332,3,361.05,148.4611111111111,59.4388888888889,0,1.0,0.3333333333333333,0.0058163689239717495,0.17220524620877314
14210.0,2011-06-09,13.468055555555555,4,323.675,155.4375,42.986805555555556,0,0.0,0.0,0.0,0.1308463798308998
14211.0,2011-06-09,23.551388888888887,5,181.978,111.34027777777777,18.85763888888889,0,3.0,0.6,0.031926936223059935,0.14410773923644793
14214.0,2011-06-09,93.48194444444445,1,638.65,93.48194444444445,0.0,1,2.0,2.0,0.006498081891489862,0.3906073943772158
14215.0,2011-06-09,2.5805555555555557,3,310.7566666666667,146.4,71.90972222222221,0,1.0,0.3333333333333333,0.01265727739817864,0.14937107172621528
14217.0,2011-06-09,0.6347222222222222,7,124.42142857142858,152.48194444444445,21.936458333333334,0,1.0,0.14285714285714285,0.026407945347034844,0.09434522891073513
14220.0,2011-06-09,63.44236111111111,2,316.20000000000005,174.2375,110.79513888888889,0,0.0,0.0,0.0,0.3209794336791651
14221.0,2011-06-09,6.291666666666667,4,413.4575,155.35208333333333,16.220833333333335,0,1.0,0.25,0.002993052490280138,0.08522483017301997
14223.0,2011-06-09,80.33194444444445,1,304.9,80.33194444444445,0.0,1,1.0,1.0,0.05214824532633651,0.4916168363354651
14224.0,2011-06-09,31.41111111111111,2,246.035,136.41805555555555,105.00694444444444,0,0.0,0.0,0.0,0.33538079638905677
14226.0,2011-06-09,26.405555555555555,2,846.0,85.35,58.94444444444444,0,2.0,1.0,0.018055555555555557,0.24074483740094083
14227.0,2011-06-09,12.381944444444445,7,342.7885714285714,100.48125,4.903472222222223,0,4.0,0.5714285714285714,0.004375875175035007,0.09098072402504655
14229.0,2011-06-09,107.59375,2,381.065,149.49791666666667,41.90416666666667,0,2.0,1.0,0.1267500295225224,0.3114472047340441
14231.0,2011-06-09,48.24305555555556,2,308.975,104.50347222222223,56.260416666666664,0,1.0,0.5,0.03843353022089165,0.333137882141051
14232.0,2011-06-09,2.6166666666666667,2,501.985,80.46944444444445,77.85277777777777,0,1.0,0.5,0.0016434754026514735,0.2801243520504102
14233.0,2011-06-09,27.552083333333332,3,319.70000000000005,133.4701388888889,52.95902777777778,0,0.0,0.0,0.0,0.21512397997383487
14235.0,2011-06-09,42.46041666666667,2,632.2750000000001,76.44236111111111,33.981944444444444,0,0.0,0.0,0.0,0.34609465652243143
14238.0,2011-06-09,142.38888888888889,1,146.85,142.38888888888889,0.0,1,0.0,0.0,0.0,0.5977643023368875
14239.0,2011-06-09,16.56875,6,215.84000000000003,132.38541666666666,31.945833333333333,0,2.0,0.3333333333333333,0.04428434642945392,0.12176238419145954
14240.0,2011-06-09,41.513888888888886,1,226.85,41.513888888888886,0.0,1,0.0,0.0,0.0,0.5548663814799221
14242.0,2011-06-09,50.50972222222222,2,140.27499999999998,141.6298611111111,91.12013888888889,0,0.0,0.0,0.0,0.38392973580772943
14243.0,2011-06-09,61.57013888888889,4,324.9425,173.43819444444443,40.00277777777778,0,1.0,0.25,0.011540503319818122,0.15734131616209948
14245.0,2011-06-09,35.638888888888886,2,846.725,79.55486111111111,43.91597222222222,0,2.0,1.0,0.006997549381440255,0.25233131183884766
14246.0,2011-06-09,61.64930555555556,1,449.64,61.64930555555556,0.0,1,0.0,0.0,0.0,0.5147674578418202
14247.0,2011-06-09,94.36041666666667,1,136.76999999999998,94.36041666666667,0.0,1,0.0,0.0,0.0,0.5946656224824471
14248.0,2011-06-09,134.38541666666666,1,302.58,134.38541666666666,0.0,1,0.0,0.0,0.0,0.5516827185050156
14256.0,2011-06-09,76.44652777777777,1,445.2,76.44652777777777,0.0,1,1.0,1.0,0.07637017070979335,0.46849295038842376
14257.0,2011-06-09,0.5847222222222223,2,515.295,134.54930555555555,133.96458333333334,0,0.0,0.0,0.0,0.267398853007504
14258.0,2011-06-09,15.618055555555555,6,1267.97,153.4875,33.99236111111111,0,0.0,0.0,0.0,0.08267345586189852
14262.0,2011-06-09,56.484027777777776,1,240.0,56.484027777777776,0.0,1,0.0,0.0,0.0,0.5537379011215291
14264.0,2011-06-09,61.486111111111114,1,115.7,61.486111111111114,0.0,1,0.0,0.0,0.0,0.5997335340093723
14267.0,2011-06-09,76.46388888888889,2,418.18,76.51527777777778,0.05138888888888889,0,2.0,1.0,0.032701229135778845,0.3322683450396855
14270.0,2011-06-09,147.60208333333333,1,492.65000000000003,147.60208333333333,0.0,1,0.0,0.0,0.0,0.5229804089032057
14271.0,2011-06-09,41.46736111111111,1,112.32,41.46736111111111,0.0,1,0.0,0.0,0.0,0.5984024044889527
14272.0,2011-06-09,70.41875,1,132.09,70.41875,0.0,1,0.0,0.0,0.0,0.5930520224881818
14273.0,2011-06-09,33.64930555555556,2,109.35,58.44166666666667,24.792361111111113,0,0.0,0.0,0.0,0.4607705571015891
14276.0,2011-06-09,105.59861111111111,1,341.2,105.59861111111111,0.0,1,1.0,1.0,0.22362250879249707,0.5002310458758373
14277.0,2011-06-09,28.444444444444443,1,1629.03,28.444444444444443,0.0,1,0.0,0.0,0.0,0.4275478910838825
14280.0,2011-06-09,12.557638888888889,1,134.04,12.557638888888889,0.0,1,0.0,0.0,0.0,0.5829977332187115
14282.0,2011-06-09,19.369444444444444,4,302.57,82.42291666666667,21.073611111111113,0,0.0,0.0,0.0,0.24330524325480182
14286.0,2011-06-09,58.65555555555556,1,2050.08,58.65555555555556,0.0,1,0.0,0.0,0.0,0.41804034426931763
14287.0,2011-06-09,14.511111111111111,2,41.64,14.513194444444444,0.0020833333333333333,0,0.0,0.0,0.0,0.5430120342500708
14288.0,2011-06-09,29.443055555555556,1,426.6,29.443055555555556,0.0,1,1.0,1.0,0.029887482419127986,0.4603710770535471
14289.0,2011-06-09,15.384027777777778,3,198.07333333333335,105.47708333333334,45.046527777777776,0,0.0,0.0,0.0,0.25757836670689443
14290.0,2011-06-09,177.56666666666666,1,777.5600000000001,177.56666666666666,0.0,1,1.0,1.0,0.009259735583106126,0.44531676080271465
14291.0,2011-06-09,26.58125,3,537.82,91.36111111111111,32.38993055555556,0,0.0,0.0,0.0,0.2481762690004438
14292.0,2011-06-09,20.274305555555557,2,562.605,98.64861111111111,78.37430555555555,0,3.0,1.5,0.03368260146994783,0.2163324895835903
14293.0,2011-06-09,121.34236111111112,1,143.1,121.34236111111112,0.0,1,0.0,0.0,0.0,0.5960937064511067
14297.0,2011-06-09,90.6451388888889,1,232.6,90.6451388888889,0.0,1,0.0,0.0,0.0,0.5611940788689364
14298.0,2011-06-09,6.595833333333333,30,1016.4663333333334,176.45902777777778,0.009027777777777777,0,0.0,0.0,0.0,0.026043916996445253
14299.0,2011-06-09,134.38611111111112,3,378.8999999999999,153.4451388888889,9.52951388888889,0,4.0,1.3333333333333333,0.72952406087798,0.27213376986247706
14304.0,2011-06-09,38.50694444444444,1,383.45,38.50694444444444,0.0,1,1.0,1.0,0.48598252705698275,0.4995693041699889
14307.0,2011-06-09,35.58541666666667,2,455.93500000000006,140.38680555555555,104.8013888888889,0,0.0,0.0,0.0,0.3019876957135733
14309.0,2011-06-09,50.55555555555556,4,233.97,174.45486111111111,48.83263888888889,0,1.0,0.25,0.035100653929991024,0.15877179358864876
14311.0,2011-06-09,58.57361111111111,1,310.26,58.57361111111111,0.0,1,1.0,1.0,0.2596209630632373,0.5010137297469568
14312.0,2011-06-09,2.6243055555555554,4,213.6475,153.30902777777777,37.03680555555555,0,0.0,0.0,0.0,0.1257742445319363
14315.0,2011-06-09,7.3875,2,428.1,82.45902777777778,75.07152777777777,0,0.0,0.0,0.0,0.326791988271961
14320.0,2011-06-09,22.608333333333334,2,238.89499999999998,148.61666666666667,126.00833333333334,0,1.0,0.5,0.2818811611795977,0.2983485265964656
14321.0,2011-06-09,149.51736111111111,1,326.82,149.51736111111111,0.0,1,0.0,0.0,0.0,0.5492581376892713
14323.0,2011-06-09,54.51111111111111,1,299.82,54.51111111111111,0.0,1,2.0,2.0,0.102728303648856,0.43756838931425
14326.0,2011-06-09,58.37222222222222,1,183.85,58.37222222222222,0.0,1,1.0,1.0,0.09246668479738918,0.5229773040548363
14329.0,2011-06-09,89.48819444444445,2,1062.8,145.42916666666667,55.94097222222222,0,3.0,1.5,0.018630033872788863,0.21107400316619485
14334.0,2011-06-09,19.55763888888889,5,335.646,174.26597222222222,39.975347222222226,0,1.0,0.2,0.007597290001966357,0.09304208402549799
14336.0,2011-06-09,14.386111111111111,3,371.46333333333337,92.3,38.956944444444446,0,0.0,0.0,0.0,0.24518564574120796
14338.0,2011-06-09,12.4375,1,579.97,12.4375,0.0,1,1.0,1.0,0.04836457058123696,0.43941343898628615
14339.0,2011-06-09,58.5375,1,309.52,58.5375,0.0,1,3.0,3.0,0.06335616438356165,0.38090169989110184
14340.0,2011-06-09,34.59444444444444,1,134.7,34.59444444444444,0.0,1,0.0,0.0,0.0,0.5862011005456583
14341.0,2011-06-09,31.363888888888887,4,175.78750000000002,134.42013888888889,0.0006944444444444445,0,1.0,0.25,0.02261252933229041,0.1491236647211373
14342.0,2011-06-09,26.42361111111111,1,309.6,26.42361111111111,0.0,1,2.0,2.0,0.19654392764857884,0.4372745891148616
14344.0,2011-06-09,22.59722222222222,4,76.3075,174.25625,49.83680555555556,0,0.0,0.0,0.0,0.17024677191916127
14346.0,2011-06-09,113.42222222222222,1,262.44,113.42222222222222,0.0,1,0.0,0.0,0.0,0.5572697318582399
14348.0,2011-06-09,76.31736111111111,1,409.57,76.31736111111111,0.0,1,0.0,0.0,0.0,0.5231094569089239
14350.0,2011-06-09,90.40694444444445,1,282.93,90.40694444444445,0.0,1,1.0,1.0,0.0856395574877178,0.5003155570692721
14352.0,2011-06-09,50.65486111111111,2,422.65999999999997,89.37638888888888,38.72152777777778,0,0.0,0.0,0.0,0.3666688302925547
14353.0,2011-06-09,31.329166666666666,1,90.6,31.329166666666666,0.0,1,0.0,0.0,0.0,0.6098113557858886
14364.0,2011-06-09,3.511111111111111,4,540.4625,27.461111111111112,10.959722222222222,0,0.0,0.0,0.0,0.2860724916058329
14367.0,2011-06-09,0.45555555555555555,8,514.59625,92.40833333333333,15.088888888888889,0,2.0,0.25,0.0203436189051125,0.1024988748562147
14368.0,2011-06-09,135.5888888888889,1,155.0,135.5888888888889,0.0,1,0.0,0.0,0.0,0.593419578368826
14371.0,2011-06-09,111.30902777777777,1,100.5,111.30902777777777,0.0,1,0.0,0.0,0.0,0.6158998299333863
14373.0,2011-06-09,174.34722222222223,1,76.55,174.34722222222223,0.0,1,0.0,0.0,0.0,0.6412362053497849
14375.0,2011-06-09,1.4277777777777778,1,235.56,1.4277777777777778,0.0,1,0.0,0.0,0.0,0.5459988603942612
14377.0,2011-06-09,7.436111111111111,2,308.525,78.43194444444444,70.99583333333334,0,0.0,0.0,0.0,0.34915534314551844
14379.0,2011-06-09,111.37291666666667,1,110.98,111.37291666666667,0.0,1,0.0,0.0,0.0,0.609962191543562
14386.0,2011-06-09,112.59375,1,142.4,112.59375,0.0,1,0.0,0.0,0.0,0.5950371319101297
14388.0,2011-06-09,19.31597222222222,2,430.195,97.65,78.33402777777778,0,0.0,0.0,0.0,0.3254064681035024
14389.0,2011-06-09,6.497222222222222,1,311.14,6.497222222222222,0.0,1,1.0,1.0,0.040303400398534424,0.4774177374878715
14390.0,2011-06-09,27.289583333333333,2,405.21500000000003,55.446527777777774,28.156944444444445,0,0.0,0.0,0.0,0.3753734250540596
14393.0,2011-06-09,34.23888888888889,1,67.95,34.23888888888889,0.0,1,0.0,0.0,0.0,0.6273636586680393
14395.0,2011-06-09,38.47152777777778,4,329.315,150.35902777777778,24.3,0,1.0,0.25,0.007553558143418915,0.13981689215157472
14397.0,2011-06-09,14.38888888888889,2,121.12,29.48263888888889,15.09375,0,0.0,0.0,0.0,0.4607444107559185
14401.0,2011-06-09,131.33819444444444,2,276.06,175.6201388888889,44.28194444444444,0,0.0,0.0,0.0,0.39996088236912086
14403.0,2011-06-09,33.3,2,488.005,63.40069444444445,30.100694444444443,0,1.0,0.5,0.05071669347650127,0.3287911658146107
14404.0,2011-06-09,75.57986111111111,2,284.675,143.3486111111111,67.76875,0,1.0,0.5,0.06955299903398612,0.3336151379912836
14407.0,2011-06-09,21.480555555555554,2,501.34000000000003,92.50069444444445,71.0201388888889,0,2.0,1.0,0.02962061674711772,0.25675953542533375
14408.0,2011-06-09,5.572916666666667,3,360.59666666666664,80.38819444444445,37.40763888888889,0,0.0,0.0,0.0,0.2499885450074853
14409.0,2011-06-09,134.52916666666667,1,337.3,134.52916666666667,0.0,1,0.0,0.0,0.0,0.5448603197576727
14410.0,2011-06-09,22.465972222222224,6,129.0,121.6,3.95,0,2.0,0.3333333333333333,0.08914728682170543,0.13574247966423517
14411.0,2011-06-09,126.54444444444445,1,1063.0,126.54444444444445,0.0,1,0.0,0.0,0.0,0.4705442889467246
14413.0,2011-06-09,178.4326388888889,1,121.05,178.4326388888889,0.0,1,0.0,0.0,0.0,0.6148888124196258
14414.0,2011-06-09,174.53402777777777,1,217.2,174.53402777777777,0.0,1,0.0,0.0,0.0,0.5787215834088524
14415.0,2011-06-09,14.3375,5,473.16,176.43680555555557,35.54895833333333,0,2.0,0.4,0.01270183447459633,0.06829926741456492
14419.0,2011-06-09,68.50902777777777,1,183.04,68.50902777777777,0.0,1,0.0,0.0,0.0,0.572619591259827
14421.0,2011-06-09,27.549305555555556,1,455.18,27.549305555555556,0.0,1,0.0,0.0,0.0,0.5084089612634889
14422.0,2011-06-09,83.27361111111111,1,401.31,83.27361111111111,0.0,1,0.0,0.0,0.0,0.5255398445974692
14423.0,2011-06-09,34.36666666666667,1,265.2,34.36666666666667,0.0,1,0.0,0.0,0.0,0.5438622020631694
14426.0,2011-06-09,92.36319444444445,3,498.52666666666664,128.58958333333334,18.113194444444446,0,3.0,1.0,0.016214445231950148,0.22026350513128468
14428.0,2011-06-09,55.59513888888889,2,165.31,141.30625,85.71111111111111,0,1.0,0.5,0.012824390538987358,0.34225541772187795
14431.0,2011-06-09,118.55555555555556,1,470.36,118.55555555555556,0.0,1,1.0,1.0,0.10013606599200613,0.4735355625611479
14438.0,2011-06-09,122.37777777777778,1,131.9,122.37777777777778,0.0,1,0.0,0.0,0.0,0.6012132734971807
14439.0,2011-06-09,135.51458333333332,1,2661.24,135.51458333333332,0.0,1,0.0,0.0,0.0,0.41428092452035026
14440.0,2011-06-09,132.5625,1,529.01,132.5625,0.0,1,0.0,0.0,0.0,0.5159989863698762
14441.0,2011-06-09,71.49930555555555,1,356.84000000000003,71.49930555555555,0.0,1,2.0,2.0,0.2454881739715278,0.43894219141312457
14442.0,2011-06-09,20.516666666666666,2,794.9100000000001,132.60208333333333,112.08541666666666,0,2.0,1.0,0.025757632939578067,0.2067921229856972
14443.0,2011-06-09,126.36875,1,304.9,126.36875,0.0,1,1.0,1.0,0.01229911446375861,0.49648415961003256
14446.0,2011-06-09,62.49305555555556,1,303.04,62.49305555555556,0.0,1,0.0,0.0,0.0,0.5399876687783101
14447.0,2011-06-09,12.396527777777777,2,300.515,96.54930555555555,84.15277777777777,0,0.0,0.0,0.0,0.33961994340705837
14449.0,2011-06-09,62.48888888888889,1,189.67,62.48888888888889,0.0,1,0.0,0.0,0.0,0.5694437005527124
14450.0,2011-06-09,59.45902777777778,2,134.725,136.5048611111111,77.04583333333333,0,0.0,0.0,0.0,0.401113109643473
14451.0,2011-06-09,10.475694444444445,1,360.0,10.475694444444445,0.0,1,0.0,0.0,0.0,0.5205741894014457
14453.0,2011-06-09,6.40625,1,119.93,6.40625,0.0,1,0.0,0.0,0.0,0.5888564063885763
14457.0,2011-06-09,126.59791666666666,1,113.64,126.59791666666666,0.0,1,0.0,0.0,0.0,0.6108598023140461
14460.0,2011-06-09,126.50347222222223,1,30.0,126.50347222222223,0.0,1,1.0,1.0,1.7,0.7317121613281069
14461.0,2011-06-09,77.48958333333333,1,776.23,77.48958333333333,0.0,1,0.0,0.0,0.0,0.482509497151047
14462.0,2011-06-09,1.551388888888889,7,159.60999999999999,155.46875,29.406597222222224,0,3.0,0.42857142857142855,0.03058347579367566,0.072789741667067
14463.0,2011-06-09,21.3875,1,115.92,21.3875,0.0,1,0.0,0.0,0.0,0.5933147323909125
14465.0,2011-06-09,62.47361111111111,3,346.1466666666667,118.49097222222223,28.008680555555557,0,0.0,0.0,0.0,0.28831745967731387
14466.0,2011-06-09,3.342361111111111,3,321.98333333333335,124.58611111111111,60.621875,0,0.0,0.0,0.0,0.1929994372393176
14467.0,2011-06-09,128.47569444444446,1,131.7,128.47569444444446,0.0,1,0.0,0.0,0.0,0.6022427389991591
14470.0,2011-06-09,103.50277777777778,1,297.64,103.50277777777778,0.0,1,0.0,0.0,0.0,0.5477559920530538
14472.0,2011-06-09,3.4694444444444446,5,291.442,171.41458333333333,38.511111111111106,0,0.0,0.0,0.0,0.09283656534993673
14473.0,2011-06-09,98.41944444444445,1,85.0,98.41944444444445,0.0,1,0.0,0.0,0.0,0.6239093904823303
14475.0,2011-06-09,2.4541666666666666,2,311.08500000000004,120.575,118.12083333333334,0,2.0,1.0,0.04264107880482826,0.24296405514328306
14476.0,2011-06-09,73.34791666666666,1,193.0,73.34791666666666,0.0,1,0.0,0.0,0.0,0.570092320398342
14477.0,2011-06-09,0.4354166666666667,2,261.5,113.34444444444445,112.90902777777778,0,0.0,0.0,0.0,0.3205081172694049
14479.0,2011-06-09,69.62013888888889,1,141.85,69.62013888888889,0.0,1,0.0,0.0,0.0,0.5885564930917182
14481.0,2011-06-09,103.42152777777778,1,302.86,103.42152777777778,0.0,1,0.0,0.0,0.0,0.5466458950716241
14482.0,2011-06-09,55.30486111111111,1,238.1,55.30486111111111,0.0,1,0.0,0.0,0.0,0.554047741511269
14483.0,2011-06-09,97.56527777777778,1,137.1,97.56527777777778,0.0,1,0.0,0.0,0.0,0.5950175775554687
14489.0,2011-06-09,23.38125,1,463.38,23.38125,0.0,1,0.0,0.0,0.0,0.5065875317279216
14496.0,2011-06-09,127.62430555555555,1,234.47,127.62430555555555,0.0,1,0.0,0.0,0.0,0.5665876934523795
14497.0,2011-06-09,125.29097222222222,1,475.37,125.29097222222222,0.0,1,1.0,1.0,0.03765487935713233,0.46973971183564966
14498.0,2011-06-09,2.3930555555555557,2,156.62,177.52152777777778,175.12847222222223,0,0.0,0.0,0.0,0.2961403471233911
14499.0,2011-06-09,94.50347222222223,1,122.87,94.50347222222223,0.0,1,0.0,0.0,0.0,0.6012153074937963
14500.0,2011-06-09,5.5777777777777775,1,284.85,5.5777777777777775,0.0,1,0.0,0.0,0.0,0.5346545430134955
14501.0,2011-06-09,135.5534722222222,1,66.93,135.5534722222222,0.0,1,0.0,0.0,0.0,0.6433709378939969
14502.0,2011-06-09,50.484722222222224,6,176.65666666666667,129.3388888888889,20.866666666666667,0,2.0,0.3333333333333333,0.09269392607128706,0.17514809659554778
14504.0,2011-06-09,59.33263888888889,3,180.90333333333334,94.39027777777778,17.528819444444444,0,0.0,0.0,0.0,0.359760764698965
14505.0,2011-06-09,20.43402777777778,5,631.972,178.32361111111112,39.936458333333334,0,2.0,0.4,0.014380383941060679,0.06900837094828169
14506.0,2011-06-09,99.46805555555555,1,297.16,99.46805555555555,0.0,1,0.0,0.0,0.0,0.547207443251486
14507.0,2011-06-09,31.404166666666665,3,205.10333333333335,92.27569444444444,30.43576388888889,0,1.0,0.3333333333333333,0.024377955827144044,0.27457632444087576
14512.0,2011-06-09,3.472916666666667,2,137.64,48.204861111111114,44.731944444444444,0,0.0,0.0,0.0,0.42192362593827354
14513.0,2011-06-09,22.485416666666666,2,158.675,104.6,82.11458333333333,0,1.0,0.5,0.053883724594296516,0.34537418342305204
14514.0,2011-06-09,17.367361111111112,2,201.555,147.35972222222222,129.9923611111111,0,0.0,0.0,0.0,0.32269166580843456
14515.0,2011-06-09,7.4625,2,382.825,34.490972222222226,27.028472222222224,0,0.0,0.0,0.0,0.376788284172098
14520.0,2011-06-09,106.61458333333333,1,165.0,106.61458333333333,0.0,1,0.0,0.0,0.0,0.5850681387219633
14522.0,2011-06-09,14.332638888888889,1,278.63,14.332638888888889,0.0,1,0.0,0.0,0.0,0.5374797684505046
14524.0,2011-06-09,52.46319444444445,4,188.4325,176.54097222222222,44.99722222222222,0,0.0,0.0,0.0,0.18056915894468
14525.0,2011-06-09,1.476388888888889,5,386.408,177.26388888888889,42.402430555555554,0,1.0,0.2,0.024999482412372414,0.0733309004820952
14527.0,2011-06-09,0.48541666666666666,25,121.80120000000001,175.47916666666666,6.981944444444444,0,14.0,0.56,0.09338495844047513,0.01003544486057181
14530.0,2011-06-09,1.3958333333333333,3,499.0133333333333,112.55069444444445,55.57743055555556,0,0.0,0.0,0.0,0.1876532006131912
14532.0,2011-06-09,52.454861111111114,4,233.21250000000003,168.425,38.860416666666666,0,0.0,0.0,0.0,0.1794628604725995
14533.0,2011-06-09,168.53680555555556,1,433.5,168.53680555555556,0.0,1,0.0,0.0,0.0,0.534487544304063
14534.0,2011-06-09,2.484722222222222,9,206.91111111111113,134.47708333333333,13.446180555555555,0,1.0,0.1111111111111111,0.0020137471807539467,0.08862050418618635
14535.0,2011-06-09,64.46527777777777,1,852.87,64.46527777777777,0.0,1,0.0,0.0,0.0,0.47436763326645737
14536.0,2011-06-09,75.48541666666667,1,170.95,75.48541666666667,0.0,1,0.0,0.0,0.0,0.5779703753558033
14538.0,2011-06-09,72.37708333333333,1,106.5,72.37708333333333,0.0,1,0.0,0.0,0.0,0.6064462042596847
14540.0,2011-06-09,125.37361111111112,1,195.9,125.37361111111112,0.0,1,0.0,0.0,0.0,0.5774089486298009
14541.0,2011-06-09,30.275,6,167.57500000000002,135.40555555555557,28.213194444444444,0,0.0,0.0,0.0,0.17361313965444342
14542.0,2011-06-09,1.6534722222222222,1,103.25,1.6534722222222222,0.0,1,0.0,0.0,0.0,0.5972481241669353
14543.0,2011-06-09,6.315277777777778,8,271.31875,134.51319444444445,22.124305555555555,0,3.0,0.375,0.24256985556656144,0.08099768659333294
14544.0,2011-06-09,177.46527777777777,1,1101.77,177.46527777777777,0.0,1,0.0,0.0,0.0,0.4766757470846077
14546.0,2011-06-09,17.513194444444444,2,437.44,64.47430555555556,46.96111111111111,0,1.0,0.5,0.019854151426481344,0.3161795116733255
14548.0,2011-06-09,133.64027777777778,1,326.4,133.64027777777778,0.0,1,0.0,0.0,0.0,0.5467896824764374
14549.0,2011-06-09,127.42569444444445,1,289.24,127.42569444444445,0.0,1,0.0,0.0,0.0,0.5534033734164626
14551.0,2011-06-09,20.235416666666666,1,125.43,20.235416666666666,0.0,1,0.0,0.0,0.0,0.588303541943929
14553.0,2011-06-09,34.53611111111111,2,156.16,155.34722222222223,120.81111111111112,0,0.0,0.0,0.0,0.347833911589127
14555.0,2011-06-09,118.27847222222222,1,186.34,118.27847222222222,0.0,1,0.0,0.0,0.0,0.5793904479148264
14560.0,2011-06-09,12.333333333333334,9,136.88888888888889,173.60972222222222,9.935416666666667,0,1.0,0.1111111111111111,0.0080762987012987,0.07101679460136726
14561.0,2011-06-09,0.44027777777777777,1,222.07,0.44027777777777777,0.0,1,0.0,0.0,0.0,0.5495568577023869
14562.0,2011-06-09,48.170138888888886,3,296.8666666666667,120.38541666666667,36.107638888888886,0,0.0,0.0,0.0,0.26887763162301814
14565.0,2011-06-09,21.452083333333334,2,938.7750000000001,177.44097222222223,155.98888888888888,0,1.0,0.5,0.005592394343692578,0.19810073072593065
14570.0,2011-06-09,96.54305555555555,2,109.03,96.55625,0.013194444444444444,0,0.0,0.0,0.0,0.49582599478941825
14572.0,2011-06-09,70.30972222222222,3,357.77666666666664,140.27569444444444,34.98298611111111,0,1.0,0.3333333333333333,0.013928614685138774,0.23861403625525107
14573.0,2011-06-09,16.489583333333332,6,160.54999999999998,103.27430555555556,11.972222222222221,0,4.0,0.6666666666666666,0.05159348074327831,0.12151880686005093
14577.0,2011-06-09,48.52013888888889,2,234.00500000000002,178.5236111111111,130.00347222222223,0,0.0,0.0,0.0,0.31896313346782
14583.0,2011-06-09,1.4673611111111111,2,137.805,21.522222222222222,20.054861111111112,0,0.0,0.0,0.0,0.4456193494224706
14584.0,2011-06-09,13.3125,2,237.4,14.270138888888889,0.9576388888888889,0,0.0,0.0,0.0,0.43204740803656705
14586.0,2011-06-09,92.58055555555555,1,237.36,92.58055555555555,0.0,1,2.0,2.0,0.43478260869565216,0.4810311126578906
14587.0,2011-06-09,0.41041666666666665,8,181.585,147.44722222222222,19.98472222222222,0,1.0,0.125,0.0019963102679186055,0.0851736768529206
14591.0,2011-06-09,29.410416666666666,1,204.02,29.410416666666666,0.0,1,0.0,0.0,0.0,0.5595733183914018
14593.0,2011-06-09,14.527083333333334,2,169.795,14.531944444444445,0.004861111111111111,0,0.0,0.0,0.0,0.4542887559861387
14595.0,2011-06-09,129.43333333333334,1,163.8,129.43333333333334,0.0,1,0.0,0.0,0.0,0.5890815314270409
14597.0,2011-06-09,7.477083333333334,1,165.1,7.477083333333334,0.0,1,0.0,0.0,0.0,0.5692683182473239
14600.0,2011-06-09,121.59166666666667,1,393.33000000000004,121.59166666666667,0.0,1,0.0,0.0,0.0,0.5330461841712841
14603.0,2011-06-09,90.56458333333333,1,660.0,90.56458333333333,0.0,1,0.0,0.0,0.0,0.4950098959765904
14606.0,2011-06-09,1.5451388888888888,47,135.0276595744681,176.45138888888889,3.0548611111111112,0,19.0,0.40425531914893614,0.02011723366370956,0.004376669436812771
14607.0,2011-06-09,77.35972222222222,1,495.0,77.35972222222222,0.0,1,0.0,0.0,0.0,0.5112073837525668
14608.0,2011-06-09,178.3826388888889,1,204.0,178.3826388888889,0.0,1,0.0,0.0,0.0,0.5831883587211856
14609.0,2011-06-09,112.49305555555556,1,144.0,112.49305555555556,0.0,1,0.0,0.0,0.0,0.5943389235774926
14616.0,2011-06-09,58.5875,3,135.36,133.47083333333333,37.44166666666667,0,0.0,0.0,0.0,0.3069382815900218
14618.0,2011-06-09,153.50069444444443,1,211.8,153.50069444444443,0.0,1,0.0,0.0,0.0,0.5769917295594303
14619.0,2011-06-09,61.68263888888889,1,394.44,61.68263888888889,0.0,1,1.0,1.0,0.037851130716965824,0.47116759826871446
14620.0,2011-06-09,21.50138888888889,2,206.39,99.64583333333333,78.14444444444445,0,1.0,0.5,0.047240660884732784,0.33332778416543835
14621.0,2011-06-09,3.454861111111111,2,318.155,174.45833333333334,171.00347222222223,0,0.0,0.0,0.0,0.26325286321430064
14622.0,2011-06-09,0.4708333333333333,1,320.58000000000004,0.4708333333333333,0.0,1,0.0,0.0,0.0,0.5263189187522654
14623.0,2011-06-09,2.426388888888889,2,198.93,51.420833333333334,48.99444444444445,0,0.0,0.0,0.0,0.3949698459888839
14625.0,2011-06-09,12.352777777777778,2,449.815,177.35,164.99722222222223,0,2.0,1.0,0.015006169202894524,0.1953055131510734
14626.0,2011-06-09,49.44583333333333,1,586.9,49.44583333333333,0.0,1,1.0,1.0,0.02981768614755495,0.44341112493050455
14628.0,2011-06-09,58.386805555555554,1,331.58000000000004,58.386805555555554,0.0,1,0.0,0.0,0.0,0.5336152651146931
14631.0,2011-06-09,51.299305555555556,2,315.03999999999996,114.60347222222222,63.30416666666667,0,0.0,0.0,0.0,0.36158438363756285
14632.0,2011-06-09,78.63263888888889,1,114.56,78.63263888888889,0.0,1,0.0,0.0,0.0,0.6030030833739979
14633.0,2011-06-09,82.28680555555556,1,344.90000000000003,82.28680555555556,0.0,1,0.0,0.0,0.0,0.535000766099935
14636.0,2011-06-09,84.58888888888889,1,300.19,84.58888888888889,0.0,1,0.0,0.0,0.0,0.5441642207589457
14639.0,2011-06-09,107.44375,2,617.565,177.42361111111111,69.9798611111111,0,2.0,1.0,0.026029648700946456,0.2583024817244856
14640.0,2011-06-09,43.47847222222222,1,395.75,43.47847222222222,0.0,1,1.0,1.0,0.042072015161086544,0.4682605508732404
14643.0,2011-06-09,174.2548611111111,1,357.94,174.2548611111111,0.0,1,1.0,1.0,0.07040286081466168,0.49809369834303485
14644.0,2011-06-09,114.40694444444445,1,187.50000000000003,114.40694444444445,0.0,1,0.0,0.0,0.0,0.5783969552212758
14645.0,2011-06-09,91.58888888888889,1,240.10000000000002,91.58888888888889,0.0,1,0.0,0.0,0.0,0.5593558412874591
14646.0,2011-06-09,7.566666666666666,27,4301.3303703703705,170.57708333333332,1.2114583333333333,0,1.0,0.037037037037037035,0.00038747701830751415,0.0185819387347125
14647.0,2011-06-09,17.430555555555557,1,236.04000000000002,17.430555555555557,0.0,1,0.0,0.0,0.0,0.5484684851815439
14649.0,2011-06-09,28.3875,2,291.06,28.39097222222222,0.003472222222222222,0,0.0,0.0,0.0,0.4226429819985543
14651.0,2011-06-09,27.313194444444445,1,415.47,27.313194444444445,0.0,1,0.0,0.0,0.0,0.5141937849152356
14653.0,2011-06-09,154.43055555555554,1,344.81,154.43055555555554,0.0,1,0.0,0.0,0.0,0.5466711014740909
14655.0,2011-06-09,38.37569444444444,1,810.56,38.37569444444444,0.0,1,0.0,0.0,0.0,0.4733412799458658
14656.0,2011-06-09,99.44513888888889,1,133.11,99.44513888888889,0.0,1,0.0,0.0,0.0,0.5971119598347151
14657.0,2011-06-09,98.32152777777777,2,262.2,142.36180555555555,44.040277777777774,0,1.0,0.5,0.018974065598779555,0.35998782449982647
14659.0,2011-06-09,3.3618055555555557,5,276.352,131.4701388888889,32.060763888888886,0,1.0,0.2,0.038718735525706344,0.12012060418630174
14662.0,2011-06-09,50.481944444444444,3,170.76,132.26319444444445,40.890625,0,0.0,0.0,0.0,0.2823947476642866
14665.0,2011-06-09,112.55972222222222,3,243.88666666666668,126.61944444444444,7.029861111111111,0,1.0,0.3333333333333333,0.024328239892846406,0.3554554487430105
14667.0,2011-06-09,30.45625,7,319.23,176.55972222222223,26.009027777777778,0,2.0,0.2857142857142857,0.004475053812522095,0.0748115953930876
14669.0,2011-06-09,57.511805555555554,3,419.74666666666667,148.47916666666666,45.48368055555556,0,0.0,0.0,0.0,0.22664717753203617
14670.0,2011-06-09,96.40763888888888,2,196.43,96.41805555555555,0.010416666666666666,0,0.0,0.0,0.0,0.458427916517173
14672.0,2011-06-09,50.57013888888889,2,382.775,152.34166666666667,101.77152777777778,0,0.0,0.0,0.0,0.31624220976693096
14676.0,2011-06-09,23.355555555555554,3,382.84,99.39861111111111,38.02152777777778,0,2.0,0.6666666666666666,0.004353428760491764,0.19662097768798606
14680.0,2011-06-09,14.495833333333334,8,1606.625,176.4451388888889,22.95625,0,4.0,0.5,0.012287403718976114,0.03152324102635127
14681.0,2011-06-09,27.552083333333332,1,393.95,27.552083333333332,0.0,1,0.0,0.0,0.0,0.5176233527109118
14682.0,2011-06-09,3.4916666666666667,2,26.0,17.464583333333334,13.972916666666666,0,0.0,0.0,0.0,0.5564895392805156
14684.0,2011-06-09,31.459722222222222,2,246.72,178.46944444444443,147.00972222222222,0,0.0,0.0,0.0,0.2992757893009469
14688.0,2011-06-09,14.501388888888888,9,260.16111111111115,141.59444444444443,14.005902777777777,0,2.0,0.2222222222222222,0.008153067543616138,0.0799806895092184
14689.0,2011-06-09,24.52638888888889,1,112.8,24.52638888888889,0.0,1,0.0,0.0,0.0,0.5954761212737912
14691.0,2011-06-09,28.586805555555557,1,439.6,28.586805555555557,0.0,1,0.0,0.0,0.0,0.5108010717997958
14692.0,2011-06-09,51.36527777777778,3,160.1,138.42569444444445,43.530208333333334,0,1.0,0.3333333333333333,0.01977930460129086,0.24970417586062363
14693.0,2011-06-09,80.46527777777777,1,172.9,80.46527777777777,0.0,1,0.0,0.0,0.0,0.5780568122459946
14696.0,2011-06-09,3.436111111111111,3,292.25666666666666,141.49375,69.02881944444445,0,0.0,0.0,0.0,0.1772622412632192
14697.0,2011-06-09,34.34791666666667,2,94.30499999999999,34.35486111111111,0.006944444444444444,0,0.0,0.0,0.0,0.4948221809185164
14699.0,2011-06-09,30.379166666666666,1,109.13000000000001,30.379166666666666,0.0,1,0.0,0.0,0.0,0.5984126441596905
14700.0,2011-06-09,5.500694444444444,2,770.55,54.44722222222222,48.946527777777774,0,0.0,0.0,0.0,0.3163307844792563
14701.0,2011-06-09,63.37361111111111,5,346.78000000000003,132.47222222222223,18.978819444444444,0,2.0,0.4,0.03270084779975777,0.17257262831947012
14702.0,2011-06-09,97.19583333333334,5,175.05,153.23333333333332,16.11076388888889,0,0.0,0.0,0.0,0.27253721128369146
14705.0,2011-06-09,14.472916666666666,1,179.0,14.472916666666666,0.0,1,0.0,0.0,0.0,0.5653530794376997
14709.0,2011-06-09,3.513888888888889,5,388.608,174.4284722222222,40.910763888888894,0,1.0,0.2,0.005095108695652174,0.07594118768648443
14711.0,2011-06-09,1.4513888888888888,6,266.05,78.43611111111112,15.9625,0,1.0,0.16666666666666666,0.019169329073482427,0.16918860240355088
14713.0,2011-06-09,2.3583333333333334,6,191.78166666666667,174.19305555555556,34.99583333333333,0,1.0,0.16666666666666666,0.0018249919613449322,0.07989807974166312
14715.0,2011-06-09,114.44513888888889,2,123.725,147.43958333333333,32.99444444444445,0,0.0,0.0,0.0,0.45813768660765397
14719.0,2011-06-09,65.40486111111112,1,223.46,65.40486111111112,0.0,1,0.0,0.0,0.0,0.5596595998244877
14723.0,2011-06-09,174.1951388888889,1,208.46,174.1951388888889,0.0,1,0.0,0.0,0.0,0.5812049581479158
14727.0,2011-06-09,90.38541666666667,1,268.58,90.38541666666667,0.0,1,0.0,0.0,0.0,0.5521183209460394
14730.0,2011-06-09,48.547916666666666,3,176.4333333333333,92.46597222222222,21.959027777777777,0,0.0,0.0,0.0,0.3437479680382852
14731.0,2011-06-09,21.540277777777778,2,125.50999999999999,28.454166666666666,6.913888888888889,0,0.0,0.0,0.0,0.467741531052407
14732.0,2011-06-09,2.4972222222222222,4,320.8,155.38888888888889,55.885416666666664,0,0.0,0.0,0.0,0.12717275269554615
14733.0,2011-06-09,20.377777777777776,7,868.222857142857,177.34305555555557,18.569444444444443,0,1.0,0.14285714285714285,0.01599655124754013,0.05644936086535115
14735.0,2011-06-09,12.466666666666667,17,150.31823529411764,174.32986111111111,3.5177083333333337,0,2.0,0.11764705882352941,0.10096227219898177,0.047557642024788585
14737.0,2011-06-09,169.42430555555555,1,434.0,169.42430555555555,0.0,1,0.0,0.0,0.0,0.5345580518413309
14738.0,2011-06-09,15.279166666666667,4,131.4225,132.40972222222223,29.990277777777777,0,0.0,0.0,0.0,0.18518907206638568
14739.0,2011-06-09,35.50138888888889,2,296.87,154.43819444444443,118.93680555555555,0,0.0,0.0,0.0,0.3134006509613684
14740.0,2011-06-09,13.238194444444444,3,482.7366666666667,99.64236111111111,43.202083333333334,0,1.0,0.3333333333333333,0.017262689803274386,0.19755797967041805
14741.0,2011-06-09,177.51111111111112,1,310.8,177.51111111111112,0.0,1,0.0,0.0,0.0,0.5568841023503495
14744.0,2011-06-09,113.51875,4,175.7575,135.60555555555555,7.165972222222222,0,2.0,0.5,0.016286644951140065,0.30177778973988045
14745.0,2011-06-09,0.6486111111111111,2,290.83500000000004,101.35763888888889,100.70902777777778,0,1.0,0.5,0.09128887513538606,0.29483994673111563
14747.0,2011-06-09,65.41041666666666,1,328.2,65.41041666666666,0.0,1,1.0,1.0,0.10329067641681901,0.4879389694675604
14748.0,2011-06-09,28.363888888888887,1,300.71,28.363888888888887,0.0,1,1.0,1.0,0.3457151408333611,0.5038965596632479
14754.0,2011-06-09,111.48541666666667,1,228.26999999999998,111.48541666666667,0.0,1,0.0,0.0,0.0,0.5656960088604995
14755.0,2011-06-09,23.459027777777777,4,465.6275,150.4152777777778,39.80972222222222,0,1.0,0.25,0.024107253115419516,0.12294977906981834
14758.0,2011-06-09,21.49513888888889,3,402.31333333333333,75.49305555555556,26.998958333333334,0,0.0,0.0,0.0,0.2781488411611453
14759.0,2011-06-09,48.545138888888886,1,572.25,48.545138888888886,0.0,1,0.0,0.0,0.0,0.4972307988469213
14760.0,2011-06-09,113.31458333333333,1,89.2,113.31458333333333,0.0,1,1.0,1.0,0.39686098654708524,0.5970003472066693
14761.0,2011-06-09,150.49791666666667,1,97.5,150.49791666666667,0.0,1,0.0,0.0,0.0,0.6235939514486033
14762.0,2011-06-09,79.65277777777777,1,300.52,79.65277777777777,0.0,1,0.0,0.0,0.0,0.5432963450136985
14766.0,2011-06-09,29.51875,2,492.905,72.43888888888888,42.920138888888886,0,0.0,0.0,0.0,0.35056536399880056
14769.0,2011-06-09,17.457638888888887,4,1408.5625,173.51388888888889,60.109027777777776,0,1.0,0.25,0.0018014820073656655,0.0809415673119384
14770.0,2011-06-09,48.40208333333333,2,438.21,139.375,90.97291666666666,0,0.0,0.0,0.0,0.31769432667548925
14776.0,2011-06-09,34.225,3,358.2,128.4465277777778,47.11076388888889,0,0.0,0.0,0.0,0.2264869805251101
14778.0,2011-06-09,124.51180555555555,1,334.05,124.51180555555555,0.0,1,0.0,0.0,0.0,0.5438576631659963
14779.0,2011-06-09,96.47083333333333,3,128.71666666666667,139.49722222222223,21.513194444444444,0,0.0,0.0,0.0,0.3711451465502867
14782.0,2011-06-09,135.53333333333333,1,200.10000000000002,135.53333333333333,0.0,1,0.0,0.0,0.0,0.5776922027052129
14784.0,2011-06-09,139.60763888888889,1,114.68,139.60763888888889,0.0,1,0.0,0.0,0.0,0.6122871740278096
14790.0,2011-06-09,69.50763888888889,1,152.16,69.50763888888889,0.0,1,0.0,0.0,0.0,0.5842210571296728
14794.0,2011-06-09,19.50486111111111,4,169.885,150.32569444444445,50.09513888888889,0,1.0,0.25,0.049886688053683376,0.15790580583460062
14796.0,2011-06-09,33.576388888888886,8,349.96125,177.56180555555557,20.96388888888889,0,4.0,0.5,0.04038661423229,0.05525604148861048
14798.0,2011-06-09,126.35694444444445,1,75.68,126.35694444444445,0.0,1,0.0,0.0,0.0,0.6349026854488022
14800.0,2011-06-09,7.408333333333333,6,471.71166666666664,178.55,29.089583333333334,0,3.0,0.5,0.035067325732173964,0.049717324818402395
14803.0,2011-06-09,91.49166666666666,2,365.395,108.44375,16.952083333333334,0,0.0,0.0,0.0,0.4023430510120245
14805.0,2011-06-09,129.5534722222222,1,109.25,129.5534722222222,0.0,1,0.0,0.0,0.0,0.6136723402608271
14810.0,2011-06-09,14.500694444444445,7,156.8942857142857,150.52777777777777,19.057291666666664,0,0.0,0.0,0.0,0.11574684874357274
14816.0,2011-06-09,13.447222222222223,1,271.85,13.447222222222223,0.0,1,0.0,0.0,0.0,0.5388958331022289
14817.0,2011-06-09,16.43402777777778,2,555.1700000000001,93.42291666666667,76.9888888888889,0,0.0,0.0,0.0,0.31198779625447043
14818.0,2011-06-09,69.48055555555555,1,118.25,69.48055555555555,0.0,1,0.0,0.0,0.0,0.5996556750708686
14819.0,2011-06-09,8.42361111111111,1,84.72,8.42361111111111,0.0,1,0.0,0.0,0.0,0.610264232599488
14823.0,2011-06-09,10.414583333333333,2,105.325,10.466666666666667,0.052083333333333336,0,0.0,0.0,0.0,0.4838409651575125
14825.0,2011-06-09,20.294444444444444,4,208.9675,174.5534722222222,61.18125,0,0.0,0.0,0.0,0.14402992416325813
14828.0,2011-06-09,12.572222222222223,3,713.2533333333334,152.59027777777777,70.00902777777777,0,0.0,0.0,0.0,0.14568283733976908
14829.0,2011-06-09,0.39652777777777776,2,147.33,176.59027777777777,176.19375,0,2.0,1.0,0.17952894861874702,0.24234883701939336
14834.0,2011-06-09,56.375,1,243.69,56.375,0.0,1,1.0,1.0,0.05929664737986786,0.5024623425374803
14837.0,2011-06-09,17.465972222222224,1,492.26,17.465972222222224,0.0,1,0.0,0.0,0.0,0.5017598532884622
14840.0,2011-06-09,83.5,1,62.85,83.5,0.0,1,0.0,0.0,0.0,0.6393486199459077
14841.0,2011-06-09,90.43888888888888,3,593.9499999999999,174.5638888888889,42.0625,0,0.0,0.0,0.0,0.22449953008068663
14842.0,2011-06-09,7.6402777777777775,2,844.24,124.35277777777777,116.7125,0,2.0,1.0,0.18196839761205344,0.20679829256292082
14844.0,2011-06-09,57.451388888888886,1,874.5500000000001,57.451388888888886,0.0,1,0.0,0.0,0.0,0.4716188259401334
14849.0,2011-06-09,29.464583333333334,7,293.8671428571428,174.51736111111111,27.999305555555555,0,2.0,0.2857142857142857,0.0032570597986456462,0.07806093155271114
14850.0,2011-06-09,127.52708333333334,1,325.75,127.52708333333334,0.0,1,0.0,0.0,0.0,0.5459317863000207
14851.0,2011-06-09,72.37569444444445,1,206.13,72.37569444444445,0.0,1,0.0,0.0,0.0,0.565830400596023
14852.0,2011-06-09,68.44305555555556,1,490.4,68.44305555555556,0.0,1,0.0,0.0,0.0,0.5103439565611889
14853.0,2011-06-09,27.363194444444446,1,214.5,27.363194444444446,0.0,1,0.0,0.0,0.0,0.5560992089644842
14854.0,2011-06-09,43.47986111111111,3,397.10999999999996,90.48472222222222,23.502430555555556,0,0.0,0.0,0.0,0.29296294367594305
14859.0,2011-06-09,20.3875,1,296.86,20.3875,0.0,1,1.0,1.0,0.005726605133733072,0.480338721534795
14867.0,2011-06-09,1.5145833333333334,3,236.76,152.30972222222223,75.39756944444444,0,0.0,0.0,0.0,0.17072623308433138
14868.0,2011-06-09,49.43333333333333,1,439.33,49.43333333333333,0.0,1,0.0,0.0,0.0,0.5142493630461626
14870.0,2011-06-09,77.54791666666667,1,327.25,77.54791666666667,0.0,1,0.0,0.0,0.0,0.5375617285598484
14871.0,2011-06-09,71.44305555555556,2,114.575,176.4875,105.04444444444445,0,0.0,0.0,0.0,0.3863679863068939
14873.0,2011-06-09,26.42222222222222,1,519.68,26.42222222222222,0.0,1,0.0,0.0,0.0,0.4997635579667373
14875.0,2011-06-09,78.50486111111111,1,362.0,78.50486111111111,0.0,1,1.0,1.0,0.010773480662983425,0.47756159131691706
14878.0,2011-06-09,17.507638888888888,4,212.935,174.4923611111111,55.93611111111111,0,0.0,0.0,0.0,0.1348754054030308
14880.0,2011-06-09,1.4395833333333334,2,173.83499999999998,104.48125,103.04166666666667,0,0.0,0.0,0.0,0.3526421899146558
14883.0,2011-06-09,27.590972222222224,1,310.56,27.590972222222224,0.0,1,0.0,0.0,0.0,0.5327590034082952
14886.0,2011-06-09,68.62777777777778,1,364.8,68.62777777777778,0.0,1,0.0,0.0,0.0,0.5292183548979696
14888.0,2011-06-09,23.37638888888889,1,369.2,23.37638888888889,0.0,1,0.0,0.0,0.0,0.5210745698537641
14889.0,2011-06-09,152.36180555555555,1,135.9,152.36180555555555,0.0,1,0.0,0.0,0.0,0.6039950061829227
14890.0,2011-06-09,69.50208333333333,1,125.65,69.50208333333333,0.0,1,0.0,0.0,0.0,0.5959622483754901
14891.0,2011-06-09,3.5430555555555556,1,449.38,3.5430555555555556,0.0,1,0.0,0.0,0.0,0.5053012219967403
14895.0,2011-06-09,20.60902777777778,3,1306.5933333333335,106.45277777777778,42.921875,0,1.0,0.3333333333333333,0.011646061768772736,0.16155763259990227
14896.0,2011-06-09,20.569444444444443,1,211.55,20.569444444444443,0.0,1,0.0,0.0,0.0,0.5558711758905109
14897.0,2011-06-09,112.64097222222222,1,175.5,112.64097222222222,0.0,1,0.0,0.0,0.0,0.5822089001634263
14898.0,2011-06-09,56.42916666666667,3,170.80999999999997,142.41736111111112,42.99409722222222,0,1.0,0.3333333333333333,0.09289073629568918,0.2525705456992471
14901.0,2011-06-09,176.52152777777778,1,134.64999999999998,176.52152777777778,0.0,1,0.0,0.0,0.0,0.6082147848261452
14903.0,2011-06-09,16.446527777777778,3,598.9766666666667,94.50694444444444,39.030208333333334,0,4.0,1.3333333333333333,0.03350158325588643,0.1383324279939279
14905.0,2011-06-09,49.55,1,308.55,49.55,0.0,1,0.0,0.0,0.0,0.5367442619604945
14907.0,2011-06-09,176.5388888888889,2,171.31,176.53958333333333,0.0006944444444444445,0,1.0,0.5,0.00364835678010624,0.4392460965564511
14911.0,2011-06-09,0.41458333333333336,55,669.6861818181818,174.19722222222222,1.984375,0,14.0,0.2545454545454545,0.12850849543096712,0.004883906483499802
14912.0,2011-06-09,62.5375,1,482.78999999999996,62.5375,0.0,1,0.0,0.0,0.0,0.5103754626713706
14913.0,2011-06-09,89.62013888888889,2,307.91499999999996,175.39236111111111,85.77222222222223,0,0.0,0.0,0.0,0.3484580380671146
14915.0,2011-06-09,93.59791666666666,1,142.28,93.59791666666666,0.0,1,0.0,0.0,0.0,0.59213080211691
14916.0,2011-06-09,140.35416666666666,1,295.05,140.35416666666666,0.0,1,0.0,0.0,0.0,0.5542228573958704
14920.0,2011-06-09,28.56111111111111,2,488.885,28.561805555555555,0.0006944444444444445,0,0.0,0.0,0.0,0.3906620809378455
14921.0,2011-06-09,17.464583333333334,1,903.01,17.464583333333334,0.0,1,0.0,0.0,0.0,0.4630526807037502
14924.0,2011-06-09,61.607638888888886,1,310.05,61.607638888888886,0.0,1,0.0,0.0,0.0,0.5383956126161271
14930.0,2011-06-09,90.3875,1,1104.13,90.3875,0.0,1,0.0,0.0,0.0,0.4621835429625647
14931.0,2011-06-09,22.283333333333335,2,293.0,56.602777777777774,34.31944444444444,0,1.0,0.5,0.5,0.3811898689630896
14934.0,2011-06-09,98.50833333333334,1,828.84,98.50833333333334,0.0,1,0.0,0.0,0.0,0.481778418345615
14935.0,2011-06-09,113.3861111111111,1,1784.71,113.3861111111111,0.0,1,0.0,0.0,0.0,0.4355993512132523
14936.0,2011-06-09,91.50486111111111,1,1576.3600000000001,91.50486111111111,0.0,1,0.0,0.0,0.0,0.43983104765483627
14944.0,2011-06-09,2.370833333333333,5,366.40600000000006,112.46736111111112,15.568055555555556,0,1.0,0.2,0.021615366560591258,0.12060821814910312
14948.0,2011-06-09,35.38055555555555,1,278.4,35.38055555555555,0.0,1,0.0,0.0,0.0,0.5409547396217037
14952.0,2011-06-09,22.64027777777778,6,474.7416666666666,121.59027777777777,0.8256944444444444,0,1.0,0.16666666666666666,0.009233091681440781,0.10998980219620653
14957.0,2011-06-09,69.25069444444445,1,58.49,69.25069444444445,0.0,1,0.0,0.0,0.0,0.6413828124340111
14958.0,2011-06-09,1.3222222222222222,2,188.165,61.522222222222226,60.2,0,0.0,0.0,0.0,0.38757014864868256
14959.0,2011-06-09,31.51527777777778,2,211.19,112.45833333333333,80.94305555555556,0,0.0,0.0,0.0,0.3659839712322943
14961.0,2011-06-09,48.29236111111111,5,635.932,176.51527777777778,32.61388888888889,0,3.0,0.6,0.011982413213991435,0.08013642379506442
14962.0,2011-06-09,86.59583333333333,1,126.7,86.59583333333333,0.0,1,0.0,0.0,0.0,0.5981215606849128
14964.0,2011-06-09,63.40763888888889,1,206.21,63.40763888888889,0.0,1,0.0,0.0,0.0,0.5643704578002458
14970.0,2011-06-09,68.43541666666667,2,391.125,132.48402777777778,64.04861111111111,0,0.0,0.0,0.0,0.35086011933398475
14973.0,2011-06-09,41.484722222222224,1,654.6,41.484722222222224,0.0,1,0.0,0.0,0.0,0.48748713075573064
14976.0,2011-06-09,12.3125,3,150.08666666666667,142.53541666666666,65.11145833333333,0,1.0,0.3333333333333333,0.05552347532536757,0.19247835230726743
14978.0,2011-06-09,51.545138888888886,4,381.8075,146.49791666666667,27.974305555555556,0,0.0,0.0,0.0,0.1843537881478505
14981.0,2011-06-09,62.427083333333336,1,102.12,62.427083333333336,0.0,1,0.0,0.0,0.0,0.6074386320675982
14985.0,2011-06-09,14.396527777777777,2,146.005,174.17291666666668,159.7763888888889,0,0.0,0.0,0.0,0.31449783224580086
14988.0,2011-06-09,27.49652777777778,1,334.54,27.49652777777778,0.0,1,0.0,0.0,0.0,0.5280191427569225
14995.0,2011-06-09,96.4486111111111,1,119.31,96.4486111111111,0.0,1,0.0,0.0,0.0,0.6032992832738735
14998.0,2011-06-09,57.31388888888889,1,183.64,57.31388888888889,0.0,1,0.0,0.0,0.0,0.5706299684594961
15002.0,2011-06-09,112.56597222222223,2,257.97,154.54791666666668,41.981944444444444,0,0.0,0.0,0.0,0.40326308070210803
15005.0,2011-06-09,3.3743055555555554,12,226.5725,175.44166666666666,11.991666666666667,0,4.0,0.3333333333333333,0.032899697300716846,0.03638432911011221
15018.0,2011-06-09,68.58611111111111,1,180.09,68.58611111111111,0.0,1,1.0,1.0,0.22183352768060416,0.5346841522635624
15019.0,2011-06-09,82.47569444444444,1,252.81,82.47569444444444,0.0,1,0.0,0.0,0.0,0.5546533730517416
15021.0,2011-06-09,34.484722222222224,2,233.335,77.48333333333333,42.99861111111111,0,1.0,0.5,0.007071378061585274,0.35725118469716033
15023.0,2011-06-09,34.419444444444444,3,781.9933333333333,141.43194444444444,53.50625,0,0.0,0.0,0.0,0.17876502425020893
15024.0,2011-06-09,112.49861111111112,1,189.37,112.49861111111112,0.0,1,0.0,0.0,0.0,0.5774814727067741
15026.0,2011-06-09,56.39930555555556,2,115.39,93.42708333333333,37.02777777777778,0,0.0,0.0,0.0,0.44904105537520317
15027.0,2011-06-09,35.357638888888886,2,327.05999999999995,54.40694444444444,19.049305555555556,0,2.0,1.0,0.021708555005197822,0.32286387150433626
15030.0,2011-06-09,84.35138888888889,1,152.76,84.35138888888889,0.0,1,0.0,0.0,0.0,0.5863181061318609
15031.0,2011-06-09,98.38472222222222,1,150.83,98.38472222222222,0.0,1,0.0,0.0,0.0,0.5893011106847745
15032.0,2011-06-09,72.37291666666667,1,2188.5,72.37291666666667,0.0,1,2.0,2.0,0.22618231665524333,0.32862363489871477
15033.0,2011-06-09,24.448611111111113,3,385.20666666666665,145.4388888888889,60.49513888888889,0,0.0,0.0,0.0,0.18852871752182346
15034.0,2011-06-09,48.53958333333333,5,528.076,169.5923611111111,30.6375,0,1.0,0.2,0.0035032836182670676,0.11276752551119613
15038.0,2011-06-09,3.5319444444444446,3,126.27333333333333,59.510416666666664,27.98923611111111,0,0.0,0.0,0.0,0.3349657681385628
15039.0,2011-06-09,0.5291666666666667,26,515.0357692307692,176.50833333333333,7.008333333333334,0,3.0,0.11538461538461539,0.00733705575340921,0.022825705355550917
15042.0,2011-06-09,15.315972222222221,1,135.93,15.315972222222221,0.0,1,0.0,0.0,0.0,0.5825744511810477
15044.0,2011-06-09,23.395833333333332,11,405.0663636363637,178.39791666666667,13.034027777777778,0,4.0,0.36363636363636365,0.01366779405394851,0.03978280174523495
15045.0,2011-06-09,73.5111111111111,1,388.9,73.5111111111111,0.0,1,1.0,1.0,0.26227822062226797,0.4892362742274319
15046.0,2011-06-09,10.54375,8,284.57625,154.35416666666666,16.82777777777778,0,0.0,0.0,0.0,0.08777153093949364
15047.0,2011-06-09,85.54930555555555,1,343.62,85.54930555555555,0.0,1,0.0,0.0,0.0,0.5357661849707704
15048.0,2011-06-09,36.513888888888886,1,155.55,36.513888888888886,0.0,1,0.0,0.0,0.0,0.5776218236930587
15049.0,2011-06-09,89.49097222222223,1,121.17000000000002,89.49097222222223,0.0,1,0.0,0.0,0.0,0.6012845341443038
15052.0,2011-06-09,135.3388888888889,1,207.73000000000002,135.3388888888889,0.0,1,0.0,0.0,0.0,0.575342090355115
15053.0,2011-06-09,97.49583333333334,1,222.65,97.49583333333334,0.0,1,0.0,0.0,0.0,0.5650246553642371
15057.0,2011-06-09,91.36319444444445,2,744.75,131.61875,40.25555555555555,0,0.0,0.0,0.0,0.3384398598298565
15058.0,2011-06-09,59.44027777777778,5,145.972,128.35069444444446,6.409027777777778,0,0.0,0.0,0.0,0.23410943010314736
15059.0,2011-06-09,31.475,4,142.255,150.50416666666666,23.96875,0,1.0,0.25,0.012213981933851183,0.15538279033155827
15061.0,2011-06-09,0.63125,19,733.4652631578947,175.49444444444444,7.346527777777778,0,5.0,0.2631578947368421,0.013260772224709812,0.01919409547085097
15062.0,2011-06-09,33.57013888888889,3,271.34666666666664,175.34930555555556,70.88958333333333,0,0.0,0.0,0.0,0.17890494446558763
15063.0,2011-06-09,29.44097222222222,1,370.79999999999995,29.44097222222222,0.0,1,0.0,0.0,0.0,0.5217896333175416
15065.0,2011-06-09,43.518055555555556,2,703.2,107.4625,63.94444444444444,0,2.0,1.0,0.015749431171786118,0.24779333205442594
15067.0,2011-06-09,98.49305555555556,1,848.05,98.49305555555556,0.0,1,0.0,0.0,0.0,0.4803147923460588
15068.0,2011-06-09,72.39791666666666,1,239.95999999999998,72.39791666666666,0.0,1,0.0,0.0,0.0,0.5563116635319518
15071.0,2011-06-09,91.57013888888889,1,588.6700000000001,91.57013888888889,0.0,1,0.0,0.0,0.0,0.5024759218310642
15073.0,2011-06-09,1.5,2,430.98,2.5840277777777776,1.0840277777777778,0,1.0,0.5,0.5,0.3858251707294782
15078.0,2011-06-09,6.583333333333333,12,309.0841666666667,170.49652777777777,12.977777777777778,0,5.0,0.4166666666666667,0.02849817067087983,0.033076194561216014
15079.0,2011-06-09,28.46875,3,251.22000000000003,131.42083333333332,51.47604166666667,0,1.0,0.3333333333333333,0.002587373616750259,0.20465002908724034
15081.0,2011-06-09,24.436805555555555,1,136.9,24.436805555555555,0.0,1,1.0,1.0,0.12746530314097881,0.5384826224297783
15083.0,2011-06-09,72.4875,1,88.2,72.4875,0.0,1,0.0,0.0,0.0,0.6177735010270686
15087.0,2011-06-09,97.55972222222222,1,306.94,97.55972222222222,0.0,1,0.0,0.0,0.0,0.5448551039657386
15090.0,2011-06-09,124.41458333333334,1,381.32,124.41458333333334,0.0,1,0.0,0.0,0.0,0.5354693675338962
15092.0,2011-06-09,31.40972222222222,2,228.90500000000003,99.48333333333333,68.0736111111111,0,0.0,0.0,0.0,0.37307715187828994
15093.0,2011-06-09,22.522222222222222,3,924.3166666666667,154.4326388888889,65.95520833333333,0,3.0,1.0,0.06739393065147226,0.10061040019324605
15095.0,2011-06-09,19.397916666666667,1,770.5,19.397916666666667,0.0,1,1.0,1.0,0.007657365347177158,0.41999915136742666
15100.0,2011-06-09,149.55902777777777,1,175.2,149.55902777777777,0.0,1,2.0,2.0,0.625,0.5225333750055268
15101.0,2011-06-09,175.4625,1,102.28,175.4625,0.0,1,1.0,1.0,0.07332811888932342,0.5772841432053635
15104.0,2011-06-09,12.479861111111111,2,496.77,98.40555555555555,85.92569444444445,0,0.0,0.0,0.0,0.3099261057172379
15106.0,2011-06-09,27.638194444444444,2,389.225,85.46388888888889,57.825694444444444,0,0.0,0.0,0.0,0.35056685329917636
15107.0,2011-06-09,127.38472222222222,5,40.7,176.38194444444446,10.555902777777778,0,2.0,0.4,0.35302211302211306,0.3256843914846333
15108.0,2011-06-09,2.332638888888889,3,207.8166666666667,43.545833333333334,20.60659722222222,0,0.0,0.0,0.0,0.33232370277786105
15109.0,2011-06-09,61.584722222222226,1,484.95,61.584722222222226,0.0,1,1.0,1.0,0.04371584699453552,0.458411340229155
15110.0,2011-06-09,134.51319444444445,1,169.65,134.51319444444445,0.0,1,1.0,1.0,0.050103153551429414,0.5376107227022489
15114.0,2011-06-09,33.40138888888889,3,239.3033333333333,117.63541666666667,42.11701388888889,0,0.0,0.0,0.0,0.2594254467699195
15116.0,2011-06-09,20.631944444444443,1,479.65,20.631944444444443,0.0,1,0.0,0.0,0.0,0.5039347177519743
15117.0,2011-06-09,31.47361111111111,1,312.4,31.47361111111111,0.0,1,0.0,0.0,0.0,0.5330164823684739
15119.0,2011-06-09,61.61944444444445,1,266.4,61.61944444444445,0.0,1,0.0,0.0,0.0,0.5479916114872034
15121.0,2011-06-09,104.47152777777778,1,295.15,104.47152777777778,0.0,1,0.0,0.0,0.0,0.5484419191069712
15122.0,2011-06-09,20.18611111111111,2,465.30500000000006,113.58402777777778,93.39791666666666,0,2.0,1.0,0.021007726115128786,0.24313966849601862
15123.0,2011-06-09,22.377083333333335,1,1069.47,22.377083333333335,0.0,1,0.0,0.0,0.0,0.45310603456592496
15124.0,2011-06-09,7.620833333333334,1,90.75,7.620833333333334,0.0,1,0.0,0.0,0.0,0.60600342129344
15125.0,2011-06-09,23.48611111111111,4,1827.68,86.58402777777778,31.009722222222223,0,3.0,0.75,0.013362568939858181,0.12698849321211
15128.0,2011-06-09,35.477777777777774,1,483.7,35.477777777777774,0.0,1,3.0,3.0,0.07165598511474056,0.3514046677195981
15129.0,2011-06-09,26.660416666666666,4,280.095,107.61875,36.16388888888889,0,0.0,0.0,0.0,0.23109756839149043
15132.0,2011-06-09,15.629861111111111,2,244.935,78.49861111111112,62.86875,0,0.0,0.0,0.0,0.3714308215747873
15133.0,2011-06-09,73.54444444444445,2,328.95000000000005,117.55694444444444,44.0125,0,0.0,0.0,0.0,0.38032496638704283
15134.0,2011-06-09,29.445833333333333,2,119.725,56.53819444444444,27.09236111111111,0,0.0,0.0,0.0,0.4520963808139945
15135.0,2011-06-09,55.19722222222222,1,139.05,55.19722222222222,0.0,1,1.0,1.0,0.08558072635742538,0.5396851911789622
15139.0,2011-06-09,55.514583333333334,2,89.48,152.46944444444443,96.95486111111111,0,0.0,0.0,0.0,0.40649992258063605
15140.0,2011-06-09,14.540972222222223,3,375.81666666666666,80.39097222222222,32.925,0,1.0,0.3333333333333333,0.0037695684952769523,0.23483422027765632
15143.0,2011-06-09,41.49791666666667,1,259.45,41.49791666666667,0.0,1,0.0,0.0,0.0,0.5464033050778723
15144.0,2011-06-09,33.453472222222224,5,339.004,128.4465277777778,21.528819444444444,0,1.0,0.2,0.029734162428761906,0.15096432003254065
15145.0,2011-06-09,43.30555555555556,2,362.015,64.36111111111111,21.055555555555557,0,0.0,0.0,0.0,0.3913576793601498
15146.0,2011-06-09,107.45347222222222,1,834.22,107.45347222222222,0.0,1,1.0,1.0,0.01618278152046223,0.42981872030137297
15147.0,2011-06-09,56.33541666666667,1,623.5,56.33541666666667,0.0,1,1.0,1.0,0.02381716118684844,0.4403102068019539
15150.0,2011-06-09,2.464583333333333,2,659.035,85.40208333333334,82.9375,0,0.0,0.0,0.0,0.29576737468107267
15152.0,2011-06-09,3.35,1,756.1,3.35,0.0,1,0.0,0.0,0.0,0.47206059531399014
15157.0,2011-06-09,174.42777777777778,1,1085.46,174.42777777777778,0.0,1,1.0,1.0,0.02785915648665082,0.42514028731834924
15159.0,2011-06-09,0.47430555555555554,14,405.4192857142857,177.34444444444443,4.206944444444445,0,1.0,0.07142857142857142,0.0031448923248770678,0.0376694248763016
15160.0,2011-06-09,173.40625,1,158.16,173.40625,0.0,1,0.0,0.0,0.0,0.5980027895258268
15163.0,2011-06-09,8.359722222222222,1,155.0,8.359722222222222,0.0,1,0.0,0.0,0.0,0.5733360437488237
15164.0,2011-06-09,24.448611111111113,2,181.615,155.40208333333334,130.95347222222222,0,0.0,0.0,0.0,0.3287267632172747
15167.0,2011-06-09,136.47152777777777,1,158.8,136.47152777777777,0.0,1,0.0,0.0,0.0,0.5920744833592646
15171.0,2011-06-09,147.35,1,1289.5,147.35,0.0,1,1.0,1.0,0.19775106630476927,0.42127108745133235
15172.0,2011-06-09,12.591666666666667,2,263.1,52.50277777777778,39.91111111111111,0,0.0,0.0,0.0,0.38814218479271045
15174.0,2011-06-09,138.62083333333334,1,135.75,138.62083333333334,0.0,1,0.0,0.0,0.0,0.6019620578406023
15178.0,2011-06-09,76.36666666666666,1,40.5,76.36666666666666,0.0,1,0.0,0.0,0.0,0.6632461453019528
15179.0,2011-06-09,49.62291666666667,3,485.03999999999996,135.425,42.901041666666664,0,0.0,0.0,0.0,0.22625605591344206
15181.0,2011-06-09,85.49791666666667,1,300.0,85.49791666666667,0.0,1,1.0,1.0,0.014166666666666666,0.4909211808640747
15182.0,2011-06-09,84.47083333333333,1,370.48,84.47083333333333,0.0,1,0.0,0.0,0.0,0.5308150713497239
15184.0,2011-06-09,6.495833333333334,1,235.23000000000002,6.495833333333334,0.0,1,0.0,0.0,0.0,0.5469106307703216
15187.0,2011-06-09,28.424305555555556,1,431.6,28.424305555555556,0.0,1,0.0,0.0,0.0,0.5119461784085967
15189.0,2011-06-09,0.4125,17,325.3064705882353,148.47986111111112,7.5166666666666675,0,10.0,0.5882352941176471,0.07255963155106225,0.018871736999746775
15192.0,2011-06-09,7.342361111111111,1,422.99,7.342361111111111,0.0,1,0.0,0.0,0.0,0.5097843212356014
15194.0,2011-06-09,14.644444444444444,8,406.8775,177.34583333333333,24.2,0,5.0,0.625,0.025222579277546685,0.03906031078890123
15197.0,2011-06-09,68.50694444444444,2,386.625,174.24930555555557,105.74236111111111,0,1.0,0.5,0.5423860329776916,0.3111636754570789
15199.0,2011-06-09,51.46875,2,328.57499999999993,124.41388888888889,72.94513888888889,0,0.0,0.0,0.0,0.35038271251650377
15201.0,2011-06-09,20.327083333333334,2,301.135,63.415277777777774,43.08819444444445,0,2.0,1.0,0.01955933385358726,0.3046138357789003
15203.0,2011-06-09,14.353472222222223,2,346.45,127.4798611111111,113.12638888888888,0,0.0,0.0,0.0,0.30685208117732876
15204.0,2011-06-09,173.42430555555555,1,316.58,173.42430555555555,0.0,1,0.0,0.0,0.0,0.5550788717102515
15206.0,2011-06-09,91.62569444444445,1,17.700000000000003,91.62569444444445,0.0,1,0.0,0.0,0.0,0.7090158744220546
15208.0,2011-06-09,169.45625,1,65.4,169.45625,0.0,1,0.0,0.0,0.0,0.6495734628378113
15210.0,2011-06-09,41.325694444444444,1,331.18,41.325694444444444,0.0,1,0.0,0.0,0.0,0.5309146895170762
15212.0,2011-06-09,57.427083333333336,1,101.8,57.427083333333336,0.0,1,1.0,1.0,0.12622789783889982,0.5623369752737839
15213.0,2011-06-09,134.48541666666668,2,164.17499999999998,145.53819444444446,11.052777777777777,0,1.0,0.5,0.010050251256281405,0.4246882572358827
15214.0,2011-06-09,58.59305555555556,1,514.9300000000001,58.59305555555556,0.0,1,0.0,0.0,0.0,0.5056164809797741
15218.0,2011-06-09,33.55833333333333,3,585.7533333333333,134.52777777777777,50.48472222222222,0,0.0,0.0,0.0,0.19692835593186273
15220.0,2011-06-09,19.51875,3,286.06333333333333,96.56666666666666,38.52395833333333,0,1.0,0.3333333333333333,0.023351472284692202,0.23320685428555463
15222.0,2011-06-09,134.66458333333333,1,585.0,134.66458333333333,0.0,1,0.0,0.0,0.0,0.5099360613732347
15223.0,2011-06-09,41.52013888888889,2,377.875,65.48819444444445,23.968055555555555,0,1.0,0.5,0.3980813761164407,0.3720121010341237
15224.0,2011-06-09,174.3736111111111,2,161.04000000000002,178.4763888888889,4.102777777777778,0,1.0,0.5,0.03601589667163438,0.4409356414432263
15225.0,2011-06-09,50.38125,1,409.40000000000003,50.38125,0.0,1,0.0,0.0,0.0,0.5189019835230495
15226.0,2011-06-09,126.51319444444445,1,154.41,126.51319444444445,0.0,1,0.0,0.0,0.0,0.5922465114566418
15227.0,2011-06-09,31.575694444444444,3,292.2733333333333,133.35347222222222,50.888888888888886,0,0.0,0.0,0.0,0.2249832394541798
15228.0,2011-06-09,110.62222222222222,1,904.85,110.62222222222222,0.0,1,0.0,0.0,0.0,0.4781771845848173
15230.0,2011-06-09,55.389583333333334,2,214.8,56.53888888888889,1.1493055555555556,0,0.0,0.0,0.0,0.44495105893055287
15234.0,2011-06-09,92.62986111111111,1,197.0,92.62986111111111,0.0,1,0.0,0.0,0.0,0.5718838373102806
15235.0,2011-06-09,33.59444444444444,10,208.246,167.525,13.033333333333333,0,0.0,0.0,0.0,0.09499818902256643
15236.0,2011-06-09,114.54722222222222,1,321.05,114.54722222222222,0.0,1,0.0,0.0,0.0,0.5447577368401192
15237.0,2011-06-09,19.384027777777778,2,546.825,43.37222222222222,23.988194444444446,0,0.0,0.0,0.0,0.3601779574179165
15238.0,2011-06-09,0.3333333333333333,1,300.14,0.3333333333333333,0.0,1,0.0,0.0,0.0,0.5304819758876459
15240.0,2011-06-09,7.522916666666666,3,348.46000000000004,127.65069444444444,60.06388888888888,0,1.0,0.3333333333333333,0.014874973693776425,0.17032059910214659
15241.0,2011-06-09,8.354166666666666,3,321.8,99.54027777777777,45.59305555555556,0,1.0,0.3333333333333333,0.018489745183343693,0.207738817472008
15244.0,2011-06-09,64.36666666666666,1,297.94,64.36666666666666,0.0,1,0.0,0.0,0.0,0.5413658373191985
15245.0,2011-06-09,3.4381944444444446,2,868.86,77.42916666666666,73.99097222222223,0,0.0,0.0,0.0,0.28861006807673995
15246.0,2011-06-09,54.385416666666664,2,257.07500000000005,174.59305555555557,120.2076388888889,0,0.0,0.0,0.0,0.3230428297198453
15249.0,2011-06-09,12.569444444444445,5,568.274,72.46597222222222,17.922222222222224,0,1.0,0.2,0.002973917511622914,0.1820313849155216
15251.0,2011-06-09,26.573611111111113,2,2047.8600000000001,57.55694444444445,30.983333333333334,0,1.0,0.5,0.012195657906302188,0.24991120691965577
15257.0,2011-06-09,99.45972222222223,1,317.15,99.45972222222223,0.0,1,1.0,1.0,0.2680119817121236,0.5068884599848291
15258.0,2011-06-09,33.40555555555556,1,315.66,33.40555555555556,0.0,1,0.0,0.0,0.0,0.5326722119308416
15260.0,2011-06-09,2.5006944444444446,3,283.32666666666665,49.55625,23.52777777777778,0,0.0,0.0,0.0,0.3052465249526093
15262.0,2011-06-09,139.48888888888888,1,178.95000000000002,139.48888888888888,0.0,1,0.0,0.0,0.0,0.5852093994107447
15265.0,2011-06-09,51.48888888888889,1,712.24,51.48888888888889,0.0,1,0.0,0.0,0.0,0.48373724022234715
15266.0,2011-06-09,154.43055555555554,1,119.3,154.43055555555554,0.0,1,0.0,0.0,0.0,0.612157809921756
15270.0,2011-06-09,54.59513888888889,4,328.4375,126.44097222222223,8.873611111111112,0,1.0,0.25,0.03151284490960989,0.1888167438725185
15271.0,2011-06-09,20.279166666666665,4,155.965,153.55138888888888,18.98472222222222,0,0.0,0.0,0.0,0.14358381018774194
15279.0,2011-06-09,170.55,1,290.51,170.55,0.0,1,0.0,0.0,0.0,0.5600055000050059
15281.0,2011-06-09,13.58125,6,321.235,149.33958333333334,30.76388888888889,0,3.0,0.5,0.047836215439372005,0.08011242021912057
15288.0,2011-06-09,16.556944444444444,2,729.175,80.39236111111111,63.83541666666667,0,0.0,0.0,0.0,0.30823950729045146
15289.0,2011-06-09,65.46944444444445,1,375.45,65.46944444444445,0.0,1,0.0,0.0,0.0,0.5268745942234941
15290.0,2011-06-09,19.39236111111111,8,254.07125,175.33125,22.033333333333335,0,2.0,0.25,0.02295123907171709,0.06608007321937356
15291.0,2011-06-09,63.578472222222224,8,293.84875,173.5611111111111,6.699305555555555,0,4.0,0.5,0.026837786446258494,0.07572492244554929
15292.0,2011-06-09,17.375,1,178.39,17.375,0.0,1,0.0,0.0,0.0,0.5660335243287753
15296.0,2011-06-09,28.445833333333333,2,888.905,142.50208333333333,114.05625,0,0.0,0.0,0.0,0.2592710282368678
15298.0,2011-06-09,3.370833333333333,4,344.9,154.33333333333334,62.11527777777778,0,0.0,0.0,0.0,0.132877738542848
15299.0,2011-06-09,79.49583333333334,1,600.0,79.49583333333334,0.0,1,2.0,2.0,0.11986666666666666,0.39956735771283125
15301.0,2011-06-09,3.3375,5,420.508,83.54722222222222,20.05833333333333,0,0.0,0.0,0.0,0.17984435726725534
15303.0,2011-06-09,106.4173611111111,1,574.02,106.4173611111111,0.0,1,0.0,0.0,0.0,0.5065173902888562
15304.0,2011-06-09,34.60486111111111,4,64.6125,97.59791666666666,21.285416666666666,0,1.0,0.25,0.01915264074289031,0.2960780733293433
15308.0,2011-06-09,90.45277777777778,1,310.47,90.45277777777778,0.0,1,1.0,1.0,0.026411569555834697,0.4903788623021336
15311.0,2011-06-09,1.4194444444444445,41,780.5185365853658,177.3701388888889,3.073611111111111,0,13.0,0.3170731707317073,0.018625516620283073,0.005589899592877872
15312.0,2011-06-09,31.35972222222222,2,303.95,170.46458333333334,139.10486111111112,0,1.0,0.5,0.006168777759499918,0.2616063037732065
15314.0,2011-06-09,15.389583333333333,1,327.97,15.389583333333333,0.0,1,0.0,0.0,0.0,0.5273049655067903
15316.0,2011-06-09,142.51805555555555,1,165.0,142.51805555555555,0.0,1,0.0,0.0,0.0,0.5906654901306563
15319.0,2011-06-09,99.46666666666667,1,204.5,99.46666666666667,0.0,1,0.0,0.0,0.0,0.5706437662466568
15321.0,2011-06-09,107.53472222222223,1,1159.47,107.53472222222223,0.0,1,0.0,0.0,0.0,0.46189380595087026
15326.0,2011-06-09,149.51527777777778,1,311.71,149.51527777777778,0.0,1,0.0,0.0,0.0,0.5522359865132864
15333.0,2011-06-09,24.439583333333335,1,1028.56,24.439583333333335,0.0,1,0.0,0.0,0.0,0.4559152419004019
15339.0,2011-06-09,134.44791666666666,1,257.9,134.44791666666666,0.0,1,0.0,0.0,0.0,0.561719494798784
15346.0,2011-06-09,148.52916666666667,1,252.42000000000002,148.52916666666667,0.0,1,0.0,0.0,0.0,0.5652979956530546
15349.0,2011-06-09,3.3430555555555554,1,356.21,3.3430555555555554,0.0,1,0.0,0.0,0.0,0.5200828779986849
15353.0,2011-06-09,70.48958333333333,1,458.47,70.48958333333333,0.0,1,0.0,0.0,0.0,0.5149727434230807
15356.0,2011-06-09,34.44861111111111,4,254.635,176.5236111111111,44.143055555555556,0,0.0,0.0,0.0,0.14051071452237474
15358.0,2011-06-09,23.595833333333335,9,415.3911111111111,154.42152777777778,18.12777777777778,0,5.0,0.5555555555555556,0.026949167050062593,0.050708360148553046
15361.0,2011-06-09,177.5888888888889,1,418.92,177.5888888888889,0.0,1,0.0,0.0,0.0,0.5381114676868048
15364.0,2011-06-09,70.43125,1,331.80000000000007,70.43125,0.0,1,0.0,0.0,0.0,0.5355310206006896
15365.0,2011-06-09,131.45277777777778,1,208.61,131.45277777777778,0.0,1,0.0,0.0,0.0,0.5744676815207808
15366.0,2011-06-09,174.33402777777778,1,105.54,174.33402777777778,0.0,1,0.0,0.0,0.0,0.6224389820547117
15367.0,2011-06-09,61.50694444444444,2,708.09,91.42152777777778,29.914583333333333,0,1.0,0.5,0.00699063678345973,0.30973929774040576
15370.0,2011-06-09,19.59861111111111,3,375.98,148.51944444444445,64.46041666666667,0,0.0,0.0,0.0,0.17981611324995156
15373.0,2011-06-09,26.463194444444444,5,171.49,175.55555555555554,38.54826388888889,0,1.0,0.2,0.23651524870254823,0.12021121638499324
15376.0,2011-06-09,38.427083333333336,1,642.37,38.427083333333336,0.0,1,0.0,0.0,0.0,0.4881909532949031
15379.0,2011-06-09,2.370833333333333,6,595.4150000000001,174.45694444444445,22.090972222222224,0,1.0,0.16666666666666666,0.019986060142925522,0.05639928027442078
15381.0,2011-06-09,29.50347222222222,2,298.42499999999995,84.42777777777778,54.924305555555556,0,0.0,0.0,0.0,0.36915143992901006
15382.0,2011-06-09,0.5020833333333333,4,531.78,111.49930555555555,25.9625,0,1.0,0.25,0.005994020083493174,0.12547447795583183
15384.0,2011-06-09,175.51805555555555,1,303.57,175.51805555555555,0.0,1,0.0,0.0,0.0,0.5580417034803224
15386.0,2011-06-09,2.4256944444444444,1,394.14,2.4256944444444444,0.0,1,0.0,0.0,0.0,0.5134858187041863
15388.0,2011-06-09,86.42152777777778,1,140.54,86.42152777777778,0.0,1,0.0,0.0,0.0,0.5917624357000243
15392.0,2011-06-09,176.34027777777777,1,338.98,176.34027777777777,0.0,1,1.0,1.0,0.05841052569473124,0.5010863049190829
15393.0,2011-06-09,97.29305555555555,1,124.10000000000001,97.29305555555555,0.0,1,0.0,0.0,0.0,0.6010424000319823
15394.0,2011-06-09,20.397916666666667,2,718.22,174.46805555555557,154.0701388888889,0,0.0,0.0,0.0,0.23894463596259202
15395.0,2011-06-09,141.47222222222223,1,107.45,141.47222222222223,0.0,1,0.0,0.0,0.0,0.6164660598587517
15397.0,2011-06-09,105.60763888888889,1,94.0,105.60763888888889,0.0,1,0.0,0.0,0.0,0.6190230691546994
15400.0,2011-06-09,0.4479166666666667,2,229.4,94.52291666666666,94.075,0,0.0,0.0,0.0,0.3445057519093674
15402.0,2011-06-09,12.436111111111112,1,440.99,12.436111111111112,0.0,1,0.0,0.0,0.0,0.5079582323304012
15405.0,2011-06-09,5.386111111111111,1,349.1,5.386111111111111,0.0,1,0.0,0.0,0.0,0.5217001809107169
15406.0,2011-06-09,117.32013888888889,1,252.29,117.32013888888889,0.0,1,0.0,0.0,0.0,0.5603665106532867
15407.0,2011-06-09,38.37638888888889,2,164.93,121.44583333333334,83.06944444444444,0,0.0,0.0,0.0,0.379824061888983
15408.0,2011-06-09,80.37361111111112,1,267.18,80.37361111111112,0.0,1,0.0,0.0,0.0,0.550834941147089
15410.0,2011-06-09,19.428472222222222,4,450.2225,77.57291666666667,25.15972222222222,0,0.0,0.0,0.0,0.24099770412191993
15414.0,2011-06-09,58.427083333333336,1,36.2,58.427083333333336,0.0,1,0.0,0.0,0.0,0.6668702358526992
15415.0,2011-06-09,129.4076388888889,1,559.61,129.4076388888889,0.0,1,0.0,0.0,0.0,0.5119023724406613
15416.0,2011-06-09,55.545833333333334,2,1137.2150000000001,98.63819444444445,43.09236111111111,0,0.0,0.0,0.0,0.30705301157096015
15421.0,2011-06-09,31.415277777777778,3,246.45333333333335,126.39166666666667,47.48819444444444,0,0.0,0.0,0.0,0.2421175609608547
15422.0,2011-06-09,139.3215277777778,2,48.85,139.4048611111111,0.08333333333333333,0,0.0,0.0,0.0,0.5532640348942179
15424.0,2011-06-09,70.45694444444445,2,191.67000000000002,70.45833333333333,0.001388888888888889,0,0.0,0.0,0.0,0.4557373058680561
15426.0,2011-06-09,73.32986111111111,1,251.56,73.32986111111111,0.0,1,0.0,0.0,0.0,0.5534931752369905
15433.0,2011-06-09,29.552083333333332,2,266.65,83.40833333333333,53.85625,0,0.0,0.0,0.0,0.3768816993161813
15434.0,2011-06-09,16.404166666666665,1,306.96,16.404166666666665,0.0,1,1.0,1.0,0.14334115194162106,0.4868891717617071
15436.0,2011-06-09,50.297222222222224,1,484.1,50.297222222222224,0.0,1,0.0,0.0,0.0,0.5081994935022693
15437.0,2011-06-09,78.45069444444445,1,200.16,78.45069444444445,0.0,1,0.0,0.0,0.0,0.5686353902423013
15440.0,2011-06-09,24.520833333333332,1,125.8,24.520833333333332,0.0,1,0.0,0.0,0.0,0.5888028621454888
15442.0,2011-06-09,64.48333333333333,1,594.0,64.48333333333333,0.0,1,0.0,0.0,0.0,0.49745985230965406
15443.0,2011-06-09,136.44097222222223,1,437.71,136.44097222222223,0.0,1,0.0,0.0,0.0,0.5286739428714304
15445.0,2011-06-09,80.37083333333334,1,113.5,80.37083333333334,0.0,1,0.0,0.0,0.0,0.6038355865311933
15447.0,2011-06-09,146.5236111111111,1,155.17,146.5236111111111,0.0,1,0.0,0.0,0.0,0.5950412043953278
15448.0,2011-06-09,128.55416666666667,1,494.64,128.55416666666667,0.0,1,0.0,0.0,0.0,0.5196197450460087
15449.0,2011-06-09,1.3041666666666667,2,323.85,77.55347222222223,76.24930555555555,0,1.0,0.5,0.00254747568318666,0.3044693032280899
15452.0,2011-06-09,80.36041666666667,1,237.0,80.36041666666667,0.0,1,0.0,0.0,0.0,0.558370475283414
15453.0,2011-06-09,3.4743055555555555,1,194.34,3.4743055555555555,0.0,1,0.0,0.0,0.0,0.5584320831353435
15454.0,2011-06-09,178.40208333333334,1,179.1,178.40208333333334,0.0,1,0.0,0.0,0.0,0.5911828535471277
15456.0,2011-06-09,99.42291666666667,3,144.86333333333332,175.3513888888889,37.964236111111106,0,0.0,0.0,0.0,0.3074913136326014
15457.0,2011-06-09,78.35347222222222,1,237.07,78.35347222222222,0.0,1,0.0,0.0,0.0,0.5580297320723161
15460.0,2011-06-09,170.32777777777778,1,214.26,170.32777777777778,0.0,1,0.0,0.0,0.0,0.5789080259546531
15462.0,2011-06-09,3.35,1,105.0,3.35,0.0,1,0.0,0.0,0.0,0.5964940851855844
15464.0,2011-06-09,154.3361111111111,1,1044.65,154.3361111111111,0.0,1,0.0,0.0,0.0,0.4762368399811313
15465.0,2011-06-09,49.50208333333333,11,420.7009090909091,175.49583333333334,13.989930555555556,0,5.0,0.45454545454545453,0.06939717484457755,0.04975188305446478
15482.0,2011-06-09,66.54930555555555,3,420.74666666666667,174.57777777777778,54.01423611111111,0,0.0,0.0,0.0,0.20537002125183731
15483.0,2011-06-09,82.48194444444445,1,110.95,82.48194444444445,0.0,1,0.0,0.0,0.0,0.6055368543370042
15485.0,2011-06-09,152.27916666666667,1,328.54,152.27916666666667,0.0,1,0.0,0.0,0.0,0.5493704019774732
15489.0,2011-06-09,27.4625,1,348.26,27.4625,0.0,1,0.0,0.0,0.0,0.5254578174473182
15491.0,2011-06-09,34.30972222222222,3,548.3066666666667,51.580555555555556,8.635416666666668,0,0.0,0.0,0.0,0.3237309399821767
15493.0,2011-06-09,65.52222222222223,2,459.725,86.5111111111111,20.988888888888887,0,1.0,0.5,0.013866985697971613,0.3427890081398364
15497.0,2011-06-09,135.58263888888888,1,970.6,135.58263888888888,0.0,1,1.0,1.0,0.0025757263548320626,0.4240421465075387
15498.0,2011-06-09,5.569444444444445,11,560.5572727272728,154.59444444444443,9.551736111111111,0,1.0,0.09090909090909091,0.0025461675313365106,0.053400879405832456
15502.0,2011-06-09,91.50069444444445,1,1711.06,91.50069444444445,0.0,1,2.0,2.0,0.020542821408951178,0.33302356890806806
15503.0,2011-06-09,178.54375,1,141.04,178.54375,0.0,1,0.0,0.0,0.0,0.6057250917495377
15508.0,2011-06-09,5.345138888888889,6,166.71166666666667,51.35347222222222,6.090277777777778,0,0.0,0.0,0.0,0.25706485567624004
15510.0,2011-06-09,146.49305555555554,1,250.0,146.49305555555554,0.0,1,0.0,0.0,0.0,0.5655767548361189
15512.0,2011-06-09,175.49930555555557,1,101.2,175.49930555555557,0.0,1,0.0,0.0,0.0,0.6250948801627911
15513.0,2011-06-09,15.354861111111111,10,475.596,146.47152777777777,9.14375,0,1.0,0.1,0.03209446673226857,0.07010526990390102
15514.0,2011-06-09,41.49583333333333,3,327.9166666666667,176.48819444444445,67.49618055555555,0,0.0,0.0,0.0,0.1803197770077179
15517.0,2011-06-09,49.415277777777774,1,267.03,49.415277777777774,0.0,1,0.0,0.0,0.0,0.5458675102276823
15518.0,2011-06-09,31.410416666666666,4,243.5425,148.46180555555554,13.98125,0,2.0,0.5,0.015038442982231027,0.11732330299557829
15521.0,2011-06-09,28.459027777777777,4,416.945,70.61458333333333,5.965277777777778,0,1.0,0.25,0.0749499334444591,0.23094987144170273
15527.0,2011-06-09,35.514583333333334,3,300.0133333333333,170.40625,67.44583333333333,0,0.0,0.0,0.0,0.18314657550109092
15528.0,2011-06-09,70.3236111111111,1,229.33,70.3236111111111,0.0,1,0.0,0.0,0.0,0.5588232182520481
15529.0,2011-06-09,26.510416666666668,5,321.82,139.48888888888888,26.484722222222224,0,0.0,0.0,0.0,0.14674703795652327
15530.0,2011-06-09,62.53055555555556,1,548.09,62.53055555555556,0.0,1,0.0,0.0,0.0,0.5022767586982037
15532.0,2011-06-09,174.30208333333334,1,353.8,174.30208333333334,0.0,1,0.0,0.0,0.0,0.5482357527494033
15535.0,2011-06-09,52.391666666666666,3,125.96333333333332,143.47569444444446,45.54201388888889,0,2.0,0.6666666666666666,0.16869988621027285,0.23536348302983315
15543.0,2011-06-09,104.35694444444445,1,127.86,104.35694444444445,0.0,1,0.0,0.0,0.0,0.600322250232926
15544.0,2011-06-09,27.302083333333332,3,468.31,117.57291666666667,45.135416666666664,0,0.0,0.0,0.0,0.21917324328464796
15547.0,2011-06-09,10.344444444444445,7,340.44714285714286,178.44027777777777,29.105208333333334,0,0.0,0.0,0.0,0.07495936816936301
15549.0,2011-06-09,132.3486111111111,1,930.3000000000001,132.3486111111111,0.0,1,1.0,1.0,0.04030957755562722,0.4286784272739994
15550.0,2011-06-09,117.46597222222222,1,137.89999999999998,117.46597222222222,0.0,1,0.0,0.0,0.0,0.5977504351425902
15552.0,2011-06-09,33.384027777777774,1,90.12,33.384027777777774,0.0,1,0.0,0.0,0.0,0.6104503049273035
15554.0,2011-06-09,93.625,1,217.2,93.625,0.0,1,0.0,0.0,0.0,0.5659558548749077
15555.0,2011-06-09,6.263194444444444,4,238.91499999999996,177.48194444444445,35.00555555555555,0,2.0,0.5,0.032249963376096105,0.077572750060346
15561.0,2011-06-09,31.51527777777778,1,265.75,31.51527777777778,0.0,1,0.0,0.0,0.0,0.543268449988733
15562.0,2011-06-09,167.58680555555554,1,134.55,167.58680555555554,0.0,1,0.0,0.0,0.0,0.606910146657605
15563.0,2011-06-09,16.511111111111113,2,367.81,174.52291666666667,158.01180555555555,0,0.0,0.0,0.0,0.26775566287472263
15569.0,2011-06-09,148.44027777777777,1,288.5,148.44027777777777,0.0,1,0.0,0.0,0.0,0.5569234814472517
15570.0,2011-06-09,22.384722222222223,7,284.43857142857144,178.53680555555556,27.430902777777778,0,1.0,0.14285714285714285,0.027899571587136563,0.07873677420462237
15572.0,2011-06-09,64.5513888888889,3,291.18,94.3861111111111,14.917361111111111,0,0.0,0.0,0.0,0.34222675260928287
15574.0,2011-06-09,174.46666666666667,2,107.25,174.47083333333333,0.004166666666666667,0,0.0,0.0,0.0,0.5096883383469544
15577.0,2011-06-09,121.43611111111112,1,29.65,121.43611111111112,0.0,1,0.0,0.0,0.0,0.6864926282792009
15579.0,2011-06-09,129.49375,1,195.35,129.49375,0.0,1,0.0,0.0,0.0,0.5782309963539051
15581.0,2011-06-09,42.28958333333333,7,51.20285714285715,171.40069444444444,6.4625,0,0.0,0.0,0.0,0.14791482625639046
15582.0,2011-06-09,36.43333333333333,1,303.61,36.43333333333333,0.0,1,0.0,0.0,0.0,0.5356344704073772
15587.0,2011-06-09,167.58402777777778,1,344.88,167.58402777777778,0.0,1,0.0,0.0,0.0,0.5487671202239098
15589.0,2011-06-09,71.5875,3,159.51,126.5513888888889,27.481944444444444,0,1.0,0.3333333333333333,0.04586964244665956,0.30392695871061737
15594.0,2011-06-09,50.577777777777776,1,267.91,50.577777777777776,0.0,1,1.0,1.0,0.015863536262177597,0.49251842460566236
15596.0,2011-06-09,30.581944444444446,3,329.1233333333333,142.4375,55.92777777777778,0,4.0,1.3333333333333333,0.06405906600362579,0.12787096112667692
15599.0,2011-06-09,20.45486111111111,1,448.83,20.45486111111111,0.0,1,0.0,0.0,0.0,0.508145097807361
15601.0,2011-06-09,19.55,8,497.52625,174.39791666666667,18.720833333333335,0,2.0,0.25,0.0018089497790317597,0.05552719999329564
15602.0,2011-06-09,16.475694444444443,4,112.6,176.53472222222223,28.2125,0,5.0,1.25,0.4473579040852576,0.07496299203810802
15605.0,2011-06-09,68.42569444444445,2,247.665,105.5513888888889,37.12569444444444,0,0.0,0.0,0.0,0.403301376987268
15606.0,2011-06-09,38.547916666666666,6,304.39166666666665,140.4951388888889,17.07638888888889,0,0.0,0.0,0.0,0.1477435269951509
15607.0,2011-06-09,152.46944444444443,1,104.76,152.46944444444443,0.0,1,0.0,0.0,0.0,0.619626730166194
15609.0,2011-06-09,0.4583333333333333,1,298.48,0.4583333333333333,0.0,1,0.0,0.0,0.0,0.5308544602093157
15611.0,2011-06-09,7.325,4,108.025,150.51944444444445,53.30138888888889,0,1.0,0.25,0.036797037722749365,0.15592863446577623
15615.0,2011-06-09,28.477777777777778,10,473.90599999999995,175.31875,21.261111111111113,0,3.0,0.3,0.006583584086295594,0.051500193102420065
15620.0,2011-06-09,36.52638888888889,2,437.505,174.39305555555555,137.86666666666667,0,2.0,1.0,0.023942583513331277,0.21697133674311103
15622.0,2011-06-09,13.410416666666666,5,520.4,98.42916666666666,14.011458333333334,0,5.0,1.0,0.038816295157571096,0.08930344292499574
15624.0,2011-06-09,22.469444444444445,2,155.7,72.43611111111112,49.96666666666667,0,0.0,0.0,0.0,0.41225582681297634
15625.0,2011-06-09,51.41597222222222,1,695.3299999999999,51.41597222222222,0.0,1,0.0,0.0,0.0,0.48525933111515374
15626.0,2011-06-09,145.57638888888889,1,281.88,145.57638888888889,0.0,1,0.0,0.0,0.0,0.5579226095048184
15628.0,2011-06-09,71.37638888888888,1,371.83000000000004,71.37638888888888,0.0,1,0.0,0.0,0.0,0.5284528673806383
15630.0,2011-06-09,20.572222222222223,1,396.86,20.572222222222223,0.0,1,1.0,1.0,0.014992692637202036,0.46251154282846907
15632.0,2011-06-09,41.42986111111111,3,414.1666666666667,90.64652777777778,24.608333333333334,0,1.0,0.3333333333333333,0.012796780684104628,0.2580771394849296
15636.0,2011-06-09,98.38194444444444,1,306.7,98.38194444444444,0.0,1,0.0,0.0,0.0,0.5450372711296796
15640.0,2011-06-09,1.3305555555555555,7,910.5500000000001,177.39166666666668,27.990625,0,1.0,0.14285714285714285,0.0035614267671815305,0.04801952929461839
15641.0,2011-06-09,76.52152777777778,3,435.1266666666667,175.38541666666666,49.43194444444444,0,0.0,0.0,0.0,0.2168551928819606
15643.0,2011-06-09,7.6819444444444445,3,221.33333333333334,98.39305555555555,45.355555555555554,0,2.0,0.6666666666666666,0.0125,0.19934440896816455
15644.0,2011-06-09,72.35625,3,141.06333333333333,77.34930555555556,2.496527777777778,0,0.0,0.0,0.0,0.4332560847658267
15646.0,2011-06-09,62.61666666666667,1,150.24,62.61666666666667,0.0,1,1.0,1.0,0.14976038338658146,0.540321352858929
15648.0,2011-06-09,20.338194444444444,2,319.75,83.20902777777778,62.87083333333333,0,2.0,1.0,0.08983580922595778,0.28900596562935454
15649.0,2011-06-09,152.43472222222223,1,306.0,152.43472222222223,0.0,1,0.0,0.0,0.0,0.5538645703399118
15651.0,2011-06-09,76.62777777777778,1,227.32,76.62777777777778,0.0,1,0.0,0.0,0.0,0.5603872450215015
15655.0,2011-06-09,59.357638888888886,1,560.67,59.357638888888886,0.0,1,1.0,1.0,0.08801969072716573,0.45183508522148863
15656.0,2011-06-09,36.488194444444446,2,153.43,100.35277777777777,63.864583333333336,0,0.0,0.0,0.0,0.402063615281308
15658.0,2011-06-09,6.3597222222222225,4,179.47500000000002,125.49166666666666,47.8625,0,3.0,0.75,0.090820448530436,0.13618850756782022
15660.0,2011-06-09,20.386111111111113,3,176.57333333333335,99.42708333333333,39.52048611111111,0,2.0,0.6666666666666666,0.08513931888544891,0.22887963488387944
15661.0,2011-06-09,133.41944444444445,2,154.89999999999998,154.4777777777778,21.058333333333334,0,0.0,0.0,0.0,0.4588231523011855
15665.0,2011-06-09,59.36875,1,1456.42,59.36875,0.0,1,0.0,0.0,0.0,0.43958373611344187
15668.0,2011-06-09,33.55625,1,76.32000000000001,33.55625,0.0,1,0.0,0.0,0.0,0.6203981560588445
15669.0,2011-06-09,79.61597222222223,1,198.8,79.61597222222223,0.0,1,0.0,0.0,0.0,0.5692463374837351
15670.0,2011-06-09,112.54861111111111,1,173.05,112.54861111111111,0.0,1,0.0,0.0,0.0,0.5830621302382969
15671.0,2011-06-09,58.510416666666664,3,344.3766666666667,86.59930555555556,14.044444444444444,0,2.0,0.6666666666666666,0.0164548507932206,0.27280784982427037
15673.0,2011-06-09,30.48611111111111,2,848.02,143.31597222222223,112.82986111111111,0,0.0,0.0,0.0,0.2627901364252261
15674.0,2011-06-09,29.55625,4,344.915,70.61180555555555,6.100694444444445,0,3.0,0.75,0.5092414073032485,0.2140293155544541
15675.0,2011-06-09,96.40208333333334,1,45.0,96.40208333333334,0.0,1,0.0,0.0,0.0,0.6602554902147793
15676.0,2011-06-09,99.57013888888889,1,897.8,99.57013888888889,0.0,1,1.0,1.0,0.022722209846290933,0.42437308101253546
15681.0,2011-06-09,96.4263888888889,1,345.68,96.4263888888889,0.0,1,0.0,0.0,0.0,0.5371516560969909
15687.0,2011-06-09,2.615972222222222,5,335.89,146.3659722222222,21.429513888888888,0,2.0,0.4,0.006907023132573163,0.08042440905922707
15689.0,2011-06-09,177.58541666666667,1,103.5,177.58541666666667,0.0,1,0.0,0.0,0.0,0.6240746762488583
15691.0,2011-06-09,68.36597222222223,1,136.8,68.36597222222223,0.0,1,0.0,0.0,0.0,0.5905839072807381
15694.0,2011-06-09,3.511111111111111,6,361.56166666666667,176.59791666666666,30.09375,0,1.0,0.16666666666666666,0.025721753320088324,0.066365897874989
15695.0,2011-06-09,82.64444444444445,2,204.99,82.6451388888889,0.0006944444444444445,0,0.0,0.0,0.0,0.453480840853168
15696.0,2011-06-09,36.518055555555556,6,271.65833333333336,142.525,22.904166666666665,0,3.0,0.5,0.053406546213074016,0.10872995031419044
15703.0,2011-06-09,80.54791666666667,1,211.5,80.54791666666667,0.0,1,0.0,0.0,0.0,0.5655297960431659
15704.0,2011-06-09,3.4138888888888888,2,753.6600000000001,31.470833333333335,28.056944444444444,0,0.0,0.0,0.0,0.33550672711751206
15705.0,2011-06-09,17.349305555555556,1,143.1,17.349305555555556,0.0,1,0.0,0.0,0.0,0.5797251896208242
15708.0,2011-06-09,38.516666666666666,4,409.98,150.51180555555555,27.877083333333335,0,1.0,0.25,0.004817308161373725,0.1362085763023892
15709.0,2011-06-09,99.55694444444444,1,133.25,99.55694444444444,0.0,1,0.0,0.0,0.0,0.5970652464289898
15712.0,2011-06-09,103.51944444444445,1,299.8,103.51944444444445,0.0,1,0.0,0.0,0.0,0.5473024994170024
15716.0,2011-06-09,17.465972222222224,2,177.67000000000002,73.45138888888889,55.985416666666666,0,0.0,0.0,0.0,0.39758590556038464
15717.0,2011-06-09,50.44375,1,150.3,50.44375,0.0,1,0.0,0.0,0.0,0.581961709975837
15719.0,2011-06-09,15.520138888888889,7,346.9814285714286,153.47847222222222,23.496875,0,0.0,0.0,0.0,0.09796994678767124
15722.0,2011-06-09,3.4916666666666667,2,379.65,106.48333333333333,102.99166666666666,0,1.0,0.5,0.05445805347030159,0.2774407813281839
15724.0,2011-06-09,17.38888888888889,2,109.125,100.55555555555556,83.16666666666667,0,1.0,0.5,0.027262313860252005,0.3637913986858344
15727.0,2011-06-09,14.3625,4,807.7425000000001,175.3423611111111,50.13194444444444,0,0.0,0.0,0.0,0.09261350780373982
15729.0,2011-06-09,28.475,1,85.0,28.475,0.0,1,1.0,1.0,0.27058823529411763,0.5784340779173208
15730.0,2011-06-09,22.47013888888889,1,467.43,22.47013888888889,0.0,1,1.0,1.0,0.02674197205998759,0.4532238056349671
15732.0,2011-06-09,28.4,1,156.02,28.4,0.0,1,0.0,0.0,0.0,0.5761392822466913
15733.0,2011-06-09,98.62152777777777,1,162.3,98.62152777777777,0.0,1,0.0,0.0,0.0,0.584830226894768
15734.0,2011-06-09,16.375694444444445,1,578.6500000000001,16.375694444444445,0.0,1,0.0,0.0,0.0,0.4912550782258064
15737.0,2011-06-09,2.317361111111111,4,178.1825,58.58263888888889,3.0756944444444443,0,3.0,0.75,0.07800990557434091,0.18714025224131842
15738.0,2011-06-09,20.471527777777776,8,285.42375,142.34583333333333,15.08611111111111,0,2.0,0.25,0.009065468448228293,0.0870088939439074
15743.0,2011-06-09,0.5736111111111111,1,322.55,0.5736111111111111,0.0,1,0.0,0.0,0.0,0.525946235781323
15745.0,2011-06-09,52.455555555555556,1,302.85,52.455555555555556,0.0,1,0.0,0.0,0.0,0.5383980281179634
15749.0,2011-06-09,51.44444444444444,3,14844.766666666668,148.46180555555554,48.50868055555555,0,1.0,0.3333333333333333,0.5164199280105447,0.10086602832893687
15750.0,2011-06-09,99.30972222222222,1,270.4,99.30972222222222,0.0,1,0.0,0.0,0.0,0.5531284374550451
15752.0,2011-06-09,65.47083333333333,2,391.515,93.38125,27.910416666666666,0,0.0,0.0,0.0,0.3836250865401383
15753.0,2011-06-09,120.47152777777778,1,79.2,120.47152777777778,0.0,1,0.0,0.0,0.0,0.6313736146030704
15754.0,2011-06-09,62.483333333333334,1,91.8,62.483333333333334,0.0,1,0.0,0.0,0.0,0.6138480659608007
15755.0,2011-06-09,51.41597222222222,2,310.365,110.50486111111111,59.08888888888889,0,0.0,0.0,0.0,0.3663577040904216
15756.0,2011-06-09,29.40277777777778,2,122.08500000000001,65.41666666666667,36.013888888888886,0,0.0,0.0,0.0,0.44209618036187043
15757.0,2011-06-09,33.513888888888886,1,261.36,33.513888888888886,0.0,1,0.0,0.0,0.0,0.5446455473397293
15759.0,2011-06-09,34.365972222222226,3,84.34666666666668,174.35486111111112,69.99444444444444,0,0.0,0.0,0.0,0.22871882148975958
15764.0,2011-06-09,0.4625,3,564.84,92.60902777777778,46.07326388888889,0,0.0,0.0,0.0,0.2057507811683638
15768.0,2011-06-09,19.563194444444445,2,239.575,41.611111111111114,22.047916666666666,0,1.0,0.5,0.08348116456224565,0.3775777700640021
15769.0,2011-06-09,13.557638888888889,12,2316.4933333333333,154.50694444444446,7.897916666666666,0,0.0,0.0,0.0,0.044746144908059025
15775.0,2011-06-09,61.46111111111111,1,104.9,61.46111111111111,0.0,1,0.0,0.0,0.0,0.6056677430886792
15777.0,2011-06-09,57.303472222222226,4,261.7775,177.30694444444444,43.75763888888889,0,1.0,0.25,0.024352742309785985,0.15609161877776534
15780.0,2011-06-09,58.6125,2,201.38,173.51180555555555,114.89930555555556,0,0.0,0.0,0.0,0.34214608685776443
15781.0,2011-06-09,121.61458333333333,1,83.35,121.61458333333333,0.0,1,0.0,0.0,0.0,0.6285452639685094
15785.0,2011-06-09,13.402083333333334,2,665.2,111.40486111111112,98.00277777777778,0,2.0,1.0,0.0088544798556825,0.2222356518987043
15789.0,2011-06-09,174.39236111111111,1,351.3,174.39236111111111,0.0,1,0.0,0.0,0.0,0.5486963547209849
15791.0,2011-06-09,20.364583333333332,1,1223.24,20.364583333333332,0.0,1,1.0,1.0,0.006744383767698898,0.39155104077221947
15793.0,2011-06-09,84.55208333333333,1,306.64,84.55208333333333,0.0,1,0.0,0.0,0.0,0.5428143795333903
15796.0,2011-06-09,3.5215277777777776,4,311.7425,118.34722222222223,15.235416666666667,0,2.0,0.5,0.03604737884632349,0.11312276757240794
15797.0,2011-06-09,30.306944444444444,3,613.4,135.3423611111111,52.51770833333333,0,0.0,0.0,0.0,0.18987329033618278
15799.0,2011-06-09,1.3555555555555556,2,240.62,150.3659722222222,149.01041666666666,0,0.0,0.0,0.0,0.29472745971719955
15800.0,2011-06-09,62.47291666666667,1,244.5,62.47291666666667,0.0,1,0.0,0.0,0.0,0.5535348462301981
15804.0,2011-06-09,14.575,1,525.36,14.575,0.0,1,0.0,0.0,0.0,0.49713111047547975
15805.0,2011-06-09,1.4680555555555554,6,388.93666666666667,104.49375,11.091666666666667,0,1.0,0.16666666666666666,0.009877357924597836,0.11666108352880358
15806.0,2011-06-09,92.60833333333333,1,300.36,92.60833333333333,0.0,1,0.0,0.0,0.0,0.5454243155966857
15808.0,2011-06-09,122.39375,3,899.4066666666668,177.34930555555556,27.477777777777778,0,1.0,0.3333333333333333,0.003780269955748604,0.2235999356042396
15809.0,2011-06-09,0.35347222222222224,4,99.80250000000001,118.53055555555555,46.18819444444444,0,0.0,0.0,0.0,0.2121295862993208
15810.0,2011-06-09,48.172916666666666,2,427.06,112.61736111111111,64.44444444444444,0,0.0,0.0,0.0,0.3423408679027983
15811.0,2011-06-09,21.469444444444445,3,334.99666666666667,173.4,75.96527777777777,0,2.0,0.6666666666666666,0.04119443974566911,0.12488367194925179
15812.0,2011-06-09,5.353472222222222,3,351.4066666666667,133.49166666666667,64.06909722222223,0,0.0,0.0,0.0,0.18178399856538047
15813.0,2011-06-09,23.65763888888889,2,651.9549999999999,55.61875,31.961111111111112,0,0.0,0.0,0.0,0.3433281030085896
15815.0,2011-06-09,28.363194444444446,3,464.6933333333333,75.63680555555555,23.636805555555554,0,0.0,0.0,0.0,0.2822481825214233
15819.0,2011-06-09,15.390277777777778,2,588.5699999999999,92.59375,77.20347222222222,0,0.0,0.0,0.0,0.30845981798781436
15820.0,2011-06-09,135.5,1,206.98,135.5,0.0,1,0.0,0.0,0.0,0.5755918083872347
15822.0,2011-06-09,175.43194444444444,1,440.2,175.43194444444444,0.0,1,0.0,0.0,0.0,0.5346314768631353
15826.0,2011-06-09,26.552777777777777,1,720.0,26.552777777777777,0.0,1,0.0,0.0,0.0,0.47896540105948604
15827.0,2011-06-09,31.386111111111113,7,102.96571428571428,132.39513888888888,16.474652777777777,0,4.0,0.5714285714285714,0.2210305788334536,0.1203630239303642
15831.0,2011-06-09,140.38055555555556,1,309.94,140.38055555555556,0.0,1,1.0,1.0,0.1742272697941537,0.5087146929194903
15832.0,2011-06-09,70.3548611111111,1,836.79,70.3548611111111,0.0,1,0.0,0.0,0.0,0.4765467538555119
15834.0,2011-06-09,93.25347222222223,2,636.385,93.25555555555556,0.0020833333333333333,0,0.0,0.0,0.0,0.3847950719569933
15835.0,2011-06-09,76.4173611111111,2,244.155,146.55902777777777,70.14166666666667,0,0.0,0.0,0.0,0.3743309948448044
15838.0,2011-06-09,6.468055555555556,6,1208.5633333333333,126.66805555555555,28.040972222222223,0,0.0,0.0,0.0,0.09563896772366759
15841.0,2011-06-09,34.390972222222224,2,306.63,154.52430555555554,120.13333333333334,0,1.0,0.5,0.01624107230212308,0.2768349274114596
15843.0,2011-06-09,119.57013888888889,1,118.95000000000002,119.57013888888889,0.0,1,0.0,0.0,0.0,0.6070372650706116
15845.0,2011-06-09,26.624305555555555,3,512.3866666666667,153.27847222222223,63.327083333333334,0,1.0,0.3333333333333333,0.03317806864607458,0.15281050173107993
15847.0,2011-06-09,104.3013888888889,1,180.68,104.3013888888889,0.0,1,0.0,0.0,0.0,0.5790982634714752
15852.0,2011-06-09,2.526388888888889,2,80.355,13.440277777777778,10.91388888888889,0,0.0,0.0,0.0,0.4889227622396589
15854.0,2011-06-09,20.447222222222223,6,264.065,177.5090277777778,32.136805555555554,0,0.0,0.0,0.0,0.09640084999817707
15855.0,2011-06-09,22.356944444444444,3,114.17,79.47777777777777,28.56041666666667,0,0.0,0.0,0.0,0.34147233153175416
15856.0,2011-06-09,19.56111111111111,7,749.2685714285715,173.2875,24.369097222222223,0,1.0,0.14285714285714285,0.005662665304067968,0.06268291966084198
15858.0,2011-06-09,105.44375,1,432.29,105.44375,0.0,1,0.0,0.0,0.0,0.5244227372631558
15860.0,2011-06-09,48.55,2,158.8,68.52222222222223,19.97222222222222,0,0.0,0.0,0.0,0.4444062305814347
15861.0,2011-06-09,83.15416666666667,2,358.12,83.15833333333333,0.004166666666666667,0,0.0,0.0,0.0,0.41851905456491256
15862.0,2011-06-09,20.41111111111111,1,136.78,20.41111111111111,0.0,1,0.0,0.0,0.0,0.5830023497688739
15863.0,2011-06-09,8.516666666666667,1,9.2,8.516666666666667,0.0,1,0.0,0.0,0.0,0.729199811591636
15864.0,2011-06-09,132.3034722222222,1,242.42000000000002,132.3034722222222,0.0,1,1.0,1.0,0.05733850342380991,0.5151117642777547
15865.0,2011-06-09,29.511111111111113,1,313.93,29.511111111111113,0.0,1,0.0,0.0,0.0,0.5323867162620004
15867.0,2011-06-09,12.335416666666667,8,205.1125,177.35694444444445,21.071527777777778,0,0.0,0.0,0.0,0.07852151730442954
15869.0,2011-06-09,93.27569444444444,2,74.82,93.27847222222222,0.002777777777777778,0,0.0,0.0,0.0,0.5191563546912902
15874.0,2011-06-09,33.53819444444444,5,432.56000000000006,100.43888888888888,19.43125,0,1.0,0.2,0.01229887183280932,0.18446481702220166
15881.0,2011-06-09,128.29236111111112,4,96.73500000000001,177.55833333333334,0.007638888888888889,0,3.0,0.75,0.16320359745697008,0.24078592496567525
15882.0,2011-06-09,14.51736111111111,2,72.52000000000001,14.518055555555556,0.0006944444444444445,0,0.0,0.0,0.0,0.5082111607922197
15885.0,2011-06-09,125.35555555555555,1,15.0,125.35555555555555,0.0,1,0.0,0.0,0.0,0.7214371542208907
15891.0,2011-06-09,42.47569444444444,1,511.68,42.47569444444444,0.0,1,0.0,0.0,0.0,0.5033819164005259
15894.0,2011-06-09,69.42361111111111,1,106.81,69.42361111111111,0.0,1,0.0,0.0,0.0,0.6058131499642003
15897.0,2011-06-09,10.42361111111111,2,104.295,10.436111111111112,0.0125,0,0.0,0.0,0.0,0.48450523098552767
15898.0,2011-06-09,42.58125,2,240.65,80.56388888888888,37.982638888888886,0,1.0,0.5,0.008726366091834616,0.36135587988465945
15903.0,2011-06-09,43.50625,2,320.82,111.41388888888889,67.90763888888888,0,1.0,0.5,0.0006545726575649896,0.31794216071393744
15906.0,2011-06-09,35.50694444444444,3,227.72,71.43888888888888,17.965972222222224,0,1.0,0.3333333333333333,0.067187774459863,0.31242965080465945
15907.0,2011-06-09,26.457638888888887,1,223.07,26.457638888888887,0.0,1,0.0,0.0,0.0,0.553490123790909
15910.0,2011-06-09,23.308333333333334,4,137.6525,132.50347222222223,39.20763888888889,0,0.0,0.0,0.0,0.2096152495785628
15912.0,2011-06-09,49.28472222222222,1,141.49,49.28472222222222,0.0,1,0.0,0.0,0.0,0.5855025676963713
15916.0,2011-06-09,7.5055555555555555,3,204.83333333333334,146.3673611111111,69.43090277777777,0,0.0,0.0,0.0,0.19020417691897312
15917.0,2011-06-09,63.55555555555556,1,123.1,63.55555555555556,0.0,1,0.0,0.0,0.0,0.596282413805205
15918.0,2011-06-09,6.5125,2,167.115,87.33680555555556,80.82430555555555,0,0.0,0.0,0.0,0.3761741286794154
15925.0,2011-06-09,10.350694444444445,1,207.15,10.350694444444445,0.0,1,0.0,0.0,0.0,0.5555385108905486
15932.0,2011-06-09,30.472916666666666,4,318.3125,105.38194444444444,26.88125,0,2.0,0.5,0.010029452189279402,0.18098903699018992
15935.0,2011-06-09,55.43958333333333,2,208.43,57.60069444444444,2.161111111111111,0,0.0,0.0,0.0,0.4458651815487687
15938.0,2011-06-09,17.372916666666665,4,83.825,139.57569444444445,47.18263888888889,0,0.0,0.0,0.0,0.2149317009104184
15939.0,2011-06-09,12.446527777777778,9,514.7055555555556,147.4701388888889,15.555902777777778,0,1.0,0.1111111111111111,0.0027523826999255236,0.07110296055152482
15940.0,2011-06-09,127.32083333333334,1,35.8,127.32083333333334,0.0,1,1.0,1.0,0.111731843575419,0.6351415730504746
15944.0,2011-06-09,92.56041666666667,1,325.1,92.56041666666667,0.0,1,0.0,0.0,0.0,0.5404123315263248
15950.0,2011-06-09,175.50277777777777,1,428.82000000000005,175.50277777777777,0.0,1,0.0,0.0,0.0,0.5362990725994614
15951.0,2011-06-09,101.50208333333333,1,375.16999999999996,101.50208333333333,0.0,1,0.0,0.0,0.0,0.5327843019417072
15952.0,2011-06-09,41.46180555555556,1,232.65,41.46180555555556,0.0,1,0.0,0.0,0.0,0.5532699944928817
15953.0,2011-06-09,27.511111111111113,3,205.4333333333333,147.52916666666667,60.009027777777774,0,1.0,0.3333333333333333,0.030666883011520363,0.19293082412513918
15955.0,2011-06-09,19.627083333333335,2,436.62,59.50833333333333,39.88125,0,1.0,0.5,0.01139434748751775,0.32219563358193143
15967.0,2011-06-09,134.50208333333333,1,161.9,134.50208333333333,0.0,1,0.0,0.0,0.0,0.5905848471080348
15969.0,2011-06-09,1.4868055555555555,1,308.7,1.4868055555555555,0.0,1,0.0,0.0,0.0,0.5288843334522525
15970.0,2011-06-09,119.49444444444444,1,314.1,119.49444444444444,0.0,1,0.0,0.0,0.0,0.5469362598580585
15971.0,2011-06-09,58.43055555555556,4,271.5375,127.30069444444445,27.788194444444443,0,0.0,0.0,0.0,0.2503536187637612
15974.0,2011-06-09,0.38055555555555554,4,513.7125,104.57638888888889,27.154166666666665,0,1.0,0.25,0.006131834440470108,0.1362628703314316
15976.0,2011-06-09,36.28333333333333,1,209.99,36.28333333333333,0.0,1,0.0,0.0,0.0,0.5588727133982697
15980.0,2011-06-09,70.37152777777777,1,760.18,70.37152777777777,0.0,1,0.0,0.0,0.0,0.4826748408469406
15981.0,2011-06-09,26.62638888888889,4,405.55,127.42361111111111,30.964583333333334,0,0.0,0.0,0.0,0.17308053982340146
15983.0,2011-06-09,176.47916666666666,1,324.72,176.47916666666666,0.0,1,0.0,0.0,0.0,0.5539728121910565
15984.0,2011-06-09,49.46111111111111,4,163.1575,154.45486111111111,49.1375,0,0.0,0.0,0.0,0.2264775691454844
15985.0,2011-06-09,52.53888888888889,1,899.58,52.53888888888889,0.0,1,0.0,0.0,0.0,0.4690172278155512
15987.0,2011-06-09,15.606944444444444,3,134.20000000000002,35.450694444444444,9.921875,0,0.0,0.0,0.0,0.3989621389321617
15990.0,2011-06-09,103.35069444444444,1,401.37,103.35069444444444,0.0,1,0.0,0.0,0.0,0.5287990212715078
15996.0,2011-06-09,79.50208333333333,2,181.96,101.33402777777778,21.831944444444446,0,0.0,0.0,0.0,0.4390635967931747
15998.0,2011-06-09,78.48263888888889,2,887.71,178.4361111111111,99.95347222222222,0,0.0,0.0,0.0,0.27695103479626465
16003.0,2011-06-09,175.49375,1,1181.0,175.49375,0.0,1,0.0,0.0,0.0,0.47194034543326957
16005.0,2011-06-09,86.50972222222222,1,154.92000000000002,86.50972222222222,0.0,1,0.0,0.0,0.0,0.5857931931184892
16006.0,2011-06-09,27.45,1,101.4,27.45,0.0,1,0.0,0.0,0.0,0.6024111668008948
16007.0,2011-06-09,31.43611111111111,1,363.97,31.43611111111111,0.0,1,0.0,0.0,0.0,0.523298892920404
16008.0,2011-06-09,20.545833333333334,1,139.15,20.545833333333334,0.0,1,0.0,0.0,0.0,0.5819641725098275
16010.0,2011-06-09,61.57361111111111,3,130.79999999999998,178.4875,58.456944444444446,0,0.0,0.0,0.0,0.24424908389522498
16011.0,2011-06-09,0.32083333333333336,6,163.45166666666668,178.45763888888888,34.989583333333336,0,0.0,0.0,0.0,0.08742234983245832
16013.0,2011-06-09,0.4583333333333333,21,559.015238095238,174.53958333333333,3.530555555555556,0,2.0,0.09523809523809523,0.12915995134300795,0.028051048300675542
16014.0,2011-06-09,107.2625,1,253.63,107.2625,0.0,1,0.0,0.0,0.0,0.5584267427103697
16016.0,2011-06-09,12.421527777777778,3,142.6833333333333,42.454166666666666,15.016319444444445,0,0.0,0.0,0.0,0.3757777088889591
16019.0,2011-06-09,48.36388888888889,5,454.08000000000004,152.58333333333334,21.625,0,0.0,0.0,0.0,0.14570360894296727
16022.0,2011-06-09,76.44722222222222,1,602.63,76.44722222222222,0.0,1,0.0,0.0,0.0,0.4985000847365294
16023.0,2011-06-09,8.403472222222222,2,250.34500000000003,82.43611111111112,74.03263888888888,0,0.0,0.0,0.0,0.3587551070479583
16027.0,2011-06-09,34.547916666666666,3,172.22333333333333,118.48680555555555,41.96944444444444,0,1.0,0.3333333333333333,0.15967638918458588,0.2558071760481047
16029.0,2011-06-09,2.6166666666666667,27,1189.5088888888888,174.55902777777777,6.055902777777778,0,5.0,0.18518518518518517,0.4943823688207459,0.017366297031147716
16030.0,2011-06-09,125.52222222222223,1,331.24,125.52222222222223,0.0,1,0.0,0.0,0.0,0.5445539754615942
16031.0,2011-06-09,63.40069444444445,1,305.63,63.40069444444445,0.0,1,0.0,0.0,0.0,0.5395960516863039
16033.0,2011-06-09,16.477777777777778,10,310.973,176.44583333333333,20.89375,0,5.0,0.5,0.02319815546687333,0.03898404337257957
16034.0,2011-06-09,12.321527777777778,3,145.9,148.50416666666666,68.09131944444444,0,0.0,0.0,0.0,0.20762319326789833
16036.0,2011-06-09,79.4576388888889,1,188.73,79.4576388888889,0.0,1,0.0,0.0,0.0,0.5724582832999892
16037.0,2011-06-09,85.61597222222223,3,285.00666666666666,174.57083333333333,44.47743055555556,0,0.0,0.0,0.0,0.2508656943841273
16038.0,2011-06-09,17.521527777777777,1,316.95,17.521527777777777,0.0,1,0.0,0.0,0.0,0.5298245807834807
16040.0,2011-06-09,84.58472222222223,1,422.43,84.58472222222223,0.0,1,0.0,0.0,0.0,0.5224902504829443
16042.0,2011-06-09,148.44097222222223,1,24.95,148.44097222222223,0.0,1,0.0,0.0,0.0,0.6991059357934544
16043.0,2011-06-09,27.428472222222222,3,225.49666666666667,133.53194444444443,53.05173611111111,0,0.0,0.0,0.0,0.23016808994893437
16045.0,2011-06-09,61.56111111111111,2,430.625,106.37847222222223,44.81736111111111,0,0.0,0.0,0.0,0.36164419202686765
16055.0,2011-06-09,36.606944444444444,1,134.8,36.606944444444444,0.0,1,0.0,0.0,0.0,0.5864746158979175
16057.0,2011-06-09,27.45138888888889,3,353.18,100.55902777777777,36.55381944444445,0,2.0,0.6666666666666666,0.0805066349547917,0.2073357693411062
16059.0,2011-06-09,70.49166666666666,2,261.375,143.34444444444443,72.85277777777777,0,0.0,0.0,0.0,0.3668399396267804
16062.0,2011-06-09,57.36944444444445,1,330.62,57.36944444444445,0.0,1,0.0,0.0,0.0,0.5336337884635131
16063.0,2011-06-09,76.37847222222223,1,335.32,76.37847222222223,0.0,1,0.0,0.0,0.0,0.5358277288895068
16072.0,2011-06-09,104.39444444444445,1,584.3199999999999,104.39444444444445,0.0,1,0.0,0.0,0.0,0.5050514139820287
16073.0,2011-06-09,113.34652777777778,1,122.39999999999999,113.34652777777778,0.0,1,1.0,1.0,0.22916666666666666,0.5666251584844011
16076.0,2011-06-09,24.478472222222223,1,305.45000000000005,24.478472222222223,0.0,1,0.0,0.0,0.0,0.5333049097643989
16078.0,2011-06-09,99.59236111111112,1,79.2,99.59236111111112,0.0,1,0.0,0.0,0.0,0.6282557982829495
16080.0,2011-06-09,90.3861111111111,1,130.26,90.3861111111111,0.0,1,1.0,1.0,0.31137724550898205,0.5645322849067378
16081.0,2011-06-09,1.4368055555555554,2,417.385,75.35833333333333,73.92152777777778,0,0.0,0.0,0.0,0.3283625728821635
16083.0,2011-06-09,176.50625,1,337.98,176.50625,0.0,1,0.0,0.0,0.0,0.5514642472705802
16084.0,2011-06-09,115.32986111111111,1,436.18,115.32986111111111,0.0,1,0.0,0.0,0.0,0.5254632271420621
16085.0,2011-06-09,52.482638888888886,2,162.51999999999998,136.4951388888889,84.0125,0,0.0,0.0,0.0,0.38204231557460205
16086.0,2011-06-09,16.354861111111113,2,204.9,104.53125,88.1763888888889,0,1.0,0.5,0.005075646656905808,0.3216976623159142
16091.0,2011-06-09,14.6125,1,157.25,14.6125,0.0,1,0.0,0.0,0.0,0.5734443404143051
16092.0,2011-06-09,13.354166666666666,2,296.865,70.34861111111111,56.99444444444445,0,1.0,0.5,0.014316271705994307,0.3281972558323993
16094.0,2011-06-09,35.41875,1,252.1,35.41875,0.0,1,2.0,2.0,0.14438714795715984,0.4481890036741404
16096.0,2011-06-09,80.43194444444444,1,320.62,80.43194444444444,0.0,1,0.0,0.0,0.0,0.5393259967973419
16097.0,2011-06-09,56.425694444444446,1,185.04999999999998,56.425694444444446,0.0,1,0.0,0.0,0.0,0.570011580930909
16098.0,2011-06-09,1.31875,3,263.87333333333333,114.60208333333334,56.641666666666666,0,0.0,0.0,0.0,0.21076487419311002
16099.0,2011-06-09,41.643055555555556,1,318.3,41.643055555555556,0.0,1,0.0,0.0,0.0,0.5334848413983545
16103.0,2011-06-09,2.5034722222222223,3,268.42,49.480555555555554,23.488541666666666,0,0.0,0.0,0.0,0.3083099890396337
16105.0,2011-06-09,64.57430555555555,1,336.96,64.57430555555555,0.0,1,0.0,0.0,0.0,0.5336001191384069
16109.0,2011-06-09,34.613194444444446,2,305.93999999999994,124.47430555555556,89.86111111111111,0,0.0,0.0,0.0,0.3368341889313868
16110.0,2011-06-09,78.42083333333333,2,339.09000000000003,127.41597222222222,48.99513888888889,0,0.0,0.0,0.0,0.3746262694847403
16112.0,2011-06-09,149.31319444444443,2,68.07,154.5090277777778,5.195833333333334,0,0.0,0.0,0.0,0.5291331797783967
16115.0,2011-06-09,28.48402777777778,3,168.76666666666668,108.49027777777778,40.003125,0,0.0,0.0,0.0,0.28278563809347734
16116.0,2011-06-09,27.499305555555555,1,612.78,27.499305555555555,0.0,1,1.0,1.0,0.03247495022683508,0.43731217829269636
16117.0,2011-06-09,5.5125,1,232.21,5.5125,0.0,1,0.0,0.0,0.0,0.5475660036877285
16121.0,2011-06-09,31.505555555555556,1,285.94,31.505555555555556,0.0,1,0.0,0.0,0.0,0.5386331403721054
16122.0,2011-06-09,148.5701388888889,1,144.12,148.5701388888889,0.0,1,0.0,0.0,0.0,0.599854690234196
16124.0,2011-06-09,133.38541666666666,1,249.0,133.38541666666666,0.0,1,1.0,1.0,0.24839357429718872,0.5264833970983362
16126.0,2011-06-09,0.3770833333333333,2,922.0,112.52916666666667,112.15208333333334,0,0.0,0.0,0.0,0.2553257506040095
16128.0,2011-06-09,98.48541666666667,1,388.3,98.48541666666667,0.0,1,0.0,0.0,0.0,0.5301105457159301
16131.0,2011-06-09,23.302777777777777,2,832.26,55.644444444444446,32.34166666666667,0,0.0,0.0,0.0,0.32898511636391464
16133.0,2011-06-09,1.4993055555555554,12,565.9475,134.33680555555554,9.925694444444444,0,4.0,0.3333333333333333,0.009408999951408922,0.04348803436257999
16134.0,2011-06-09,175.41666666666666,1,283.53000000000003,175.41666666666666,0.0,1,1.0,1.0,0.05078827637287059,0.5117725007054592
16135.0,2011-06-09,78.47916666666667,1,517.55,78.47916666666667,0.0,1,0.0,0.0,0.0,0.5085485222755288
16136.0,2011-06-09,93.58888888888889,1,159.3,93.58888888888889,0.0,1,0.0,0.0,0.0,0.5851890424217077
16139.0,2011-06-09,22.56736111111111,1,139.79999999999998,22.56736111111111,0.0,1,0.0,0.0,0.0,0.5819988418889672
16142.0,2011-06-09,65.57222222222222,1,535.34,65.57222222222222,0.0,1,0.0,0.0,0.0,0.5042778352183539
16143.0,2011-06-09,28.644444444444446,3,406.14000000000004,170.46458333333334,70.91006944444445,0,1.0,0.3333333333333333,0.004185748756586398,0.14479890811282575
16144.0,2011-06-09,62.577083333333334,1,175.2,62.577083333333334,0.0,1,0.0,0.0,0.0,0.5743958627325914
16145.0,2011-06-09,42.37638888888889,4,329.07,175.61875,49.134027777777774,0,3.0,0.75,0.011935150575865318,0.10463768437109755
16146.0,2011-06-09,19.639583333333334,2,329.565,48.357638888888886,28.718055555555555,0,0.0,0.0,0.0,0.38612954444398906
16148.0,2011-06-09,112.41597222222222,1,76.32000000000001,112.41597222222222,0.0,1,0.0,0.0,0.0,0.6323451729392572
16150.0,2011-06-09,86.41944444444445,1,571.06,86.41944444444445,0.0,1,2.0,2.0,0.14639442440374043,0.4054573668865932
16152.0,2011-06-09,84.59236111111112,1,1829.04,84.59236111111112,0.0,1,0.0,0.0,0.0,0.42936197503634305
16153.0,2011-06-09,1.6118055555555555,3,233.36666666666667,170.60972222222222,84.49895833333333,0,0.0,0.0,0.0,0.15250044076060912
16156.0,2011-06-09,22.31111111111111,3,343.52333333333337,126.49861111111112,52.09375,0,1.0,0.3333333333333333,0.015525388862474166,0.19046824688441272
16159.0,2011-06-09,97.48125,1,348.2,97.48125,0.0,1,0.0,0.0,0.0,0.5368624097885626
16161.0,2011-06-09,14.283333333333333,9,232.98444444444445,176.2763888888889,15.74826388888889,0,3.0,0.3333333333333333,0.041538300124948725,0.05183012313422971
16162.0,2011-06-09,68.37291666666667,1,37.4,68.37291666666667,0.0,1,0.0,0.0,0.0,0.6665045669865572
16163.0,2011-06-09,48.364583333333336,1,415.00000000000006,48.364583333333336,0.0,1,1.0,1.0,1.0,0.5307553480475693
16168.0,2011-06-09,2.3944444444444444,9,124.39,135.38958333333332,12.903819444444444,0,0.0,0.0,0.0,0.10955325045802922
16170.0,2011-06-09,50.59513888888889,2,312.78999999999996,64.42916666666666,13.834027777777777,0,0.0,0.0,0.0,0.408368441324847
16172.0,2011-06-09,57.49861111111111,1,199.38,57.49861111111111,0.0,1,0.0,0.0,0.0,0.565529180559093
16175.0,2011-06-09,20.56597222222222,2,233.49,56.390277777777776,35.824305555555554,0,0.0,0.0,0.0,0.4005603815486899
16180.0,2011-06-09,26.504166666666666,4,686.3575000000001,68.56736111111111,18.085416666666667,0,0.0,0.0,0.0,0.2465455965846019
16182.0,2011-06-09,19.539583333333333,2,1258.5,110.57569444444445,91.03611111111111,0,0.0,0.0,0.0,0.25851855248582456
16184.0,2011-06-09,27.435416666666665,1,148.22,27.435416666666665,0.0,1,0.0,0.0,0.0,0.5791615893982605
16185.0,2011-06-09,48.50069444444444,1,335.0,48.50069444444444,0.0,1,0.0,0.0,0.0,0.5313548843279794
16186.0,2011-06-09,5.30625,4,259.9175,57.579861111111114,22.114583333333332,0,0.0,0.0,0.0,0.27454493948798747
16187.0,2011-06-09,19.411805555555556,7,366.3771428571428,100.43472222222222,6.9423611111111105,0,0.0,0.0,0.0,0.15319779221660534
16188.0,2011-06-09,42.545833333333334,2,282.885,58.59444444444444,16.04861111111111,0,0.0,0.0,0.0,0.4111719596100937
16191.0,2011-06-09,78.62916666666666,8,326.96,176.4736111111111,10.8375,0,7.0,0.875,0.024697210667971623,0.061580109792521286
16193.0,2011-06-09,52.510416666666664,1,314.45,52.510416666666664,0.0,1,0.0,0.0,0.0,0.5360246078914981
16202.0,2011-06-09,176.5534722222222,1,365.27,176.5534722222222,0.0,1,0.0,0.0,0.0,0.5465881143422043
16203.0,2011-06-09,43.37361111111111,1,147.6,43.37361111111111,0.0,1,1.0,1.0,0.02540650406504065,0.5299266499315209
16206.0,2011-06-09,24.538888888888888,2,144.375,143.53680555555556,118.99791666666667,0,0.0,0.0,0.0,0.35249319544699664
16208.0,2011-06-09,105.43263888888889,1,497.59,105.43263888888889,0.0,1,0.0,0.0,0.0,0.5154656359419487
16209.0,2011-06-09,2.5166666666666666,2,284.03000000000003,62.484027777777776,59.96736111111111,0,0.0,0.0,0.0,0.3633104788232488
16210.0,2011-06-09,29.33888888888889,7,836.3814285714286,177.61875,9.964930555555556,0,0.0,0.0,0.0,0.06638280685876718
16212.0,2011-06-09,99.46458333333334,1,498.15000000000003,99.46458333333334,0.0,1,1.0,1.0,0.018367961457392352,0.4612059707383177
16214.0,2011-06-09,68.57777777777778,2,374.83500000000004,85.44236111111111,16.864583333333332,0,0.0,0.0,0.0,0.39720187144623986
16216.0,2011-06-09,83.35138888888889,1,914.9300000000001,83.35138888888889,0.0,1,0.0,0.0,0.0,0.4729888682015392
16217.0,2011-06-09,51.43680555555556,2,152.125,98.35555555555555,46.91875,0,2.0,1.0,0.14744453574363187,0.35178307592842756
16218.0,2011-06-09,22.535416666666666,3,419.15333333333336,70.55972222222222,24.01215277777778,0,1.0,0.3333333333333333,0.023706519491673694,0.25743643592130133
16221.0,2011-06-09,91.54791666666667,1,148.63,91.54791666666667,0.0,1,0.0,0.0,0.0,0.5891327080924341
16222.0,2011-06-09,134.43194444444444,1,773.5500000000001,134.43194444444444,0.0,1,0.0,0.0,0.0,0.49208960420490155
16224.0,2011-06-09,56.40486111111111,2,271.605,65.5,9.095138888888888,0,0.0,0.0,0.0,0.42263894690631965
16225.0,2011-06-09,93.42083333333333,2,208.305,93.48819444444445,0.06736111111111111,0,0.0,0.0,0.0,0.4541660581304326
16226.0,2011-06-09,19.388194444444444,3,85.04,51.459722222222226,16.03576388888889,0,0.0,0.0,0.0,0.4043324586187615
16227.0,2011-06-09,41.43541666666667,1,314.22,41.43541666666667,0.0,1,1.0,1.0,0.018776653300235504,0.4810461165847494
16229.0,2011-06-09,28.570833333333333,1,358.2,28.570833333333333,0.0,1,0.0,0.0,0.0,0.5238481845294641
16230.0,2011-06-09,5.579166666666667,2,271.015,36.36666666666667,30.7875,0,0.0,0.0,0.0,0.39388191559327523
16232.0,2011-06-09,31.4125,2,183.235,31.413194444444443,0.0006944444444444445,0,0.0,0.0,0.0,0.4522187236501168
16233.0,2011-06-09,145.56180555555557,1,179.10000000000002,145.56180555555557,0.0,1,2.0,2.0,0.6395868230039082,0.5214717524619562
16235.0,2011-06-09,2.5236111111111112,3,221.76333333333332,148.34583333333333,72.91111111111111,0,1.0,0.3333333333333333,0.013377624795202093,0.15846938390883905
16239.0,2011-06-09,5.604166666666667,1,347.9,5.604166666666667,0.0,1,0.0,0.0,0.0,0.5219549633982538
16241.0,2011-06-09,28.509027777777778,3,183.63666666666666,155.34027777777777,63.415625000000006,0,0.0,0.0,0.0,0.2117544511486928
16242.0,2011-06-09,30.363194444444446,2,196.45,93.28888888888889,62.925694444444446,0,1.0,0.5,0.012598625604479512,0.3489317036777278
16244.0,2011-06-09,27.570833333333333,1,466.12,27.570833333333333,0.0,1,0.0,0.0,0.0,0.5068965939048254
16245.0,2011-06-09,72.60416666666667,1,453.98,72.60416666666667,0.0,1,1.0,1.0,0.01949425084805498,0.46277121337203064
16249.0,2011-06-09,17.410416666666666,2,510.265,55.423611111111114,38.013194444444444,0,0.0,0.0,0.0,0.35116924699245977
16250.0,2011-06-09,77.37013888888889,1,163.3,77.37013888888889,0.0,1,0.0,0.0,0.0,0.5811019136217471
16253.0,2011-06-09,71.43541666666667,1,1700.4,71.43541666666667,0.0,1,0.0,0.0,0.0,0.431799448303003
16255.0,2011-06-09,62.44722222222222,3,229.14000000000001,155.52083333333334,46.53680555555556,0,0.0,0.0,0.0,0.25225438914399295
16256.0,2011-06-09,82.4875,1,752.4300000000001,82.4875,0.0,1,1.0,1.0,0.02631474024161716,0.4328999047608627
16258.0,2011-06-09,35.39375,1,1032.46,35.39375,0.0,1,0.0,0.0,0.0,0.45745658362074765
16261.0,2011-06-09,62.204861111111114,1,252.52,62.204861111111114,0.0,1,0.0,0.0,0.0,0.5514596111839362
16265.0,2011-06-09,76.58888888888889,3,678.11,120.49930555555555,21.95520833333333,0,2.0,0.6666666666666666,0.011723761631593695,0.22001020259700593
16266.0,2011-06-09,16.45,3,123.94666666666666,22.381944444444443,2.9659722222222222,0,0.0,0.0,0.0,0.4305173970835634
16270.0,2011-06-09,169.3986111111111,1,1141.24,169.3986111111111,0.0,1,0.0,0.0,0.0,0.4731061420455448
16271.0,2011-06-09,174.30833333333334,1,133.22,174.30833333333334,0.0,1,0.0,0.0,0.0,0.6085238680482064
16275.0,2011-06-09,12.471527777777778,1,559.87,12.471527777777778,0.0,1,0.0,0.0,0.0,0.4927238917822698
16282.0,2011-06-09,155.5125,1,168.3,155.5125,0.0,1,0.0,0.0,0.0,0.5914625977413219
16283.0,2011-06-09,24.43263888888889,1,277.81,24.43263888888889,0.0,1,0.0,0.0,0.0,0.5393097216769009
16293.0,2011-06-09,23.481944444444444,3,250.33,85.55208333333333,31.035069444444442,0,0.0,0.0,0.0,0.2901950929129433
16297.0,2011-06-09,84.64652777777778,1,301.9,84.64652777777778,0.0,1,3.0,3.0,0.08777740973832394,0.388072057228804
16298.0,2011-06-09,2.5791666666666666,1,114.3,2.5791666666666666,0.0,1,0.0,0.0,0.0,0.591192752611847
16303.0,2011-06-09,149.40555555555557,1,827.1800000000001,149.40555555555557,0.0,1,0.0,0.0,0.0,0.4902822318582046
16306.0,2011-06-09,29.491666666666667,5,112.83399999999999,153.2513888888889,20.375347222222224,0,3.0,0.6,0.05317546129712675,0.11404530284365277
16308.0,2011-06-09,33.45625,2,480.0,77.38472222222222,43.928472222222226,0,0.0,0.0,0.0,0.3517935428998505
16309.0,2011-06-09,56.50972222222222,1,334.2,56.50972222222222,0.0,1,0.0,0.0,0.0,0.532810355804446
16315.0,2011-06-09,146.50208333333333,1,226.37,146.50208333333333,0.0,1,0.0,0.0,0.0,0.5717635855368566
16316.0,2011-06-09,22.54375,5,365.822,174.3986111111111,35.473958333333336,0,2.0,0.4,0.026406285023864065,0.08119781967474929
16317.0,2011-06-09,113.39583333333333,1,570.76,113.39583333333333,0.0,1,0.0,0.0,0.0,0.5080238195707085
16319.0,2011-06-09,33.52291666666667,1,404.40000000000003,33.52291666666667,0.0,1,0.0,0.0,0.0,0.5169305379629568
16320.0,2011-06-09,29.353472222222223,1,852.68,29.353472222222223,0.0,1,0.0,0.0,0.0,0.4686398423249418
16321.0,2011-06-09,121.36805555555556,3,74.55,139.4923611111111,9.06215277777778,0,1.0,0.3333333333333333,0.3038229376257545,0.4393255334238081
16323.0,2011-06-09,12.383333333333333,1,207.50000000000003,12.383333333333333,0.0,1,0.0,0.0,0.0,0.555761397019132
16325.0,2011-06-09,61.611111111111114,1,190.82000000000002,61.611111111111114,0.0,1,1.0,1.0,0.2782727177444712,0.5336856743768859
16326.0,2011-06-09,30.479166666666668,3,175.42666666666665,150.49930555555557,60.01006944444444,0,0.0,0.0,0.0,0.22285847588354132
16327.0,2011-06-09,15.416666666666666,3,644.68,131.5013888888889,58.04236111111111,0,0.0,0.0,0.0,0.1738556217457277
16332.0,2011-06-09,121.40555555555555,1,122.3,121.40555555555555,0.0,1,0.0,0.0,0.0,0.6056410774918625
16333.0,2011-06-09,8.43125,16,817.95,125.54861111111111,0.02013888888888889,0,0.0,0.0,0.0,0.06206314804357412
16339.0,2011-06-09,100.42986111111111,1,94.05,100.42986111111111,0.0,1,0.0,0.0,0.0,0.6182060182117267
16341.0,2011-06-09,17.444444444444443,1,797.65,17.444444444444443,0.0,1,1.0,1.0,0.006820033849432708,0.4174738138005127
16348.0,2011-06-09,7.2625,3,186.35666666666665,56.34097222222222,24.539236111111112,0,0.0,0.0,0.0,0.3255589089152708
16349.0,2011-06-09,106.47222222222223,1,53.5,106.47222222222223,0.0,1,0.0,0.0,0.0,0.6519581683387832
16350.0,2011-06-09,149.59444444444443,1,376.7,149.59444444444443,0.0,1,0.0,0.0,0.0,0.5403105403889045
16351.0,2011-06-09,148.56527777777777,1,153.9,148.56527777777777,0.0,1,0.0,0.0,0.0,0.5958570809111222
16353.0,2011-06-09,33.56041666666667,10,195.128,175.47986111111112,14.021527777777777,0,0.0,0.0,0.0,0.08949189692878938
16356.0,2011-06-09,13.50625,3,70.58999999999999,93.47847222222222,39.986111111111114,0,1.0,0.3333333333333333,0.006847051045946073,0.295889725398892
16357.0,2011-06-09,29.55902777777778,1,137.9,29.55902777777778,0.0,1,0.0,0.0,0.0,0.5839557940956351
16358.0,2011-06-09,0.3715277777777778,1,462.15000000000003,0.3715277777777778,0.0,1,0.0,0.0,0.0,0.5029941342232286
16359.0,2011-06-09,30.459722222222222,5,203.252,147.54930555555555,29.015277777777776,0,3.0,0.6,0.28590124574419934,0.11983817278849336
16365.0,2011-06-09,69.17013888888889,2,174.75,175.3986111111111,106.22847222222222,0,0.0,0.0,0.0,0.3598110827719309
16367.0,2011-06-09,178.49930555555557,1,167.09,178.49930555555557,0.0,1,0.0,0.0,0.0,0.5954368915972769
16369.0,2011-06-09,12.597916666666666,1,354.45,12.597916666666666,0.0,1,0.0,0.0,0.0,0.5219099746097455
16370.0,2011-06-09,41.30555555555556,1,272.17,41.30555555555556,0.0,1,0.0,0.0,0.0,0.5433481056952452
16374.0,2011-06-09,78.4263888888889,1,154.2,78.4263888888889,0.0,1,0.0,0.0,0.0,0.5848074022119811
16377.0,2011-06-09,83.34652777777778,1,676.2,83.34652777777778,0.0,1,0.0,0.0,0.0,0.49227710426823357
16378.0,2011-06-09,63.37013888888889,3,120.98333333333333,126.47083333333333,31.55034722222222,0,0.0,0.0,0.0,0.33384923967468405
16383.0,2011-06-09,84.45833333333333,1,309.46,84.45833333333333,0.0,1,0.0,0.0,0.0,0.542220272503122
16384.0,2011-06-09,79.57430555555555,1,409.1,79.57430555555555,0.0,1,0.0,0.0,0.0,0.5237137099658038
16386.0,2011-06-09,69.48680555555555,1,61.10000000000001,69.48680555555555,0.0,1,0.0,0.0,0.0,0.6388949494504701
16387.0,2011-06-09,138.51805555555555,1,94.36,138.51805555555555,0.0,1,0.0,0.0,0.0,0.6237460164832729
16389.0,2011-06-09,21.42013888888889,2,335.085,99.34236111111112,77.92222222222222,0,0.0,0.0,0.0,0.3402628932735564
16392.0,2011-06-09,85.49236111111111,1,217.89,85.49236111111111,0.0,1,0.0,0.0,0.0,0.5644592243643586
16393.0,2011-06-09,1.4145833333333333,5,156.948,178.50416666666666,42.59236111111111,0,1.0,0.2,0.021217218441776892,0.08897075012847351
16394.0,2011-06-09,64.38125,2,309.65,105.54305555555555,41.16180555555555,0,1.0,0.5,0.01908606491199742,0.3476882280188012
16395.0,2011-06-09,139.5534722222222,2,225.28,146.49305555555554,6.939583333333333,0,0.0,0.0,0.0,0.45005033916558457
16398.0,2011-06-09,69.59861111111111,1,1169.95,69.59861111111111,0.0,1,1.0,1.0,0.017009273900594042,0.40272888782868793
16399.0,2011-06-09,51.42638888888889,1,178.41,51.42638888888889,0.0,1,0.0,0.0,0.0,0.571488186327333
16401.0,2011-06-09,26.469444444444445,5,332.378,143.54444444444445,32.09305555555556,0,2.0,0.4,0.003159053848329312,0.11509135523554234
16402.0,2011-06-09,80.48263888888889,1,87.8,80.48263888888889,0.0,1,0.0,0.0,0.0,0.61926537317843
16403.0,2011-06-09,128.43125,1,177.5,128.43125,0.0,1,1.0,1.0,0.09267605633802817,0.536628728487033
16405.0,2011-06-09,118.35833333333333,2,83.625,126.28611111111111,7.927777777777778,0,0.0,0.0,0.0,0.5083834459922565
16407.0,2011-06-09,10.397222222222222,5,157.958,128.4152777777778,29.05972222222222,0,0.0,0.0,0.0,0.16376929516200062
16409.0,2011-06-09,58.28333333333333,2,401.78,133.38125,75.09791666666666,0,0.0,0.0,0.0,0.3378885144332946
16414.0,2011-06-09,96.43958333333333,1,50.8,96.43958333333333,0.0,1,0.0,0.0,0.0,0.6534386599488905
16418.0,2011-06-09,42.295833333333334,1,145.91,42.295833333333334,0.0,1,0.0,0.0,0.0,0.5824980330693381
16419.0,2011-06-09,91.38263888888889,2,258.465,127.48263888888889,36.1,0,1.0,0.5,0.02466484823863966,0.36739361350410044
16422.0,2011-06-09,1.5194444444444444,27,652.7648148148148,176.29652777777778,6.086111111111111,0,16.0,0.5925925925925926,0.031948435855463794,0.005091451726757433
16424.0,2011-06-09,7.430555555555555,1,133.56,7.430555555555555,0.0,1,1.0,1.0,0.38185085354896675,0.5543350641240982
16425.0,2011-06-09,118.39583333333333,1,302.7,118.39583333333333,0.0,1,0.0,0.0,0.0,0.5490905200762604
16426.0,2011-06-09,92.34375,1,328.37,92.34375,0.0,1,0.0,0.0,0.0,0.5397437654621615
16427.0,2011-06-09,79.28472222222223,2,120.53,100.3625,21.07777777777778,0,0.0,0.0,0.0,0.46575882797519663
16431.0,2011-06-09,29.410416666666666,3,207.76,113.41527777777777,42.002430555555556,0,0.0,0.0,0.0,0.26620436930795116
16434.0,2011-06-09,8.390972222222222,3,238.90666666666667,115.48819444444445,53.548611111111114,0,0.0,0.0,0.0,0.2239833141030405
16440.0,2011-06-09,30.48263888888889,1,272.46,30.48263888888889,0.0,1,0.0,0.0,0.0,0.5415237694966135
16441.0,2011-06-09,107.26736111111111,1,211.0,107.26736111111111,0.0,1,0.0,0.0,0.0,0.5699334065195226
16442.0,2011-06-09,43.50625,2,216.215,176.55138888888888,133.04513888888889,0,0.0,0.0,0.0,0.31999160697238815
16444.0,2011-06-09,10.539583333333333,2,120.03999999999999,80.49027777777778,69.95069444444445,0,1.0,0.5,0.06622792402532489,0.3717753502745621
16446.0,2011-06-09,21.58888888888889,1,2.9,21.58888888888889,0.0,1,0.0,0.0,0.0,0.7761377313215058
16448.0,2011-06-09,14.313888888888888,1,182.99,14.313888888888888,0.0,1,0.0,0.0,0.0,0.5639499944910867
16449.0,2011-06-09,13.565972222222221,2,353.845,96.48958333333333,82.92361111111111,0,1.0,0.5,0.04663058683887012,0.29834830349285035
16455.0,2011-06-09,20.522222222222222,3,250.82666666666668,177.28958333333333,78.38368055555556,0,0.0,0.0,0.0,0.16420925511066736
16456.0,2011-06-09,43.59444444444444,2,394.51,122.52152777777778,78.92708333333333,0,0.0,0.0,0.0,0.333350108390133
16457.0,2011-06-09,34.44513888888889,1,208.36,34.44513888888889,0.0,1,0.0,0.0,0.0,0.5590651564428247
16458.0,2011-06-09,3.488888888888889,7,186.52857142857144,176.50625,24.49375,0,0.0,0.0,0.0,0.0790145648512234
16462.0,2011-06-09,1.5368055555555555,2,34.0,99.62638888888888,98.08958333333334,0,0.0,0.0,0.0,0.45637634186667386
16463.0,2011-06-09,20.385416666666668,1,319.37,20.385416666666668,0.0,1,1.0,1.0,0.015499264176347184,0.47634222979257446
16466.0,2011-06-09,24.51736111111111,2,160.76,108.51458333333333,83.99722222222222,0,0.0,0.0,0.0,0.37832945338231677
16469.0,2011-06-09,62.44722222222222,2,134.15,62.450694444444444,0.003472222222222222,0,0.0,0.0,0.0,0.4770573992804493
16470.0,2011-06-09,8.514583333333333,2,172.82999999999998,174.5048611111111,165.99027777777778,0,1.0,0.5,0.014320430480819301,0.26634903686557715
16471.0,2011-06-09,90.59652777777778,1,223.95000000000002,90.59652777777778,0.0,1,0.0,0.0,0.0,0.5635590408668878
16473.0,2011-06-09,103.42291666666667,2,108.905,152.54513888888889,49.12222222222222,0,1.0,0.5,0.005738946788485377,0.4080585711978081
16475.0,2011-06-09,89.59791666666666,1,310.0,89.59791666666666,0.0,1,0.0,0.0,0.0,0.5429415304539789
16477.0,2011-06-09,30.38888888888889,4,331.71500000000003,168.43125,45.18125,0,0.0,0.0,0.0,0.1385753951643231
16483.0,2011-06-09,8.452777777777778,1,139.35,8.452777777777778,0.0,1,0.0,0.0,0.0,0.5799443447792605
16484.0,2011-06-09,6.55625,1,285.7,6.55625,0.0,1,1.0,1.0,0.0871543577178859,0.48604261114998515
16493.0,2011-06-09,101.34583333333333,2,183.9,145.65555555555557,44.30972222222222,0,0.0,0.0,0.0,0.4201116216488089
16494.0,2011-06-09,112.46597222222222,1,826.53,112.46597222222222,0.0,1,0.0,0.0,0.0,0.4842516624571065
16495.0,2011-06-09,92.30625,2,123.255,92.30694444444444,0.0006944444444444445,0,0.0,0.0,0.0,0.48735048419860305
16496.0,2011-06-09,23.55,2,592.52,132.59583333333333,109.04583333333333,0,1.0,0.5,0.031475730777020185,0.25206230154816034
16497.0,2011-06-09,19.418055555555554,5,310.14,149.44444444444446,32.436458333333334,0,0.0,0.0,0.0,0.129596903166542
16499.0,2011-06-09,176.43680555555557,1,147.35,176.43680555555557,0.0,1,2.0,2.0,0.19307770614183917,0.5087428873655239
16500.0,2011-06-09,146.5638888888889,1,165.0,146.5638888888889,0.0,1,0.0,0.0,0.0,0.5912919269127684
16503.0,2011-06-09,30.341666666666665,3,364.4633333333333,176.42361111111111,73.04097222222222,0,1.0,0.3333333333333333,0.009603160811787192,0.14449420864467347
16509.0,2011-06-09,112.60763888888889,1,363.7,112.60763888888889,0.0,1,0.0,0.0,0.0,0.5365542093094902
16511.0,2011-06-09,82.525,1,330.35,82.525,0.0,1,0.0,0.0,0.0,0.5377717003615147
16515.0,2011-06-09,62.53333333333333,2,309.67,127.45208333333333,64.91875,0,0.0,0.0,0.0,0.3628549418264495
16517.0,2011-06-09,93.42361111111111,1,162.7,93.42361111111111,0.0,1,0.0,0.0,0.0,0.5838613271130795
16518.0,2011-06-09,100.30833333333334,1,190.7,100.30833333333334,0.0,1,1.0,1.0,0.017829050865233353,0.5224588279006397
16520.0,2011-06-09,2.441666666666667,2,360.40500000000003,55.40694444444444,52.96527777777778,0,1.0,0.5,0.013803915040024414,0.3192541211844575
16523.0,2011-06-09,15.652083333333334,8,354.45,131.49583333333334,15.82638888888889,0,1.0,0.125,0.010544505572012978,0.09894576893526713
16525.0,2011-06-09,0.6583333333333333,15,518.378,174.66458333333333,9.889930555555555,0,1.0,0.06666666666666667,0.06812274697871695,0.03768459119065044
16529.0,2011-06-09,6.2756944444444445,1,455.25,6.2756944444444445,0.0,1,0.0,0.0,0.0,0.5049196919255061
16531.0,2011-06-09,110.40208333333334,3,161.60999999999999,176.4451388888889,33.02152777777778,0,0.0,0.0,0.0,0.319695779898969
16532.0,2011-06-09,154.47430555555556,1,1910.4,154.47430555555556,0.0,1,0.0,0.0,0.0,0.43807781889245295
16539.0,2011-06-09,35.58888888888889,2,305.63,174.30416666666667,138.71527777777777,0,0.0,0.0,0.0,0.2953010471147671
16546.0,2011-06-09,106.52777777777777,1,487.75,106.52777777777777,0.0,1,0.0,0.0,0.0,0.5169169551228433
16549.0,2011-06-09,150.41458333333333,1,119.49000000000001,150.41458333333333,0.0,1,0.0,0.0,0.0,0.6114559723214683
16550.0,2011-06-09,1.4340277777777777,2,435.83500000000004,51.4375,50.00347222222222,0,1.0,0.5,0.007135727970447532,0.3107764729229488
16551.0,2011-06-09,152.56666666666666,1,311.07,152.56666666666666,0.0,1,0.0,0.0,0.0,0.5528531935093466
16552.0,2011-06-09,58.580555555555556,1,284.44000000000005,58.580555555555556,0.0,1,0.0,0.0,0.0,0.5433610670214719
16553.0,2011-06-09,21.459722222222222,9,525.6866666666667,176.41805555555555,13.515972222222222,0,1.0,0.1111111111111111,0.010779551824280623,0.057161591717466376
16554.0,2011-06-09,38.40486111111111,2,157.055,147.47152777777777,109.06666666666666,0,3.0,1.5,0.29639298334978187,0.26889536444711376
16556.0,2011-06-09,17.520833333333332,4,409.705,176.4361111111111,49.97569444444444,0,0.0,0.0,0.0,0.11026649982585827
16558.0,2011-06-09,8.552083333333334,9,320.1311111111111,173.34791666666666,14.648611111111112,0,3.0,0.3333333333333333,0.021723738190602464,0.045919168450861865
16560.0,2011-06-09,174.39166666666668,1,332.18,174.39166666666668,0.0,1,0.0,0.0,0.0,0.5522140543998981
16566.0,2011-06-09,8.644444444444444,2,140.06,108.56319444444445,99.91875,0,1.0,0.5,0.0023204340996715693,0.3314875788724884
16567.0,2011-06-09,10.41875,2,432.8,152.60347222222222,142.18472222222223,0,0.0,0.0,0.0,0.27106896264514246
16570.0,2011-06-09,21.30763888888889,3,491.07666666666665,127.55763888888889,53.125,0,2.0,0.6666666666666666,0.030646945826517242,0.15472602277195557
16571.0,2011-06-09,97.59652777777778,1,436.68,97.59652777777778,0.0,1,0.0,0.0,0.0,0.5225009215613151
16572.0,2011-06-09,91.49722222222222,1,342.58,91.49722222222222,0.0,1,0.0,0.0,0.0,0.5369232878640792
16573.0,2011-06-09,106.36527777777778,1,292.63,106.36527777777778,0.0,1,1.0,1.0,0.03502716741277381,0.4973543683615119
16584.0,2011-06-09,70.4486111111111,1,611.94,70.4486111111111,0.0,1,1.0,1.0,0.0458378272379645,0.4452690561190612
16586.0,2011-06-09,64.60277777777777,1,463.95,64.60277777777777,0.0,1,0.0,0.0,0.0,0.5132525112999184
16587.0,2011-06-09,48.33958333333333,1,225.15,48.33958333333333,0.0,1,0.0,0.0,0.0,0.5564402749315775
16592.0,2011-06-09,17.355555555555554,6,192.13833333333332,103.57013888888889,0.0006944444444444445,0,2.0,0.3333333333333333,0.02073159095443387,0.13523947965778793
16593.0,2011-06-09,5.488194444444445,2,127.75,143.4923611111111,138.00416666666666,0,0.0,0.0,0.0,0.3396193075460858
16598.0,2011-06-09,101.5125,1,145.04999999999998,101.5125,0.0,1,1.0,1.0,0.029989658738366082,0.5408002540237197
16600.0,2011-06-09,69.19444444444444,2,118.72999999999999,154.4909722222222,85.29652777777778,0,0.0,0.0,0.0,0.4025366312526361
16607.0,2011-06-09,23.584722222222222,7,245.2942857142857,174.63819444444445,23.99652777777778,0,1.0,0.14285714285714285,0.171805295097434,0.0869359876643819
16609.0,2011-06-09,13.434722222222222,3,662.54,68.57569444444445,27.57048611111111,0,0.0,0.0,0.0,0.2506398883628579
16610.0,2011-06-09,35.449305555555554,1,75.66,35.449305555555554,0.0,1,0.0,0.0,0.0,0.6212047605464722
16611.0,2011-06-09,2.3430555555555554,1,129.49,2.3430555555555554,0.0,1,1.0,1.0,0.06564213452776275,0.5342265184684963
16612.0,2011-06-09,2.515972222222222,2,354.45000000000005,127.55694444444444,125.04097222222222,0,0.0,0.0,0.0,0.29405781781992085
16617.0,2011-06-09,51.55902777777778,1,151.85,51.55902777777778,0.0,1,0.0,0.0,0.0,0.581505037124777
16618.0,2011-06-09,26.55763888888889,4,360.3225,138.50347222222223,48.803472222222226,0,1.0,0.25,0.011760298066315593,0.15934196337887915
16619.0,2011-06-09,79.65416666666667,1,226.21,79.65416666666667,0.0,1,1.0,1.0,0.09637062906149153,0.5135367500239373
16620.0,2011-06-09,76.55763888888889,1,95.75999999999999,76.55763888888889,0.0,1,0.0,0.0,0.0,0.6134836658604945
16621.0,2011-06-09,31.553472222222222,2,245.35000000000002,93.51944444444445,61.96597222222222,0,0.0,0.0,0.0,0.37462765849510704
16623.0,2011-06-09,61.577083333333334,1,129.45,61.577083333333334,0.0,1,0.0,0.0,0.0,0.5928997202966984
16624.0,2011-06-09,13.402777777777779,1,426.43,13.402777777777779,0.0,1,0.0,0.0,0.0,0.510258538852686
16625.0,2011-06-09,90.46527777777777,1,333.08,90.46527777777777,0.0,1,0.0,0.0,0.0,0.5385376621268344
16626.0,2011-06-09,0.5486111111111112,2,695.94,82.48125,81.93263888888889,0,1.0,0.5,0.0015087507543753774,0.26020553277621317
16628.0,2011-06-09,34.34444444444444,2,356.455,50.62847222222222,16.284027777777776,0,0.0,0.0,0.0,0.39541866070045295
16633.0,2011-06-09,50.391666666666666,1,447.52,50.391666666666666,0.0,1,0.0,0.0,0.0,0.5132280890852068
16634.0,2011-06-09,38.49375,1,53.1,38.49375,0.0,1,0.0,0.0,0.0,0.6423510710237909
16637.0,2011-06-09,41.56944444444444,1,303.62,41.56944444444444,0.0,1,0.0,0.0,0.0,0.5364678425820552
16638.0,2011-06-09,73.34652777777778,5,232.208,175.4673611111111,25.175694444444446,0,1.0,0.2,0.003660511265761731,0.15913769197929814
16639.0,2011-06-09,22.57638888888889,2,235.57500000000005,51.60347222222222,29.027083333333334,0,0.0,0.0,0.0,0.4068358620735908
16642.0,2011-06-09,23.475694444444443,1,307.73,23.475694444444443,0.0,1,1.0,1.0,0.027621616351996878,0.4800358288834351
16643.0,2011-06-09,61.65,1,487.51,61.65,0.0,1,0.0,0.0,0.0,0.5096094487929426
16644.0,2011-06-09,28.463194444444444,1,722.41,28.463194444444444,0.0,1,0.0,0.0,0.0,0.47906439102062404
16647.0,2011-06-09,20.603472222222223,1,127.75,20.603472222222223,0.0,1,0.0,0.0,0.0,0.5872365734407567
16652.0,2011-06-09,28.46527777777778,3,1018.2066666666666,89.44930555555555,30.492013888888888,0,2.0,0.6666666666666666,0.015517478442490391,0.1775486735691672
16654.0,2011-06-09,3.390277777777778,2,154.925,51.34513888888889,47.954861111111114,0,1.0,0.5,0.020332418912376953,0.37301350524744603
16655.0,2011-06-09,1.6743055555555555,2,615.35,147.57222222222222,145.89791666666667,0,0.0,0.0,0.0,0.24982873058158356
16656.0,2011-06-09,8.598611111111111,5,625.744,155.5673611111111,36.91180555555556,0,2.0,0.4,0.01379158250019177,0.07525556647662594
16657.0,2011-06-09,70.49861111111112,1,215.43,70.49861111111112,0.0,1,0.0,0.0,0.0,0.562770001406556
16659.0,2011-06-09,5.372916666666667,1,39.12,5.372916666666667,0.0,1,0.0,0.0,0.0,0.6547597555190955
16660.0,2011-06-09,26.552777777777777,2,192.17999999999998,135.46944444444443,108.91666666666667,0,0.0,0.0,0.0,0.3453218783069227
16665.0,2011-06-09,178.41458333333333,1,135.39999999999998,178.41458333333333,0.0,1,0.0,0.0,0.0,0.6081656724943235
16667.0,2011-06-09,100.46041666666666,1,200.4,100.46041666666666,0.0,1,0.0,0.0,0.0,0.5720621660603057
16668.0,2011-06-09,30.30902777777778,2,61.28999999999999,100.46805555555555,70.15902777777778,0,0.0,0.0,0.0,0.45190953634879427
16670.0,2011-06-09,63.46597222222222,5,389.644,174.5625,30.48645833333333,0,2.0,0.4,0.019889950826908667,0.11987291533516087
16672.0,2011-06-09,0.475,10,415.434,82.57291666666667,8.031944444444445,0,1.0,0.1,0.0062825864036164586,0.11697031242638067
16676.0,2011-06-09,29.368055555555557,3,366.1666666666667,153.45833333333334,62.045138888888886,0,1.0,0.3333333333333333,0.03040509786071916,0.16699282771401786
16678.0,2011-06-09,13.640277777777778,5,253.33,98.60833333333333,21.314930555555556,0,1.0,0.2,0.0019737101803971105,0.173490077730035
16681.0,2011-06-09,21.29722222222222,3,291.94666666666666,69.4263888888889,24.06458333333333,0,0.0,0.0,0.0,0.3044695135926455
16682.0,2011-06-09,3.540277777777778,1,525.5,3.540277777777778,0.0,1,0.0,0.0,0.0,0.49530994476894036
16684.0,2011-06-09,21.54861111111111,13,1928.9184615384615,174.26805555555555,1.8350694444444446,0,1.0,0.07692307692307693,0.006087109795285841,0.03438530748783901
16686.0,2011-06-09,10.411111111111111,4,298.9075,171.38819444444445,49.885416666666664,0,2.0,0.5,0.01618393650209513,0.09022416254811728
16690.0,2011-06-09,17.54652777777778,1,86.5,17.54652777777778,0.0,1,0.0,0.0,0.0,0.6104426929407205
16692.0,2011-06-09,72.38472222222222,2,638.0,105.34652777777778,32.96180555555556,0,0.0,0.0,0.0,0.3510189402758514
16693.0,2011-06-09,87.5375,1,153.41,87.5375,0.0,1,0.0,0.0,0.0,0.5865576889851017
16696.0,2011-06-09,19.377777777777776,3,186.30000000000004,64.36111111111111,22.491666666666667,0,0.0,0.0,0.0,0.3344354954534511
16697.0,2011-06-09,57.28333333333333,1,112.75,57.28333333333333,0.0,1,0.0,0.0,0.0,0.6006463195726848
16698.0,2011-06-09,42.547222222222224,2,999.0,69.43541666666667,26.888194444444444,0,0.0,0.0,0.0,0.32625296760721834
16700.0,2011-06-09,17.37986111111111,6,435.215,132.48680555555555,19.014583333333334,0,2.0,0.3333333333333333,0.005859173052399389,0.09530734399189714
16701.0,2011-06-09,5.509722222222222,6,366.38166666666666,177.50625,33.043055555555554,0,2.0,0.3333333333333333,0.02504219188551101,0.060512451917621835
16705.0,2011-06-09,23.49652777777778,8,826.0612500000001,174.54791666666668,0.0006944444444444445,0,5.0,0.625,0.0023696790038268954,0.03148015266480905
16709.0,2011-06-09,15.509722222222223,4,496.1475,97.54513888888889,36.06458333333333,0,0.0,0.0,0.0,0.2029327803932813
16710.0,2011-06-09,23.338194444444444,5,251.68200000000002,176.40902777777777,31.561805555555555,0,0.0,0.0,0.0,0.10772283271113581
16711.0,2011-06-09,118.38472222222222,2,299.40000000000003,173.4701388888889,55.08541666666667,0,0.0,0.0,0.0,0.38276747294885555
16712.0,2011-06-09,28.365972222222222,4,299.555,92.37013888888889,21.040277777777778,0,0.0,0.0,0.0,0.24280308353483737
16713.0,2011-06-09,51.52152777777778,7,313.88571428571424,170.46458333333334,11.89375,0,3.0,0.42857142857142855,0.024326415437829967,0.08181327785019812
16714.0,2011-06-09,34.53541666666667,3,376.3533333333333,133.43055555555554,49.44756944444444,0,1.0,0.3333333333333333,0.22142313074593026,0.2034105283501731
16716.0,2011-06-09,82.58125,2,450.6,127.35069444444444,44.769444444444446,0,1.0,0.5,0.6451398135818908,0.3646242425616689
16719.0,2011-06-09,51.56875,3,181.65,154.50555555555556,51.46840277777778,0,1.0,0.3333333333333333,0.030278007156619872,0.2223554861683427
16721.0,2011-06-09,78.32777777777778,1,292.47,78.32777777777778,0.0,1,0.0,0.0,0.0,0.5447981329245553
16722.0,2011-06-09,16.505555555555556,3,387.91333333333336,104.34791666666666,43.92118055555555,0,2.0,0.6666666666666666,0.0026638252530633987,0.18135236167336938
16725.0,2011-06-09,118.29722222222222,6,106.02,175.3111111111111,7.888194444444444,0,1.0,0.16666666666666666,0.009353581085329812,0.24732870194232648
16726.0,2011-06-09,12.458333333333334,4,194.29000000000002,177.4388888888889,66.99861111111112,0,0.0,0.0,0.0,0.13621837824276903
16728.0,2011-06-09,52.53888888888889,2,163.465,80.43888888888888,27.9,0,0.0,0.0,0.0,0.43547423548897096
16729.0,2011-06-09,6.4944444444444445,10,311.874,57.40138888888889,6.965277777777778,0,1.0,0.1,0.0006252525058196579,0.16871024107881044
16730.0,2011-06-09,50.47152777777778,2,240.47,135.41597222222222,84.94444444444444,0,1.0,0.5,0.08383582151619745,0.3252322083512887
16735.0,2011-06-09,55.49166666666667,2,522.385,150.46319444444444,94.97152777777778,0,1.0,0.5,0.003158589928883869,0.2716903266048213
16738.0,2011-06-09,113.59305555555555,1,3.75,113.59305555555555,0.0,1,0.0,0.0,0.0,0.777763837297268
16743.0,2011-06-09,27.460416666666667,3,353.9166666666667,174.48958333333334,73.51458333333333,0,0.0,0.0,0.0,0.1631429194930804
16745.0,2011-06-09,27.492361111111112,9,397.1588888888889,127.5201388888889,10.94375,0,0.0,0.0,0.0,0.11806088456090849
16746.0,2011-06-09,10.350694444444445,8,358.95375,174.51180555555555,26.14027777777778,0,0.0,0.0,0.0,0.07195357615253722
16748.0,2011-06-09,33.52361111111111,3,303.40000000000003,150.42361111111111,58.45,0,0.0,0.0,0.0,0.20399463028778952
16750.0,2011-06-09,48.296527777777776,1,118.7,48.296527777777776,0.0,1,0.0,0.0,0.0,0.5961095300820729
16755.0,2011-06-09,42.41597222222222,2,454.235,131.55069444444445,89.13472222222222,0,0.0,0.0,0.0,0.3164105501750948
16756.0,2011-06-09,30.602083333333333,1,239.4,30.602083333333333,0.0,1,0.0,0.0,0.0,0.549712113985564
16757.0,2011-06-09,134.50069444444443,1,106.83000000000001,134.50069444444443,0.0,1,0.0,0.0,0.0,0.6157607863903584
16763.0,2011-06-09,14.505555555555556,1,611.85,14.505555555555556,0.0,1,1.0,1.0,0.027702868350085803,0.43499435850839524
16765.0,2011-06-09,110.34652777777778,1,34.0,110.34652777777778,0.0,1,0.0,0.0,0.0,0.6776421674967612
16766.0,2011-06-09,89.35972222222222,2,572.8,89.43472222222222,0.075,0,0.0,0.0,0.0,0.3905055570175768
16767.0,2011-06-09,35.30833333333333,3,881.34,132.43194444444444,48.56180555555555,0,0.0,0.0,0.0,0.18566324927059322
16768.0,2011-06-09,87.56597222222223,1,183.25,87.56597222222223,0.0,1,0.0,0.0,0.0,0.575576839381286
16769.0,2011-06-09,76.42986111111111,1,361.54,76.42986111111111,0.0,1,0.0,0.0,0.0,0.5310584354360519
16770.0,2011-06-09,52.46597222222222,3,172.85999999999999,174.34375,60.93888888888889,0,1.0,0.3333333333333333,0.04859423811176675,0.20106567113600912
16771.0,2011-06-09,91.41944444444445,3,550.5833333333334,154.41875,31.49965277777778,0,0.0,0.0,0.0,0.2580312078114714
16775.0,2011-06-09,21.531944444444445,3,153.29999999999998,146.3625,62.415277777777774,0,0.0,0.0,0.0,0.2212806409319862
16777.0,2011-06-09,73.39305555555555,1,173.52,73.39305555555555,0.0,1,0.0,0.0,0.0,0.5767135129570496
16778.0,2011-06-09,90.36041666666667,1,93.18,90.36041666666667,0.0,1,0.0,0.0,0.0,0.6172281383135656
16779.0,2011-06-09,35.45,9,380.4277777777778,178.48194444444445,21.116666666666667,0,2.0,0.2222222222222222,0.005739153292346335,0.06600695883549396
16780.0,2011-06-09,75.26805555555555,1,161.89,75.26805555555555,0.0,1,0.0,0.0,0.0,0.5813054635593062
16782.0,2011-06-09,20.45277777777778,6,162.025,175.5236111111111,39.27569444444445,0,3.0,0.5,0.020470092063981895,0.08121820257195593
16788.0,2011-06-09,70.45486111111111,1,294.47,70.45486111111111,0.0,1,0.0,0.0,0.0,0.5430933333829105
16791.0,2011-06-09,29.440277777777776,4,141.9375,148.34583333333333,49.9625,0,0.0,0.0,0.0,0.20413227313084747
16792.0,2011-06-09,98.38819444444445,2,55.190000000000005,98.38958333333333,0.001388888888888889,0,0.0,0.0,0.0,0.5391228408894664
16801.0,2011-06-09,8.531944444444445,3,484.46000000000004,89.41944444444445,40.44375,0,1.0,0.3333333333333333,0.5173457733008573,0.2267851032828238
16804.0,2011-06-09,86.34166666666667,1,118.05,86.34166666666667,0.0,1,0.0,0.0,0.0,0.6023791577595431
16805.0,2011-06-09,176.43402777777777,1,214.77,176.43402777777777,0.0,1,0.0,0.0,0.0,0.5797126698346016
16806.0,2011-06-09,36.364583333333336,2,198.315,55.16736111111111,18.802777777777777,0,0.0,0.0,0.0,0.4296263491760047
16807.0,2011-06-09,31.518055555555556,2,325.915,86.59305555555555,55.075,0,0.0,0.0,0.0,0.36408993855912847
16808.0,2011-06-09,90.20486111111111,1,166.5,90.20486111111111,0.0,1,0.0,0.0,0.0,0.5819293939387254
16809.0,2011-06-09,24.463194444444444,2,171.54000000000002,78.36111111111111,53.89791666666667,0,1.0,0.5,0.005683805526407835,0.363762864090449
16810.0,2011-06-09,8.352777777777778,1,309.54,8.352777777777778,0.0,1,1.0,1.0,0.10951734832331846,0.48274261678231467
16812.0,2011-06-09,176.47569444444446,1,479.35,176.47569444444446,0.0,1,0.0,0.0,0.0,0.5294072242915423
16813.0,2011-06-09,7.492361111111111,2,150.82999999999998,20.43888888888889,12.946527777777778,0,0.0,0.0,0.0,0.4478895016844506
16814.0,2011-06-09,8.553472222222222,11,347.6881818181818,155.3840277777778,13.932638888888889,0,0.0,0.0,0.0,0.07069444677508285
16816.0,2011-06-09,129.34722222222223,2,162.72500000000002,174.29097222222222,44.94375,0,0.0,0.0,0.0,0.43169485361226895
16817.0,2011-06-09,1.5798611111111112,6,155.87166666666667,175.59097222222223,30.311805555555555,0,2.0,0.3333333333333333,0.014541877399142457,0.07060735797721351
16818.0,2011-06-09,7.486805555555556,3,382.6566666666667,21.5125,7.012847222222222,0,2.0,0.6666666666666666,0.02752685174699687,0.2834327658553195
16823.0,2011-06-09,43.375,1,358.38,43.375,0.0,1,0.0,0.0,0.0,0.5262317684048868
16825.0,2011-06-09,1.5944444444444446,1,318.7,1.5944444444444446,0.0,1,0.0,0.0,0.0,0.5268761900863317
16832.0,2011-06-09,0.35,3,66.38333333333334,33.40833333333333,16.529166666666665,0,0.0,0.0,0.0,0.4146009606747195
16833.0,2011-06-09,75.62986111111111,3,223.76333333333335,150.45694444444445,37.41354166666667,0,0.0,0.0,0.0,0.2829224674967436
16834.0,2011-06-09,43.59930555555555,1,413.46,43.59930555555555,0.0,1,0.0,0.0,0.0,0.5171650369251188
16837.0,2011-06-09,13.515277777777778,8,226.84250000000003,61.63333333333333,6.995833333333334,0,1.0,0.125,0.0017908901550635352,0.19939836179315867
16838.0,2011-06-09,13.449305555555556,2,294.425,104.37430555555555,90.925,0,1.0,0.5,0.01010444085930203,0.2994463536933138
16839.0,2011-06-09,1.6520833333333333,13,499.31,152.58680555555554,9.536458333333334,0,3.0,0.23076923076923078,0.010667028191211564,0.04012651664702788
16841.0,2011-06-09,1.3902777777777777,3,314.3933333333334,103.47222222222223,51.04097222222222,0,0.0,0.0,0.0,0.21786141843729778
16842.0,2011-06-09,118.38125,1,520.5699999999999,118.38125,0.0,1,0.0,0.0,0.0,0.5147058092472341
16843.0,2011-06-09,13.385416666666666,6,640.3166666666667,143.32638888888889,36.16111111111111,0,1.0,0.16666666666666666,0.003318670449517166,0.09442311341272458
16849.0,2011-06-09,2.613888888888889,1,124.57,2.613888888888889,0.0,1,0.0,0.0,0.0,0.585921828078802
16850.0,2011-06-09,149.53541666666666,1,332.41,149.53541666666666,0.0,1,0.0,0.0,0.0,0.5481930110513819
16859.0,2011-06-09,77.43125,1,259.84,77.43125,0.0,1,0.0,0.0,0.0,0.5521153802944583
16871.0,2011-06-09,26.511111111111113,4,509.455,86.56180555555555,15.047222222222222,0,1.0,0.25,0.02495313619456085,0.19674542096463837
16872.0,2011-06-09,0.39444444444444443,1,388.36,0.39444444444444443,0.0,1,0.0,0.0,0.0,0.5140956092815396
16873.0,2011-06-09,13.553472222222222,2,537.905,61.35138888888889,47.797916666666666,0,3.0,1.5,0.04257257322389641,0.23926207898976468
16875.0,2011-06-09,112.45694444444445,3,268.36333333333334,155.5576388888889,21.55034722222222,0,2.0,0.6666666666666666,0.05813014694009365,0.2716664056141517
16877.0,2011-06-09,24.324305555555554,1,77.75,24.324305555555554,0.0,1,0.0,0.0,0.0,0.6178691103255862
16880.0,2011-06-09,5.302083333333333,1,269.88,5.302083333333333,0.0,1,0.0,0.0,0.0,0.5380305113349088
16882.0,2011-06-09,55.391666666666666,2,107.85000000000001,133.26180555555555,77.87013888888889,0,0.0,0.0,0.0,0.4133304033419427
16883.0,2011-06-09,3.464583333333333,1,144.45,3.464583333333333,0.0,1,0.0,0.0,0.0,0.576922163599202
16885.0,2011-06-09,173.27569444444444,1,177.95,173.27569444444444,0.0,1,0.0,0.0,0.0,0.5907883546599513
16889.0,2011-06-09,10.538194444444445,3,526.2233333333332,152.55069444444445,71.00625,0,0.0,0.0,0.0,0.15333032192140952
16897.0,2011-06-09,115.37361111111112,2,144.89,129.50555555555556,14.131944444444445,0,1.0,0.5,0.2648560977293119,0.4434295953396391
16899.0,2011-06-09,23.338194444444444,2,173.775,176.45069444444445,153.1125,0,0.0,0.0,0.0,0.3119322430866751
16904.0,2011-06-09,41.365972222222226,4,224.11249999999998,140.51527777777778,35.12638888888889,0,0.0,0.0,0.0,0.20530943226316384
16905.0,2011-06-09,52.520833333333336,2,283.89,76.18680555555555,23.665972222222223,0,1.0,0.5,0.029853112120891895,0.3675988873020914
16906.0,2011-06-09,2.6222222222222222,3,130.99666666666667,64.47916666666667,30.928472222222226,0,0.0,0.0,0.0,0.3226147575550236
16907.0,2011-06-09,50.37777777777778,2,175.595,106.375,55.99722222222222,0,0.0,0.0,0.0,0.40351517846490337
16912.0,2011-06-09,23.553472222222222,5,229.17200000000003,139.34583333333333,16.385069444444444,0,2.0,0.4,0.029855305185624768,0.11466037266749748
16913.0,2011-06-09,106.46111111111111,1,113.44,106.46111111111111,0.0,1,0.0,0.0,0.0,0.6078897122846569
16915.0,2011-06-09,64.425,2,83.395,99.58888888888889,35.16388888888889,0,0.0,0.0,0.0,0.4726832119804838
16917.0,2011-06-09,92.50347222222223,1,391.52,92.50347222222223,0.0,1,0.0,0.0,0.0,0.5286129395458496
16918.0,2011-06-09,133.26597222222222,1,275.78,133.26597222222222,0.0,1,0.0,0.0,0.0,0.5573306771171698
16919.0,2011-06-09,8.363888888888889,8,232.125,176.40625,8.060416666666667,0,0.0,0.0,0.0,0.06763156246538728
16923.0,2011-06-09,3.5097222222222224,11,334.9763636363636,178.5375,20.468055555555555,0,7.0,0.6363636363636364,0.15761763380862692,0.025551709068527995
16927.0,2011-06-09,92.44375,2,170.725,177.50208333333333,85.05833333333334,0,0.0,0.0,0.0,0.3844351194823085
16928.0,2011-06-09,6.4430555555555555,6,164.30166666666665,138.45347222222222,20.95138888888889,0,1.0,0.16666666666666666,0.06578346740244063,0.11465856735161717
16931.0,2011-06-09,10.518055555555556,8,218.8825,173.42708333333334,21.019444444444446,0,0.0,0.0,0.0,0.07892005806913835
16933.0,2011-06-09,55.43541666666667,1,224.73,55.43541666666667,0.0,1,2.0,2.0,0.07431139589729899,0.45400206948334054
16938.0,2011-06-09,124.60138888888889,1,267.6,124.60138888888889,0.0,1,0.0,0.0,0.0,0.5578356433799283
16940.0,2011-06-09,105.48125,1,757.68,105.48125,0.0,1,0.0,0.0,0.0,0.4886508843180774
16942.0,2011-06-09,5.428472222222222,4,224.635,43.50069444444444,8.014583333333333,0,0.0,0.0,0.0,0.2936992634306126
16943.0,2011-06-09,27.502083333333335,3,272.24333333333334,134.41666666666666,53.45729166666666,0,0.0,0.0,0.0,0.22074878631003375
16945.0,2011-06-09,17.504166666666666,8,221.71,174.2576388888889,20.075694444444444,0,0.0,0.0,0.0,0.08363064197473621
16947.0,2011-06-09,51.59861111111111,1,406.48,51.59861111111111,0.0,1,0.0,0.0,0.0,0.5195568734890863
16948.0,2011-06-09,77.64861111111111,2,120.27,141.54305555555555,63.894444444444446,0,0.0,0.0,0.0,0.4236855482336585
16949.0,2011-06-09,1.5597222222222222,4,223.4375,132.4923611111111,36.0,0,0.0,0.0,0.0,0.1498056144302795
16951.0,2011-06-09,120.37638888888888,1,1053.79,120.37638888888888,0.0,1,0.0,0.0,0.0,0.4700814900140643
16954.0,2011-06-09,70.51944444444445,3,313.82666666666665,175.5548611111111,52.51770833333333,0,0.0,0.0,0.0,0.22217741332727908
16955.0,2011-06-09,0.5583333333333333,2,164.785,152.34583333333333,151.7875,0,1.0,0.5,0.07585641897017326,0.28218905232248004
16957.0,2011-06-09,55.419444444444444,2,208.32,97.60763888888889,42.18819444444444,0,0.0,0.0,0.0,0.40702504071252854
16960.0,2011-06-09,68.50416666666666,1,201.53,68.50416666666666,0.0,1,0.0,0.0,0.0,0.5666210102572412
16963.0,2011-06-09,3.425,1,110.55000000000001,3.425,0.0,1,0.0,0.0,0.0,0.5933658796927537
16965.0,2011-06-09,42.49444444444445,1,201.19,42.49444444444445,0.0,1,0.0,0.0,0.0,0.5625553759189245
16966.0,2011-06-09,13.495138888888889,3,384.8,56.40486111111111,21.45486111111111,0,0.0,0.0,0.0,0.29715589687395366
16967.0,2011-06-09,5.4,1,319.02,5.4,0.0,1,0.0,0.0,0.0,0.5274335097568785
16969.0,2011-06-09,7.493055555555555,1,397.36,7.493055555555555,0.0,1,0.0,0.0,0.0,0.5137954006397895
16976.0,2011-06-09,83.31041666666667,1,251.51999999999998,83.31041666666667,0.0,1,0.0,0.0,0.0,0.55510925475552
16979.0,2011-06-09,113.61111111111111,1,347.15,113.61111111111111,0.0,1,1.0,1.0,0.02866196168803111,0.4872217359583141
16980.0,2011-06-09,71.30833333333334,2,514.23,107.45972222222223,36.15138888888889,0,0.0,0.0,0.0,0.36060384701938847
16983.0,2011-06-09,87.43333333333334,2,229.425,136.3513888888889,48.918055555555554,0,1.0,0.5,0.024081943990410807,0.3620210671375165
16985.0,2011-06-09,27.617361111111112,6,485.89333333333326,174.55694444444444,44.927083333333336,0,1.0,0.16666666666666666,0.000857527029251962,0.09044138436450053
16987.0,2011-06-09,21.336805555555557,1,213.05,21.336805555555557,0.0,1,0.0,0.0,0.0,0.5555513547580981
16990.0,2011-06-09,34.645833333333336,1,179.0,34.645833333333336,0.0,1,0.0,0.0,0.0,0.568595844942123
16992.0,2011-06-09,15.61111111111111,2,335.57500000000005,100.55763888888889,84.94652777777777,0,1.0,0.5,0.018550249571630782,0.298191742482797
16996.0,2011-06-09,61.46111111111111,4,175.22000000000003,169.44305555555556,23.938194444444445,0,2.0,0.5,0.012626983221093482,0.14954455540066147
16997.0,2011-06-09,104.27222222222223,3,234.0,141.50625,18.61701388888889,0,0.0,0.0,0.0,0.3477861226829402
16998.0,2011-06-09,20.395833333333332,3,95.7,120.34583333333333,49.975,0,1.0,0.3333333333333333,0.02612330198537095,0.2517454108566281
17001.0,2011-06-09,23.62361111111111,5,360.38800000000003,174.60069444444446,38.318749999999994,0,0.0,0.0,0.0,0.10613805700022863
17002.0,2011-06-09,31.527083333333334,2,496.76,106.50972222222222,74.98263888888889,0,0.0,0.0,0.0,0.3220374438507303
17007.0,2011-06-09,17.523611111111112,4,115.6825,173.41875,13.057638888888889,0,1.0,0.25,0.027013593240118428,0.1052143182937307
17015.0,2011-06-09,1.445138888888889,1,520.55,1.445138888888889,0.0,1,0.0,0.0,0.0,0.4955718974401576
17017.0,2011-06-09,20.49375,7,422.88571428571424,176.3875,23.014583333333334,0,5.0,0.7142857142857143,0.025994865211810016,0.04318169576809679
17018.0,2011-06-09,141.63472222222222,1,405.0,141.63472222222222,0.0,1,0.0,0.0,0.0,0.5344410644132418
17019.0,2011-06-09,77.53055555555555,2,318.55499999999995,146.50833333333333,68.97777777777777,0,0.0,0.0,0.0,0.3598006938845931
17026.0,2011-06-09,1.3972222222222221,1,121.67999999999999,1.3972222222222221,0.0,1,0.0,0.0,0.0,0.5871698717934576
17027.0,2011-06-09,99.45555555555555,3,144.41,133.40347222222223,16.973958333333332,0,1.0,0.3333333333333333,0.09625372204140988,0.3528394691528171
17029.0,2011-06-09,52.54375,1,358.0,52.54375,0.0,1,0.0,0.0,0.0,0.5277941190570495
17033.0,2011-06-09,30.332638888888887,2,304.04999999999995,175.44375,145.11111111111111,0,0.0,0.0,0.0,0.2896134553071942
17034.0,2011-06-09,103.57638888888889,1,141.79999999999998,103.57638888888889,0.0,1,0.0,0.0,0.0,0.5938935726621193
17035.0,2011-06-09,61.52569444444445,2,216.765,127.48125,65.95555555555555,0,1.0,0.5,0.10426037413789127,0.3508862523926918
17041.0,2011-06-09,176.51180555555555,1,304.5,176.51180555555555,0.0,1,1.0,1.0,0.05188834154351396,0.5074927882499413
17042.0,2011-06-09,12.572916666666666,2,243.795,63.37986111111111,50.80694444444445,0,0.0,0.0,0.0,0.3824947366366384
17043.0,2011-06-09,82.37986111111111,1,174.6,82.37986111111111,0.0,1,0.0,0.0,0.0,0.5777538379000459
17045.0,2011-06-09,63.49444444444445,1,39.95,63.49444444444445,0.0,1,0.0,0.0,0.0,0.6621456642043894
17047.0,2011-06-09,21.297916666666666,2,374.71500000000003,21.29861111111111,0.0006944444444444445,0,0.0,0.0,0.0,0.4058378625747852
17048.0,2011-06-09,98.49791666666667,2,380.20000000000005,147.29791666666668,48.8,0,2.0,1.0,0.027722251446607046,0.29875682672976145
17049.0,2011-06-09,30.613888888888887,3,527.2666666666668,91.64375,30.514930555555555,0,0.0,0.0,0.0,0.25513605123669997
17050.0,2011-06-09,3.357638888888889,5,523.478,115.47152777777778,21.007291666666667,0,0.0,0.0,0.0,0.12674510463502003
17051.0,2011-06-09,10.407638888888888,1,240.89000000000001,10.407638888888888,0.0,1,0.0,0.0,0.0,0.5460455411050971
17054.0,2011-06-09,23.460416666666667,3,306.2733333333333,61.44861111111111,18.994097222222223,0,0.0,0.0,0.0,0.31919358950503407
17058.0,2011-06-09,15.42361111111111,2,409.83000000000004,55.6125,40.18888888888889,0,0.0,0.0,0.0,0.36175680859229087
17059.0,2011-06-09,13.457638888888889,2,387.655,76.49444444444444,63.03680555555555,0,0.0,0.0,0.0,0.34398862874425873
17060.0,2011-06-09,82.43958333333333,1,234.24,82.43958333333333,0.0,1,0.0,0.0,0.0,0.5594389938772245
17061.0,2011-06-09,8.566666666666666,7,464.31857142857143,48.43819444444444,6.607638888888889,0,1.0,0.14285714285714285,0.035720549007301025,0.1943355144226682
17062.0,2011-06-09,129.54097222222222,2,121.97,174.47847222222222,44.9375,0,1.0,0.5,0.01598753791916045,0.4100202895553854
17063.0,2011-06-09,105.42708333333333,2,159.685,105.42777777777778,0.0006944444444444445,0,1.0,0.5,0.031155086576697872,0.43381955454033944
17064.0,2011-06-09,143.32638888888889,1,143.95,143.32638888888889,0.0,1,0.0,0.0,0.0,0.5991220525569606
17068.0,2011-06-09,5.3875,10,248.26999999999998,174.3701388888889,18.108333333333334,0,0.0,0.0,0.0,0.06474931037412104
17069.0,2011-06-09,42.519444444444446,3,265.34000000000003,170.58333333333334,64.03194444444445,0,2.0,0.6666666666666666,0.033918745760156785,0.1552479136686115
17071.0,2011-06-09,3.5548611111111112,4,261.005,125.65416666666667,51.920833333333334,0,2.0,0.5,0.01791153426179575,0.138549331361211
17075.0,2011-06-09,69.42569444444445,3,232.02333333333334,133.44444444444446,32.009375000000006,0,1.0,0.3333333333333333,0.02923556538853851,0.2688523017654022
17076.0,2011-06-09,89.62569444444445,1,182.7,89.62569444444445,0.0,1,0.0,0.0,0.0,0.5760897752229435
17080.0,2011-06-09,85.49652777777777,1,76.32000000000001,85.49652777777777,0.0,1,1.0,1.0,0.027777777777777776,0.5781531287828429
17082.0,2011-06-09,134.39166666666668,1,636.94,134.39166666666668,0.0,1,0.0,0.0,0.0,0.504470837990924
17083.0,2011-06-09,111.50972222222222,2,498.01,119.51527777777778,8.005555555555556,0,0.0,0.0,0.0,0.3950755850054108
17085.0,2011-06-09,66.51666666666667,4,303.6625,178.48333333333332,48.95,0,1.0,0.25,0.0095500761536245,0.16913047093075215
17088.0,2011-06-09,69.59166666666667,1,1015.83,69.59166666666667,0.0,1,0.0,0.0,0.0,0.46407308438215755
17090.0,2011-06-09,43.56736111111111,3,216.35,170.42222222222222,63.42743055555556,0,0.0,0.0,0.0,0.20660777205911618
17091.0,2011-06-09,1.50625,4,425.24,140.54930555555555,54.824305555555554,0,1.0,0.25,0.014668187376540305,0.12084985932440953
17092.0,2011-06-09,93.38125,1,134.9,93.38125,0.0,1,0.0,0.0,0.0,0.5953539032088017
17094.0,2011-06-09,138.45208333333332,1,302.0,138.45208333333332,0.0,1,1.0,1.0,0.10529801324503311,0.5053838191363349
17095.0,2011-06-09,115.42222222222222,2,271.98,150.53819444444446,35.115972222222226,0,2.0,1.0,0.40096698286638716,0.35432575404304295
17096.0,2011-06-09,77.49652777777777,1,133.49,77.49652777777777,0.0,1,0.0,0.0,0.0,0.5935158124816696
17097.0,2011-06-09,140.4361111111111,1,112.92,140.4361111111111,0.0,1,0.0,0.0,0.0,0.6133397798710737
17102.0,2011-06-09,77.57777777777778,1,25.5,77.57777777777778,0.0,1,0.0,0.0,0.0,0.6884441747311929
17105.0,2011-06-09,122.38472222222222,1,319.4,122.38472222222222,0.0,1,0.0,0.0,0.0,0.5463459627195671
17107.0,2011-06-09,24.485416666666666,2,2058.6800000000003,94.36319444444445,69.87777777777778,0,0.0,0.0,0.0,0.25113447956672286
17109.0,2011-06-09,48.33958333333333,2,232.295,48.34305555555556,0.003472222222222222,0,0.0,0.0,0.0,0.4399953871806586
17114.0,2011-06-09,24.40625,4,111.11,150.51458333333332,40.98888888888889,0,1.0,0.25,0.035775357753577534,0.170442448400526
17115.0,2011-06-09,49.38472222222222,1,310.02,49.38472222222222,0.0,1,1.0,1.0,0.032094703567511776,0.4841112550800372
17117.0,2011-06-09,104.42083333333333,1,116.19999999999999,104.42083333333333,0.0,1,0.0,0.0,0.0,0.6061256639940052
17118.0,2011-06-09,133.48680555555555,1,157.02,133.48680555555555,0.0,1,0.0,0.0,0.0,0.5923020007703583
17120.0,2011-06-09,49.360416666666666,1,307.46,49.360416666666666,0.0,1,0.0,0.0,0.0,0.536937776730803
17124.0,2011-06-09,1.4152777777777779,1,294.24,1.4152777777777779,0.0,1,0.0,0.0,0.0,0.5319186235888592
17126.0,2011-06-09,115.49652777777777,2,250.835,178.5236111111111,63.02708333333333,0,1.0,0.5,0.019833755257440147,0.34811255993389123
17128.0,2011-06-09,150.4986111111111,1,157.09,150.4986111111111,0.0,1,0.0,0.0,0.0,0.594902988224799
17133.0,2011-06-09,6.384722222222222,3,826.2633333333333,82.42569444444445,38.02048611111111,0,0.0,0.0,0.0,0.21102588679032452
17134.0,2011-06-09,80.50277777777778,1,318.7,80.50277777777778,0.0,1,0.0,0.0,0.0,0.5397177979979288
17135.0,2011-06-09,105.56458333333333,1,284.97,105.56458333333333,0.0,1,0.0,0.0,0.0,0.5508299843235198
17138.0,2011-06-09,91.50416666666666,1,380.5,91.50416666666666,0.0,1,0.0,0.0,0.0,0.5302640654680962
17139.0,2011-06-09,26.490972222222222,4,1176.475,104.60277777777777,29.136111111111113,0,1.0,0.25,0.003229987887545422,0.1511012000328273
17140.0,2011-06-09,63.43541666666667,1,454.12,63.43541666666667,0.0,1,0.0,0.0,0.0,0.5144273063995048
17142.0,2011-06-09,55.234722222222224,1,579.0,55.234722222222224,0.0,1,0.0,0.0,0.0,0.49757773468163113
17146.0,2011-06-09,79.42291666666667,2,281.94,174.48611111111111,95.06319444444445,0,0.0,0.0,0.0,0.3436667029758469
17147.0,2011-06-09,22.54375,2,486.555,127.6,105.05625,0,2.0,1.0,0.03591577519499337,0.23372585807460894
17152.0,2011-06-09,10.486805555555556,3,563.1666666666666,79.31944444444444,34.41631944444444,0,1.0,0.3333333333333333,0.11009174311926606,0.21732784965940327
17158.0,2011-06-09,48.575,2,349.275,176.45625,127.88125,0,0.0,0.0,0.0,0.29896574778755286
17160.0,2011-06-09,41.44583333333333,2,602.535,57.5,16.054166666666667,0,0.0,0.0,0.0,0.3650780367436164
17162.0,2011-06-09,6.622222222222222,8,145.66,121.48125,0.0006944444444444445,0,1.0,0.125,0.007079843471097075,0.10909138656781592
17164.0,2011-06-09,28.605555555555554,2,471.61,89.39861111111111,60.793055555555554,0,0.0,0.0,0.0,0.33697520195070885
17165.0,2011-06-09,100.30625,1,158.68,100.30625,0.0,1,0.0,0.0,0.0,0.5864836581170222
17166.0,2011-06-09,19.654166666666665,1,127.59,19.654166666666665,0.0,1,1.0,1.0,0.13206364135120308,0.5424563921462798
17171.0,2011-06-09,105.30763888888889,1,224.91,105.30763888888889,0.0,1,0.0,0.0,0.0,0.5656387544579966
17174.0,2011-06-09,33.509027777777774,1,59.9,33.509027777777774,0.0,1,0.0,0.0,0.0,0.6346274806117036
17175.0,2011-06-09,112.37777777777778,1,519.08,112.37777777777778,0.0,1,0.0,0.0,0.0,0.513906971502651
17176.0,2011-06-09,17.471527777777776,1,306.13,17.471527777777776,0.0,1,0.0,0.0,0.0,0.5320220480894535
17179.0,2011-06-09,48.30763888888889,2,244.155,177.4,129.0923611111111,0,0.0,0.0,0.0,0.31736548272936715
17180.0,2011-06-09,57.31944444444444,3,184.26666666666668,132.24652777777777,37.463541666666664,0,2.0,0.6666666666666666,0.02831041968162084,0.23433210456964
17187.0,2011-06-09,42.47291666666667,1,203.95,42.47291666666667,0.0,1,0.0,0.0,0.0,0.5616987974949081
17188.0,2011-06-09,131.46666666666667,3,474.81333333333333,178.4611111111111,23.49722222222222,0,2.0,0.6666666666666666,0.13945831344247564,0.24491261248981383
17189.0,2011-06-09,175.2722222222222,1,226.57000000000002,175.2722222222222,0.0,1,0.0,0.0,0.0,0.5762240673715795
17190.0,2011-06-09,23.354861111111113,1,195.0,23.354861111111113,0.0,1,1.0,1.0,1.0,0.5740420630717615
17191.0,2011-06-09,7.490972222222222,2,332.79499999999996,96.39722222222223,88.90625,0,0.0,0.0,0.0,0.32889938877564706
17194.0,2011-06-09,89.49652777777777,2,131.31,176.49583333333334,86.99930555555555,0,0.0,0.0,0.0,0.3980368639408944
17204.0,2011-06-09,57.352777777777774,2,625.08,79.47083333333333,22.118055555555557,0,4.0,2.0,0.16221923593779997,0.23173450960068953
17211.0,2011-06-09,49.390277777777776,4,245.16000000000003,178.50972222222222,31.010416666666668,0,1.0,0.25,0.01789647577092511,0.13275501132278542
17212.0,2011-06-09,69.17916666666666,1,226.85,69.17916666666666,0.0,1,0.0,0.0,0.0,0.5593215162104195
17213.0,2011-06-09,132.41180555555556,2,312.025,169.6013888888889,37.18958333333333,0,4.0,2.0,0.06433779344603797,0.25798737699293584
17214.0,2011-06-09,65.31388888888888,4,152.9925,175.36527777777778,43.140277777777776,0,0.0,0.0,0.0,0.21336758173262216
17217.0,2011-06-09,50.27847222222222,1,113.5,50.27847222222222,0.0,1,0.0,0.0,0.0,0.5991481178636135
17218.0,2011-06-09,30.292361111111113,4,164.01,178.51597222222222,20.985416666666666,0,0.0,0.0,0.0,0.12524419607191037
17220.0,2011-06-09,22.427777777777777,4,286.3325,128.5125,48.06597222222222,0,0.0,0.0,0.0,0.19625711971567344
17223.0,2011-06-09,126.33541666666666,1,124.05,126.33541666666666,0.0,1,0.0,0.0,0.0,0.6055373812850384
17226.0,2011-06-09,124.50555555555556,1,393.49,124.50555555555556,0.0,1,0.0,0.0,0.0,0.5334929329290271
17227.0,2011-06-09,72.58125,1,223.9,72.58125,0.0,1,0.0,0.0,0.0,0.5606883719787723
17228.0,2011-06-09,23.555555555555557,2,165.815,127.51388888888889,103.95833333333333,0,0.0,0.0,0.0,0.3579235492040562
17230.0,2011-06-09,80.325,8,454.80125,175.5263888888889,0.035416666666666666,0,3.0,0.375,0.047201937109891415,0.0869297896609095
17231.0,2011-06-09,6.173611111111111,6,284.125,177.40555555555557,35.06666666666667,0,2.0,0.3333333333333333,0.020882827394046045,0.06558260592743495
17236.0,2011-06-09,58.33402777777778,4,140.95499999999998,178.5076388888889,44.04375,0,0.0,0.0,0.0,0.1981311382126692
17238.0,2011-06-09,0.5534722222222223,7,165.96428571428572,138.44375,20.501736111111114,0,0.0,0.0,0.0,0.11231154190455843
17239.0,2011-06-09,128.59652777777777,1,382.5,128.59652777777777,0.0,1,1.0,1.0,0.006666666666666666,0.4820196493952591
17243.0,2011-06-09,52.572916666666664,10,251.95999999999998,178.57569444444445,14.00625,0,2.0,0.2,0.011946340688998254,0.08056120444458358
17245.0,2011-06-09,20.553472222222222,1,171.45,20.553472222222222,0.0,1,0.0,0.0,0.0,0.569019595632801
17250.0,2011-06-09,77.30208333333333,1,162.65,77.30208333333333,0.0,1,0.0,0.0,0.0,0.5813376430205797
17251.0,2011-06-09,178.5375,1,269.83,178.5375,0.0,1,0.0,0.0,0.0,0.5658805720151534
17252.0,2011-06-09,2.3048611111111112,1,337.01,2.3048611111111112,0.0,1,0.0,0.0,0.0,0.523439852732769
17255.0,2011-06-09,115.3625,1,108.26,115.3625,0.0,1,0.0,0.0,0.0,0.6120620473164713
17256.0,2011-06-09,128.3798611111111,1,127.89999999999999,128.3798611111111,0.0,1,0.0,0.0,0.0,0.6040018465859867
17262.0,2011-06-09,43.334722222222226,3,228.83333333333334,77.4263888888889,17.045833333333334,0,0.0,0.0,0.0,0.3453836555551279
17263.0,2011-06-09,24.394444444444446,1,63.440000000000005,24.394444444444446,0.0,1,0.0,0.0,0.0,0.6298871093361871
17268.0,2011-06-09,59.57222222222222,2,138.24,61.44444444444444,1.8722222222222222,0,0.0,0.0,0.0,0.47282753874897676
17272.0,2011-06-09,15.426388888888889,2,704.72,78.49652777777777,63.07013888888889,0,1.0,0.5,0.0029089567487796566,0.27623568845668
17277.0,2011-06-09,43.46736111111111,2,532.675,138.47430555555556,95.00694444444444,0,0.0,0.0,0.0,0.3028949056569889
17278.0,2011-06-09,57.451388888888886,1,246.04,57.451388888888886,0.0,1,0.0,0.0,0.0,0.5523295870871905
17282.0,2011-06-09,115.51666666666667,1,723.9,115.51666666666667,0.0,1,0.0,0.0,0.0,0.493210084694191
17284.0,2011-06-09,51.50486111111111,2,461.675,152.39513888888888,100.89027777777778,0,0.0,0.0,0.0,0.3068603916775095
17287.0,2011-06-09,21.600694444444443,2,138.82,68.45833333333333,46.857638888888886,0,0.0,0.0,0.0,0.4222339398111937
17288.0,2011-06-09,23.394444444444446,5,132.74,174.43541666666667,37.36666666666667,0,0.0,0.0,0.0,0.1313529957867962
17291.0,2011-06-09,124.45555555555555,1,550.8000000000001,124.45555555555555,0.0,1,0.0,0.0,0.0,0.5121031364686687
17293.0,2011-06-09,124.3375,2,234.67499999999998,177.37847222222223,53.04097222222222,0,0.0,0.0,0.0,0.40044813606411883
17302.0,2011-06-09,24.521527777777777,2,151.56,121.5736111111111,97.05208333333333,0,0.0,0.0,0.0,0.36971465215991106
17303.0,2011-06-09,177.4361111111111,1,250.04,177.4361111111111,0.0,1,0.0,0.0,0.0,0.5704483376964269
17306.0,2011-06-09,20.403472222222224,8,399.45750000000004,169.43472222222223,20.145138888888887,0,1.0,0.125,0.005257129982538819,0.0706343125397553
17311.0,2011-06-09,132.54444444444445,1,556.46,132.54444444444445,0.0,1,0.0,0.0,0.0,0.5127750198000944
17314.0,2011-06-09,72.6138888888889,3,262.3333333333333,128.52430555555554,27.95520833333333,0,2.0,0.6666666666666666,0.013278271918678525,0.24608755897982562
17315.0,2011-06-09,7.496527777777778,20,145.0725,173.48333333333332,8.05625,0,3.0,0.15,0.02216133312654018,0.03885342612873017
17320.0,2011-06-09,52.41041666666667,1,459.18,52.41041666666667,0.0,1,0.0,0.0,0.0,0.5119175629541555
17323.0,2011-06-09,31.35972222222222,2,145.535,108.39027777777778,77.03055555555555,0,1.0,0.5,0.01734977840382039,0.3540458721839478
17324.0,2011-06-09,147.52708333333334,1,575.18,147.52708333333334,0.0,1,0.0,0.0,0.0,0.5131185246887996
17325.0,2011-06-09,96.45208333333333,1,96.8,96.45208333333333,0.0,1,0.0,0.0,0.0,0.6158811306192215
17329.0,2011-06-09,131.35486111111112,1,243.36,131.35486111111112,0.0,1,0.0,0.0,0.0,0.5648562639979969
17334.0,2011-06-09,118.37569444444445,2,153.51,124.62291666666667,6.247222222222222,0,1.0,0.5,0.0013679890560875513,0.43032587498341857
17337.0,2011-06-09,27.15763888888889,3,649.37,126.2875,49.564930555555556,0,2.0,0.6666666666666666,0.038293525519606186,0.15341786806438745
17338.0,2011-06-09,21.350694444444443,5,724.17,177.46041666666667,35.06180555555555,0,0.0,0.0,0.0,0.08409206959797803
17340.0,2011-06-09,8.561111111111112,3,1043.8466666666666,170.28819444444446,80.86354166666666,0,0.0,0.0,0.0,0.11588109173775074
17343.0,2011-06-09,171.3701388888889,1,193.64,171.3701388888889,0.0,1,0.0,0.0,0.0,0.5853090813775569
17345.0,2011-06-09,12.479861111111111,2,62.690000000000005,12.481944444444444,0.0020833333333333333,0,0.0,0.0,0.0,0.5170687596608484
17346.0,2011-06-09,3.4027777777777777,5,159.14600000000002,175.53194444444443,46.98784722222222,0,0.0,0.0,0.0,0.10781803657757168
17348.0,2011-06-09,113.54930555555555,1,160.15,113.54930555555555,0.0,1,0.0,0.0,0.0,0.5879892536860477
17351.0,2011-06-09,89.32986111111111,1,198.6,89.32986111111111,0.0,1,0.0,0.0,0.0,0.5708557955367674
17356.0,2011-06-09,127.53680555555556,1,178.22,127.53680555555556,0.0,1,0.0,0.0,0.0,0.583594809017298
17358.0,2011-06-09,119.29375,2,180.40500000000003,171.40555555555557,52.111805555555556,0,0.0,0.0,0.0,0.4167049066300188
17360.0,2011-06-09,0.28541666666666665,1,320.9,0.28541666666666665,0.0,1,0.0,0.0,0.0,0.5262252282862547
17361.0,2011-06-09,2.415277777777778,2,131.95999999999998,107.58680555555556,105.17152777777778,0,0.0,0.0,0.0,0.3670173193252844
17362.0,2011-06-09,55.386805555555554,2,156.115,125.56527777777778,70.17847222222223,0,0.0,0.0,0.0,0.3979955715228859
17364.0,2011-06-09,20.46527777777778,5,417.09,147.29375,35.58090277777778,0,1.0,0.2,0.0122036011412405,0.11412478613415658
17365.0,2011-06-09,15.503472222222221,4,473.24749999999995,148.4923611111111,54.020833333333336,0,0.0,0.0,0.0,0.14137060991664563
17367.0,2011-06-09,54.40208333333333,1,167.55,54.40208333333333,0.0,1,0.0,0.0,0.0,0.5758656689418896
17368.0,2011-06-09,75.41597222222222,3,296.3066666666667,153.50208333333333,39.043055555555554,0,1.0,0.3333333333333333,0.6335215767448139,0.2686825201743948
17371.0,2011-06-09,177.36111111111111,1,92.14,177.36111111111111,0.0,1,0.0,0.0,0.0,0.6308859563636016
17372.0,2011-06-09,59.46319444444445,4,185.2625,178.5,43.14930555555556,0,0.0,0.0,0.0,0.18850649472135764
17373.0,2011-06-09,128.50972222222222,1,145.25,128.50972222222222,0.0,1,0.0,0.0,0.0,0.5962923745781451
17374.0,2011-06-09,34.62152777777778,2,247.885,97.46319444444444,62.84166666666667,0,0.0,0.0,0.0,0.37367434442078906
17375.0,2011-06-09,15.34375,3,133.36666666666667,177.36388888888888,81.01006944444444,0,1.0,0.3333333333333333,0.06898275431142215,0.16226719050506036
17376.0,2011-06-09,127.40833333333333,1,105.85,127.40833333333333,0.0,1,0.0,0.0,0.0,0.615239777518511
17377.0,2011-06-09,71.53125,5,201.864,173.28333333333333,16.60763888888889,0,1.0,0.2,0.1733840605556216,0.1618156727724429
17381.0,2011-06-09,19.586111111111112,13,785.7238461538461,149.49722222222223,9.150694444444444,0,0.0,0.0,0.0,0.06372393191413292
17384.0,2011-06-09,35.328472222222224,1,227.65,35.328472222222224,0.0,1,0.0,0.0,0.0,0.5536458754136474
17388.0,2011-06-09,27.429861111111112,2,381.6,103.48055555555555,76.05069444444445,0,0.0,0.0,0.0,0.3353818358625801
17389.0,2011-06-09,1.3444444444444446,14,366.2528571428571,147.34166666666667,7.0881944444444445,0,4.0,0.2857142857142857,0.09249074604976265,0.039693503950206835
17392.0,2011-06-09,122.46666666666667,2,208.635,174.20555555555555,51.73888888888889,0,0.0,0.0,0.0,0.4086047098435019
17394.0,2011-06-09,35.44305555555555,1,203.86999999999998,35.44305555555555,0.0,1,0.0,0.0,0.0,0.5605917256795603
17398.0,2011-06-09,26.471527777777776,2,264.225,71.45555555555555,44.984027777777776,0,0.0,0.0,0.0,0.3852660934587869
17400.0,2011-06-09,26.268055555555556,4,326.65500000000003,169.28055555555557,43.019444444444446,0,0.0,0.0,0.0,0.13030818612508913
17402.0,2011-06-09,49.37222222222222,2,162.2,145.41736111111112,96.04513888888889,0,0.0,0.0,0.0,0.37047625406765433
17404.0,2011-06-09,27.475,6,2308.9366666666665,176.4388888888889,40.99444444444445,0,2.0,0.3333333333333333,0.09874675355611023,0.0544590422365643
17406.0,2011-06-09,149.3701388888889,2,741.16,149.37708333333333,0.006944444444444444,0,2.0,1.0,0.1832937557342544,0.3200398857690958
17409.0,2011-06-09,0.5583333333333333,2,385.925,64.30416666666666,63.74583333333333,0,0.0,0.0,0.0,0.3417012025442224
17410.0,2011-06-09,31.360416666666666,1,302.4,31.360416666666666,0.0,1,0.0,0.0,0.0,0.5350621652321811
17411.0,2011-06-09,77.42777777777778,1,285.58,77.42777777777778,0.0,1,0.0,0.0,0.0,0.5461584874142343
17412.0,2011-06-09,12.378472222222221,3,170.84,174.25833333333333,80.93993055555555,0,0.0,0.0,0.0,0.17146808556547155
17414.0,2011-06-09,0.5118055555555555,1,598.0,0.5118055555555555,0.0,1,0.0,0.0,0.0,0.4865627350270397
17416.0,2011-06-09,13.350694444444445,3,1149.3366666666668,97.42708333333333,42.03819444444444,0,1.0,0.3333333333333333,0.013051006232580532,0.16728164537013435
17418.0,2011-06-09,139.51458333333332,1,167.39000000000001,139.51458333333332,0.0,1,0.0,0.0,0.0,0.5893178362183308
17419.0,2011-06-09,65.47847222222222,5,334.306,140.5875,17.842708333333334,0,1.0,0.2,0.006431233660179596,0.1812891331418481
17422.0,2011-06-09,36.549305555555556,2,314.03499999999997,112.3861111111111,75.83680555555556,0,2.0,1.0,0.11965226805929276,0.2833025807850539
17423.0,2011-06-09,33.61527777777778,1,449.42,33.61527777777778,0.0,1,1.0,1.0,0.03844955720706689,0.4583195634671792
17426.0,2011-06-09,98.30972222222222,1,1193.88,98.30972222222222,0.0,1,0.0,0.0,0.0,0.45852158039195035
17428.0,2011-06-09,28.549305555555556,12,577.985,177.55138888888888,14.0625,0,3.0,0.25,0.011743384343884358,0.042814835221181693
17429.0,2011-06-09,1.4319444444444445,2,188.07,34.58819444444445,33.15625,0,0.0,0.0,0.0,0.41342874582362016
17431.0,2011-06-09,129.39166666666668,1,403.3,129.39166666666668,0.0,1,0.0,0.0,0.0,0.53272389498266
17436.0,2011-06-09,42.51875,1,122.39999999999999,42.51875,0.0,1,0.0,0.0,0.0,0.5933264297665135
17438.0,2011-06-09,69.56527777777778,1,388.45000000000005,69.56527777777778,0.0,1,1.0,1.0,0.026129488994722613,0.4726412115220283
17440.0,2011-06-09,63.49444444444445,2,62.309999999999995,63.49652777777778,0.0020833333333333333,0,1.0,0.5,0.00938854116514203,0.48474838012208454
17442.0,2011-06-09,36.47569444444444,2,407.41499999999996,106.45694444444445,69.98125,0,1.0,0.5,0.015463348183056592,0.3029758246969033
17443.0,2011-06-09,35.550694444444446,1,534.24,35.550694444444446,0.0,1,0.0,0.0,0.0,0.49949284835869756
17446.0,2011-06-09,126.38888888888889,1,68.10000000000001,126.38888888888889,0.0,1,0.0,0.0,0.0,0.6410343746914368
17449.0,2011-06-09,50.37708333333333,3,440.8966666666667,175.54375,62.583333333333336,0,0.0,0.0,0.0,0.18129148874034962
17450.0,2011-06-09,8.556944444444444,12,4477.618333333333,148.63680555555555,4.617361111111111,0,2.0,0.16666666666666666,0.02154828590050291,0.02990435708993976
17454.0,2011-06-09,8.418055555555556,4,129.3825,175.54583333333332,60.102777777777774,0,0.0,0.0,0.0,0.1390194940840597
17455.0,2011-06-09,19.478472222222223,1,131.7,19.478472222222223,0.0,1,0.0,0.0,0.0,0.5851852397220615
17457.0,2011-06-09,20.56111111111111,4,349.40999999999997,155.39375,47.894444444444446,0,0.0,0.0,0.0,0.1429872956510508
17460.0,2011-06-09,41.545833333333334,3,130.76,134.4284722222222,46.441319444444446,0,1.0,0.3333333333333333,0.025364535535841743,0.24987644635035874
17462.0,2011-06-09,100.29097222222222,1,463.40999999999997,100.29097222222222,0.0,1,0.0,0.0,0.0,0.5191586313493957
17463.0,2011-06-09,49.479166666666664,2,462.855,129.34166666666667,79.8625,0,0.0,0.0,0.0,0.32439000015097275
17469.0,2011-06-09,20.62847222222222,1,305.36,20.62847222222222,0.0,1,0.0,0.0,0.0,0.5326963722498738
17470.0,2011-06-09,33.55763888888889,2,222.355,64.39027777777778,30.832638888888887,0,0.0,0.0,0.0,0.4104127105150571
17472.0,2011-06-09,7.377083333333333,3,232.51333333333332,115.38888888888889,54.00590277777778,0,0.0,0.0,0.0,0.22383066193361717
17486.0,2011-06-09,77.41666666666667,1,396.87,77.41666666666667,0.0,1,0.0,0.0,0.0,0.525292954099579
17489.0,2011-06-09,28.518055555555556,1,208.56,28.518055555555556,0.0,1,0.0,0.0,0.0,0.558048878264028
17491.0,2011-06-09,0.3590277777777778,3,332.4866666666666,141.52083333333334,70.58090277777778,0,0.0,0.0,0.0,0.16890716394260902
17492.0,2011-06-09,64.36041666666667,1,374.57,64.36041666666667,0.0,1,0.0,0.0,0.0,0.5268430766100656
17496.0,2011-06-09,174.63958333333332,1,271.05,174.63958333333332,0.0,1,0.0,0.0,0.0,0.5649842088599644
17499.0,2011-06-09,105.61527777777778,1,622.88,105.61527777777778,0.0,1,0.0,0.0,0.0,0.5011742658304419
17501.0,2011-06-09,36.59236111111111,2,144.3,36.59305555555556,0.0006944444444444445,0,0.0,0.0,0.0,0.46819380359372786
17504.0,2011-06-09,22.459027777777777,9,333.00333333333333,138.53541666666666,5.549305555555556,0,1.0,0.1111111111111111,0.08399982649489662,0.0916683619813973
17505.0,2011-06-09,21.624305555555555,1,486.99,21.624305555555555,0.0,1,0.0,0.0,0.0,0.5031274028812189
17507.0,2011-06-09,77.50833333333334,2,302.78999999999996,125.24444444444444,47.736111111111114,0,0.0,0.0,0.0,0.38246285311704836
17508.0,2011-06-09,96.65972222222223,1,387.31,96.65972222222223,0.0,1,0.0,0.0,0.0,0.5299758154577364
17511.0,2011-06-09,22.352777777777778,13,2483.055384615385,175.5048611111111,13.473958333333334,0,6.0,0.46153846153846156,0.006123349273165938,0.019544434882956513
17512.0,2011-06-09,16.352083333333333,6,217.07000000000002,117.48472222222222,18.197222222222223,0,1.0,0.16666666666666666,0.003800617312387709,0.14254659291274624
17515.0,2011-06-09,22.414583333333333,3,190.45666666666668,134.39375,55.98958333333333,0,0.0,0.0,0.0,0.22910045088291592
17516.0,2011-06-09,33.44097222222222,3,150.67,101.47152777777778,34.015277777777776,0,0.0,0.0,0.0,0.30892343320702265
17517.0,2011-06-09,124.50833333333334,1,153.94,124.50833333333334,0.0,1,0.0,0.0,0.0,0.5921219152778272
17519.0,2011-06-09,22.573611111111113,2,310.15,77.4173611111111,54.84375,0,1.0,0.5,0.007980009672738994,0.3285707682388711
17521.0,2011-06-09,15.365277777777777,1,159.56,15.365277777777777,0.0,1,0.0,0.0,0.0,0.5726591071580506
17522.0,2011-06-09,22.558333333333334,2,124.21000000000001,34.31180555555556,11.753472222222221,0,0.0,0.0,0.0,0.46378191350008546
17524.0,2011-06-09,177.39444444444445,1,145.0,177.39444444444445,0.0,1,0.0,0.0,0.0,0.6038782945372662
17525.0,2011-06-09,175.49652777777777,1,422.70000000000005,175.49652777777777,0.0,1,0.0,0.0,0.0,0.5372065961929636
17526.0,2011-06-09,106.61805555555556,2,323.0,176.53402777777777,69.91597222222222,0,3.0,1.5,0.7326625386996903,0.29688707693006344
17527.0,2011-06-09,34.428472222222226,1,292.11,34.428472222222226,0.0,1,1.0,1.0,0.13885180240320427,0.49270162467082346
17530.0,2011-06-09,22.3,5,212.92399999999998,113.29027777777777,13.441666666666666,0,0.0,0.0,0.0,0.1814486777475262
17531.0,2011-06-09,6.196527777777778,1,296.7,6.196527777777778,0.0,1,0.0,0.0,0.0,0.5321698990170111
17535.0,2011-06-09,96.36111111111111,1,164.4,96.36111111111111,0.0,1,0.0,0.0,0.0,0.5836823525398843
17537.0,2011-06-09,119.43263888888889,1,620.75,119.43263888888889,0.0,1,0.0,0.0,0.0,0.5036591370834472
17540.0,2011-06-09,132.39236111111111,1,268.8,132.39236111111111,0.0,1,0.0,0.0,0.0,0.5587989980826706
17542.0,2011-06-09,85.51041666666667,1,170.75,85.51041666666667,0.0,1,0.0,0.0,0.0,0.5796299386204314
17548.0,2011-06-09,49.49930555555556,1,103.3,49.49930555555556,0.0,1,1.0,1.0,1.0,0.6166085341670683
17550.0,2011-06-09,13.410416666666666,3,89.05333333333333,59.361805555555556,22.975694444444443,0,0.0,0.0,0.0,0.374718696035245
17551.0,2011-06-09,175.40833333333333,1,290.34,175.40833333333333,0.0,1,0.0,0.0,0.0,0.5608124374956541
17555.0,2011-06-09,150.47847222222222,1,195.45,150.47847222222222,0.0,1,0.0,0.0,0.0,0.5814864078422416
17556.0,2011-06-09,21.55,1,157.9,21.55,0.0,1,0.0,0.0,0.0,0.5743001308359627
17560.0,2011-06-09,20.28263888888889,2,243.02499999999998,126.53194444444445,106.24930555555555,0,0.0,0.0,0.0,0.3333313351487351
17567.0,2011-06-09,49.447916666666664,3,452.00666666666666,112.55694444444444,31.55451388888889,0,1.0,0.3333333333333333,0.007300777274671466,0.23459579503388256
17569.0,2011-06-09,148.40625,1,344.14,148.40625,0.0,1,0.0,0.0,0.0,0.5458260560455133
17571.0,2011-06-09,93.5111111111111,2,179.14999999999998,114.36458333333333,20.853472222222223,0,0.0,0.0,0.0,0.4432890982683234
17572.0,2011-06-09,54.49305555555556,1,81.4,54.49305555555556,0.0,1,0.0,0.0,0.0,0.6197910881206155
17574.0,2011-06-09,58.59236111111111,1,185.65,58.59236111111111,0.0,1,0.0,0.0,0.0,0.5701561377058992
17576.0,2011-06-09,30.304166666666667,8,160.36625,177.3361111111111,20.971527777777776,0,2.0,0.25,0.05312059114682797,0.0811630975489778
17578.0,2011-06-09,34.22361111111111,1,143.45999999999998,34.22361111111111,0.0,1,1.0,1.0,0.13048933500627355,0.5373236764255932
17580.0,2011-06-09,68.47152777777778,3,71.90666666666667,174.35625,52.94236111111111,0,0.0,0.0,0.0,0.2913451816510755
17581.0,2011-06-09,29.430555555555557,8,329.09749999999997,145.49375,0.001388888888888889,0,3.0,0.375,0.08967707138462006,0.0737581277887408
17582.0,2011-06-09,52.44583333333333,1,175.27,52.44583333333333,0.0,1,0.0,0.0,0.0,0.5727556823354754
17585.0,2011-06-09,79.31111111111112,2,260.765,154.36875,75.05763888888889,0,0.0,0.0,0.0,0.3663281879309172
17588.0,2011-06-09,48.56180555555556,1,397.20000000000005,48.56180555555556,0.0,1,0.0,0.0,0.0,0.5205320684832205
17589.0,2011-06-09,3.357638888888889,2,605.71,56.425694444444446,53.06805555555555,0,0.0,0.0,0.0,0.3258904357922506
17591.0,2011-06-09,19.447222222222223,4,310.7425,135.50694444444446,31.133333333333333,0,1.0,0.25,0.008809544880407411,0.1404830015704083
17593.0,2011-06-09,168.56319444444443,1,662.9,168.56319444444443,0.0,1,0.0,0.0,0.0,0.5075287925773023
17594.0,2011-06-09,70.56111111111112,1,315.0,70.56111111111112,0.0,1,0.0,0.0,0.0,0.5388452687330659
17596.0,2011-06-09,7.355555555555555,2,448.12,64.50902777777777,57.15347222222222,0,0.0,0.0,0.0,0.3399976236302035
17597.0,2011-06-09,29.504166666666666,1,2044.3700000000001,29.504166666666666,0.0,1,0.0,0.0,0.0,0.4135484147560503
17601.0,2011-06-09,55.24861111111111,1,116.00999999999999,55.24861111111111,0.0,1,0.0,0.0,0.0,0.5985957378631672
17602.0,2011-06-09,140.32083333333333,1,767.0500000000001,140.32083333333333,0.0,1,0.0,0.0,0.0,0.49359622916284296
17604.0,2011-06-09,33.428472222222226,2,154.68,128.36875,94.94027777777778,0,0.0,0.0,0.0,0.37183931408405374
17609.0,2011-06-09,118.25416666666666,2,265.625,143.3173611111111,25.063194444444445,0,1.0,0.5,0.015623529411764708,0.37964326227645734
17611.0,2011-06-09,17.386111111111113,6,333.14,177.42222222222222,37.06111111111111,0,0.0,0.0,0.0,0.09152804086143701
17612.0,2011-06-09,30.490277777777777,2,332.875,113.55555555555556,83.06527777777778,0,2.0,1.0,0.04976342470897483,0.2700031719143318
17613.0,2011-06-09,10.495833333333334,7,358.9157142857143,121.52777777777777,21.069791666666667,0,1.0,0.14285714285714285,0.003164292452266947,0.11172085417509763
17615.0,2011-06-09,19.645833333333332,2,136.15,38.35208333333333,18.70625,0,0.0,0.0,0.0,0.45065078993410124
17616.0,2011-06-09,70.60347222222222,1,81.6,70.60347222222222,0.0,1,0.0,0.0,0.0,0.6221085324230176
17618.0,2011-06-09,64.45347222222222,2,312.74,178.32986111111111,113.87638888888888,0,0.0,0.0,0.0,0.3190912455804784
17619.0,2011-06-09,128.40416666666667,1,214.37,128.40416666666667,0.0,1,0.0,0.0,0.0,0.572294430347255
17621.0,2011-06-09,128.45347222222222,2,450.89,170.43680555555557,41.983333333333334,0,1.0,0.5,0.04857060480383242,0.3369158650052555
17624.0,2011-06-09,34.25069444444444,1,400.3,34.25069444444444,0.0,1,0.0,0.0,0.0,0.5176989311886548
17625.0,2011-06-09,73.48541666666667,1,542.03,73.48541666666667,0.0,1,0.0,0.0,0.0,0.5047811942560845
17629.0,2011-06-09,30.480555555555554,3,202.0633333333333,175.5847222222222,72.55208333333334,0,1.0,0.3333333333333333,0.04948943400583976,0.16634872520419036
17630.0,2011-06-09,48.41458333333333,1,335.5,48.41458333333333,0.0,1,0.0,0.0,0.0,0.531246142443246
17631.0,2011-06-09,48.44305555555555,1,302.55,48.44305555555555,0.0,1,0.0,0.0,0.0,0.5378089625652083
17634.0,2011-06-09,28.643055555555556,5,362.258,153.46875,31.5,0,0.0,0.0,0.0,0.13177754072992193
17639.0,2011-06-09,92.35972222222222,1,108.5,92.35972222222222,0.0,1,0.0,0.0,0.0,0.6084075727783628
17644.0,2011-06-09,19.447916666666668,3,307.25666666666666,76.59444444444445,28.57326388888889,0,4.0,1.3333333333333333,0.0988424444275687,0.1856476808735855
17646.0,2011-06-09,35.446527777777774,2,378.69500000000005,97.57708333333333,62.13055555555555,0,1.0,0.5,0.0168077212532513,0.3135254168865864
17648.0,2011-06-09,8.526388888888889,3,369.12999999999994,65.56319444444445,28.518402777777776,0,0.0,0.0,0.0,0.27607055147603693
17652.0,2011-06-09,6.4944444444444445,3,481.2,97.41319444444444,45.459375,0,1.0,0.3333333333333333,0.0030063729564976443,0.19091534784189204
17654.0,2011-06-09,93.44652777777777,1,117.55,93.44652777777777,0.0,1,0.0,0.0,0.0,0.6037356613582382
17655.0,2011-06-09,26.323611111111113,3,308.86666666666673,120.43125,47.05381944444444,0,1.0,0.3333333333333333,0.07252320310813727,0.21013551700870153
17658.0,2011-06-09,27.35902777777778,1,317.59999999999997,27.35902777777778,0.0,1,0.0,0.0,0.0,0.5312981440770901
17659.0,2011-06-09,0.5847222222222223,4,220.05499999999998,174.26527777777778,59.77430555555556,0,0.0,0.0,0.0,0.11533593575234809
17663.0,2011-06-09,14.433333333333334,3,263.6033333333333,103.40902777777778,44.48784722222223,0,1.0,0.3333333333333333,0.010052983649675648,0.2194162718558425
17664.0,2011-06-09,28.40486111111111,1,326.19,28.40486111111111,0.0,1,0.0,0.0,0.0,0.5297735252899537
17667.0,2011-06-09,27.360416666666666,3,452.22333333333336,114.60833333333333,43.623958333333334,0,0.0,0.0,0.0,0.22475450234049354
17669.0,2011-06-09,26.438194444444445,3,537.0,65.57569444444445,19.56875,0,0.0,0.0,0.0,0.28742694538664054
17670.0,2011-06-09,43.61666666666667,1,205.7,43.61666666666667,0.0,1,0.0,0.0,0.0,0.5613476354066276
17671.0,2011-06-09,27.240972222222222,1,392.54999999999995,27.240972222222222,0.0,1,1.0,1.0,0.26633549866259076,0.48132323119439385
17672.0,2011-06-09,125.43819444444445,1,1177.8400000000001,125.43819444444445,0.0,1,1.0,1.0,0.02164979963322692,0.4116214019784346
17673.0,2011-06-09,2.408333333333333,3,344.3666666666666,136.36388888888888,66.97777777777777,0,0.0,0.0,0.0,0.17569903697537342
17675.0,2011-06-09,3.4805555555555556,11,611.4990909090909,154.57777777777778,14.130208333333332,0,4.0,0.36363636363636365,0.006942699684382197,0.03731299970668679
17677.0,2011-06-09,28.468055555555555,7,661.2114285714285,134.46805555555557,15.860069444444445,0,6.0,0.8571428571428571,0.013190075359513276,0.055849091925679176
17678.0,2011-06-09,79.50555555555556,1,298.11,79.50555555555556,0.0,1,0.0,0.0,0.0,0.5437815352872117
17682.0,2011-06-09,8.631944444444445,2,357.95500000000004,63.57013888888889,54.93819444444444,0,1.0,0.5,0.020952354346216704,0.319230830960434
17685.0,2011-06-09,82.57222222222222,4,265.05,176.51111111111112,31.02986111111111,0,0.0,0.0,0.0,0.20779296477185194
17686.0,2011-06-09,16.405555555555555,4,759.1875,118.57083333333334,0.0020833333333333333,0,0.0,0.0,0.0,0.1216927195307462
17690.0,2011-06-09,2.597916666666667,6,390.81333333333333,142.47847222222222,17.05763888888889,0,0.0,0.0,0.0,0.09382665344062655
17691.0,2011-06-09,174.27777777777777,1,147.9,174.27777777777777,0.0,1,0.0,0.0,0.0,0.6022068570716452
17692.0,2011-06-09,42.62569444444444,3,207.82000000000002,175.4326388888889,66.40347222222222,0,1.0,0.3333333333333333,0.012029641035511499,0.17850233963317844
17696.0,2011-06-09,1.6520833333333333,2,330.995,93.45625,91.80416666666666,0,1.0,0.5,0.007477454342210608,0.2907371400933594
17697.0,2011-06-09,52.34722222222222,1,338.95,52.34722222222222,0.0,1,0.0,0.0,0.0,0.531236740509258
17698.0,2011-06-09,76.51805555555555,1,154.95,76.51805555555555,0.0,1,0.0,0.0,0.0,0.5842074052625054
17700.0,2011-06-09,29.458333333333332,2,562.7850000000001,97.30972222222222,67.85138888888889,0,1.0,0.5,0.014126176070790801,0.2865231769496601
17701.0,2011-06-09,68.48263888888889,1,417.95,68.48263888888889,0.0,1,0.0,0.0,0.0,0.5205414071389979
17702.0,2011-06-09,22.31736111111111,1,439.8,22.31736111111111,0.0,1,0.0,0.0,0.0,0.509746676162978
17704.0,2011-06-09,55.605555555555554,1,387.29,55.605555555555554,0.0,1,0.0,0.0,0.0,0.5232906666863906
17705.0,2011-06-09,31.445138888888888,3,119.10000000000001,117.54375,43.049305555555556,0,0.0,0.0,0.0,0.29157891345075726
17706.0,2011-06-09,3.548611111111111,2,356.72,105.60416666666667,102.05555555555556,0,0.0,0.0,0.0,0.3131010262294544
17707.0,2011-06-09,1.3729166666666666,2,76.2,152.4375,151.06458333333333,0,0.0,0.0,0.0,0.3570014988580977
17708.0,2011-06-09,3.575,2,131.665,140.57708333333332,137.00208333333333,0,0.0,0.0,0.0,0.3385038511576332
17711.0,2011-06-09,105.51944444444445,1,220.53000000000003,105.51944444444445,0.0,1,0.0,0.0,0.0,0.5669006549181448
17714.0,2011-06-09,136.5611111111111,1,153.0,136.5611111111111,0.0,1,0.0,0.0,0.0,0.5943636291316201
17715.0,2011-06-09,16.477777777777778,1,326.4,16.477777777777778,0.0,1,0.0,0.0,0.0,0.5277875213152902
17716.0,2011-06-09,65.3625,2,725.81,83.55694444444444,18.194444444444443,0,0.0,0.0,0.0,0.3557872686873325
17718.0,2011-06-09,48.43125,1,139.35,48.43125,0.0,1,0.0,0.0,0.0,0.5863054868441187
17719.0,2011-06-09,6.341666666666667,5,394.29200000000003,71.52152777777778,11.496180555555554,0,0.0,0.0,0.0,0.19926513972346352
17720.0,2011-06-09,41.46597222222222,1,430.38,41.46597222222222,0.0,1,0.0,0.0,0.0,0.5142592594945729
17722.0,2011-06-09,5.472916666666666,2,595.37,140.50694444444446,135.03402777777777,0,2.0,1.0,0.036447923140232125,0.2028985792881181
17723.0,2011-06-09,7.317361111111111,3,387.2666666666667,30.386111111111113,11.534375,0,0.0,0.0,0.0,0.3293814688384798
17725.0,2011-06-09,8.383333333333333,4,317.4075,83.17569444444445,23.125694444444445,0,2.0,0.5,0.04174444523207548,0.17618270945226816
17730.0,2011-06-09,1.6159722222222221,5,406.28000000000003,142.3826388888889,35.31458333333333,0,1.0,0.2,0.003076695874766171,0.09822860946514338
17733.0,2011-06-09,77.5875,1,216.95000000000002,77.5875,0.0,1,0.0,0.0,0.0,0.5634653694940275
17734.0,2011-06-09,49.580555555555556,1,112.97999999999999,49.580555555555556,0.0,1,0.0,0.0,0.0,0.5993180197125734
17735.0,2011-06-09,3.4520833333333334,9,629.6177777777777,133.475,10.575694444444444,0,0.0,0.0,0.0,0.07698430813454707
17738.0,2011-06-09,98.31527777777778,1,779.92,98.31527777777778,0.0,1,0.0,0.0,0.0,0.4856273107043739
17739.0,2011-06-09,12.614583333333334,3,356.92333333333335,176.3986111111111,81.8920138888889,0,1.0,0.3333333333333333,0.004949709087852668,0.12775265269150393
17742.0,2011-06-09,148.58055555555555,1,302.57,148.58055555555555,0.0,1,0.0,0.0,0.0,0.5539568334422367
17744.0,2011-06-09,66.46805555555555,4,322.24,174.4048611111111,28.02638888888889,0,1.0,0.25,0.02429865938430983,0.15260087006882742
17746.0,2011-06-09,56.39513888888889,1,110.25,56.39513888888889,0.0,1,1.0,1.0,0.10385487528344671,0.5556975925059615
17749.0,2011-06-09,72.43125,1,369.01,72.43125,0.0,1,0.0,0.0,0.0,0.5291084701460373
17752.0,2011-06-09,175.3201388888889,1,80.64,175.3201388888889,0.0,1,0.0,0.0,0.0,0.6383632895395338
17754.0,2011-06-09,76.42083333333333,1,264.24,76.42083333333333,0.0,1,1.0,1.0,0.12238873751135332,0.5048701742512424
17757.0,2011-06-09,7.33125,12,164.94083333333333,176.4152777777778,12.92013888888889,0,0.0,0.0,0.0,0.06411713284029309
17758.0,2011-06-09,24.353472222222223,3,350.6266666666667,66.35972222222222,21.003125,0,0.0,0.0,0.0,0.30515027143350815
17763.0,2011-06-09,79.39930555555556,1,15.0,79.39930555555556,0.0,1,0.0,0.0,0.0,0.7155423855097622
17764.0,2011-06-09,27.325694444444444,1,230.67000000000002,27.325694444444444,0.0,1,0.0,0.0,0.0,0.551521980812029
17765.0,2011-06-09,26.476388888888888,2,129.15,72.50138888888888,46.025,0,0.0,0.0,0.0,0.42832251842369595
17769.0,2011-06-09,94.48611111111111,2,438.38,136.53125,42.045138888888886,0,0.0,0.0,0.0,0.36825130669683465
17770.0,2011-06-09,14.47638888888889,5,228.654,98.43402777777777,10.465625,0,0.0,0.0,0.0,0.18667561137693625
17771.0,2011-06-09,139.4076388888889,1,115.8,139.4076388888889,0.0,1,0.0,0.0,0.0,0.6116736341891782
17774.0,2011-06-09,65.46180555555556,2,297.495,121.44930555555555,55.9875,0,0.0,0.0,0.0,0.3739341456023727
17775.0,2011-06-09,70.54861111111111,1,56.4,70.54861111111111,0.0,1,0.0,0.0,0.0,0.6436710416081448
17781.0,2011-06-09,69.17083333333333,1,102.0,69.17083333333333,0.0,1,0.0,0.0,0.0,0.6085534798569262
17783.0,2011-06-09,63.578472222222224,1,112.41,63.578472222222224,0.0,1,0.0,0.0,0.0,0.6018114743557975
17786.0,2011-06-09,133.39236111111111,1,103.35,133.39236111111111,0.0,1,0.0,0.0,0.0,0.6175706452748071
17787.0,2011-06-09,120.51666666666667,2,466.12,139.48611111111111,18.969444444444445,0,0.0,0.0,0.0,0.39019651573793357
17789.0,2011-06-09,97.4486111111111,1,225.9,97.4486111111111,0.0,1,0.0,0.0,0.0,0.5641110841083978
17790.0,2011-06-09,14.472916666666666,7,109.73714285714287,177.55625,24.001736111111114,0,0.0,0.0,0.0,0.09885801925827008
17795.0,2011-06-09,80.49861111111112,1,155.69,80.49861111111112,0.0,1,0.0,0.0,0.0,0.5845413498863422
17796.0,2011-06-09,129.47083333333333,2,249.72500000000002,150.53333333333333,21.0625,0,0.0,0.0,0.0,0.4281484442383351
17799.0,2011-06-09,58.322916666666664,6,231.205,177.45138888888889,27.972916666666666,0,1.0,0.16666666666666666,0.021517700741765962,0.12928745986450274
17800.0,2011-06-09,33.46944444444444,3,118.28333333333335,150.42361111111111,58.47708333333333,0,0.0,0.0,0.0,0.24529193387050766
17809.0,2011-06-09,33.583333333333336,3,466.40000000000003,117.61736111111111,42.01701388888889,0,0.0,0.0,0.0,0.22848313098168602
17811.0,2011-06-09,3.4472222222222224,18,224.20444444444445,149.54305555555555,6.996527777777778,0,4.0,0.2222222222222222,0.004385877968520795,0.039748685866148034
17816.0,2011-06-09,85.40277777777777,1,5.1,85.40277777777777,0.0,1,0.0,0.0,0.0,0.7633949545769878
17817.0,2011-06-09,93.2625,2,134.85,93.27083333333333,0.008333333333333333,0,0.0,0.0,0.0,0.48178684956660095
17819.0,2011-06-09,10.555555555555555,4,569.3875,178.46805555555557,56.87152777777778,0,1.0,0.25,0.01923119141182411,0.08637659460578924
17827.0,2011-06-09,58.294444444444444,1,309.51,58.294444444444444,0.0,1,0.0,0.0,0.0,0.5379680979997534
17828.0,2011-06-09,0.6451388888888889,1,833.16,0.6451388888888889,0.0,1,0.0,0.0,0.0,0.46544018838618684
17829.0,2011-06-09,114.46805555555555,1,889.24,114.46805555555555,0.0,1,0.0,0.0,0.0,0.4799190484591328
17830.0,2011-06-09,77.5111111111111,2,143.825,104.57291666666667,27.061805555555555,0,0.0,0.0,0.0,0.44841145422342743
17838.0,2011-06-09,108.42222222222222,1,752.14,108.42222222222222,0.0,1,0.0,0.0,0.0,0.48960250803880434
17841.0,2011-06-09,0.4340277777777778,45,238.32466666666667,176.38888888888889,3.9607638888888888,0,17.0,0.37777777777777777,0.016055595494847832,0.004742976994985572
17843.0,2011-06-09,119.35208333333334,1,205.48,119.35208333333334,0.0,1,0.0,0.0,0.0,0.5734969192550503
17848.0,2011-06-09,65.30833333333334,4,97.0925,174.2236111111111,27.67361111111111,0,0.0,0.0,0.0,0.21510224480121215
17849.0,2011-06-09,34.42638888888889,4,151.45,149.50069444444443,42.02361111111111,0,0.0,0.0,0.0,0.19944767900064422
17854.0,2011-06-09,1.31875,2,155.63,43.296527777777776,41.977777777777774,0,0.0,0.0,0.0,0.4166225672477143
17856.0,2011-06-09,49.449305555555554,3,380.8766666666666,97.51388888888889,24.032291666666666,0,2.0,0.6666666666666666,0.02121421632549469,0.2374314668654493
17857.0,2011-06-09,22.534027777777776,8,931.08,174.3138888888889,18.285416666666666,0,1.0,0.125,0.009733320445074536,0.055740394652513826
17858.0,2011-06-09,77.31805555555556,5,473.7099999999999,175.44027777777777,25.990624999999998,0,0.0,0.0,0.0,0.16021708763175274
17859.0,2011-06-09,120.56111111111112,1,141.92000000000002,120.56111111111112,0.0,1,0.0,0.0,0.0,0.5964778561283742
17861.0,2011-06-09,69.37361111111112,2,228.99,135.51805555555555,66.14444444444445,0,0.0,0.0,0.0,0.3807900756199499
17862.0,2011-06-09,139.48402777777778,1,330.9,139.48402777777778,0.0,1,0.0,0.0,0.0,0.5468658097233859
17863.0,2011-06-09,70.51458333333333,2,493.59000000000003,126.56805555555556,56.053472222222226,0,0.0,0.0,0.0,0.3448680194968432
17864.0,2011-06-09,91.5111111111111,1,200.85,91.5111111111111,0.0,1,0.0,0.0,0.0,0.570501059891923
17865.0,2011-06-09,20.525,6,567.535,173.33541666666667,25.904166666666665,0,3.0,0.5,0.03745143471327759,0.056932500290867306
17867.0,2011-06-09,19.33888888888889,2,302.02500000000003,104.48263888888889,85.14375,0,1.0,0.5,0.021107524211571888,0.30435520402408867
17869.0,2011-06-09,31.441666666666666,2,48.32,62.201388888888886,30.759722222222223,0,0.0,0.0,0.0,0.5060595646587375
17871.0,2011-06-09,20.519444444444446,1,155.9,20.519444444444446,0.0,1,0.0,0.0,0.0,0.5749262436469611
17873.0,2011-06-09,0.38125,3,457.32333333333344,97.35347222222222,48.486111111111114,0,1.0,0.3333333333333333,0.06909772079564423,0.1878188537698468
17874.0,2011-06-09,1.4625,6,113.91000000000001,71.52430555555556,0.25972222222222224,0,1.0,0.16666666666666666,0.036871214116407695,0.1958589772866233
17881.0,2011-06-09,120.28055555555555,1,133.35000000000002,120.28055555555555,0.0,1,0.0,0.0,0.0,0.6002262130570973
17883.0,2011-06-09,62.19722222222222,1,119.35,62.19722222222222,0.0,1,0.0,0.0,0.0,0.5979551305329937
17884.0,2011-06-09,127.53611111111111,1,268.02,127.53611111111111,0.0,1,0.0,0.0,0.0,0.5582060725396765
17886.0,2011-06-09,26.568055555555556,2,188.85500000000002,65.47638888888889,38.90833333333333,0,0.0,0.0,0.0,0.4116243897390349
17888.0,2011-06-09,28.396527777777777,3,56.24333333333334,173.41944444444445,72.51145833333334,0,0.0,0.0,0.0,0.23921210288602204
17889.0,2011-06-09,28.315277777777776,2,100.685,138.28194444444443,109.96666666666667,0,0.0,0.0,0.0,0.3826951955836894
17890.0,2011-06-09,138.52847222222223,2,293.445,177.36666666666667,38.83819444444445,0,0.0,0.0,0.0,0.4025591174565967
17893.0,2011-06-09,41.423611111111114,1,107.21,41.423611111111114,0.0,1,0.0,0.0,0.0,0.6012241824977966
17894.0,2011-06-09,101.38263888888889,5,152.046,176.55694444444444,17.04722222222222,0,0.0,0.0,0.0,0.23913286220950614
17898.0,2011-06-09,23.28263888888889,1,99.84,23.28263888888889,0.0,1,0.0,0.0,0.0,0.602695938163696
17900.0,2011-06-09,6.3902777777777775,2,56.099999999999994,6.397222222222222,0.006944444444444444,0,0.0,0.0,0.0,0.5230528598320567
17905.0,2011-06-09,168.3173611111111,1,192.4,168.3173611111111,0.0,1,0.0,0.0,0.0,0.5852310779762153
17906.0,2011-06-09,63.27430555555556,1,72.9,63.27430555555556,0.0,1,0.0,0.0,0.0,0.6276519095395927
17912.0,2011-06-09,126.39930555555556,3,68.62,176.3173611111111,24.959027777777777,0,1.0,0.3333333333333333,0.07480812202467696,0.3703677180373629
17913.0,2011-06-09,171.51736111111111,1,218.05,171.51736111111111,0.0,1,0.0,0.0,0.0,0.5780095510462923
17917.0,2011-06-09,72.30763888888889,2,113.35499999999999,178.49444444444444,106.18680555555555,0,0.0,0.0,0.0,0.3860777690025667
17920.0,2011-06-09,16.274305555555557,3,279.2266666666667,131.32083333333333,57.523263888888884,0,0.0,0.0,0.0,0.2078252321229995
17921.0,2011-06-09,82.44513888888889,1,278.07,82.44513888888889,0.0,1,0.0,0.0,0.0,0.5486505520906728
17923.0,2011-06-09,98.36458333333333,1,207.50000000000003,98.36458333333333,0.0,1,0.0,0.0,0.0,0.5695613419145396
17924.0,2011-06-09,117.51527777777778,1,223.20000000000002,117.51527777777778,0.0,1,2.0,2.0,0.10058243727598566,0.4663987633848283
17926.0,2011-06-09,19.608333333333334,1,211.73000000000002,19.608333333333334,0.0,1,0.0,0.0,0.0,0.5556623468509262
17928.0,2011-06-09,62.24791666666667,1,78.25999999999999,62.24791666666667,0.0,1,0.0,0.0,0.0,0.6233097933407228
17929.0,2011-06-09,70.47569444444444,2,217.5,124.51388888888889,54.03819444444444,0,0.0,0.0,0.0,0.3954859358528258
17930.0,2011-06-09,55.34305555555556,1,390.6,55.34305555555556,0.0,1,0.0,0.0,0.0,0.5227060943329006
17931.0,2011-06-09,71.47847222222222,1,297.2,71.47847222222222,0.0,1,0.0,0.0,0.0,0.5426755254330747
17932.0,2011-06-09,27.418055555555554,1,589.01,27.418055555555554,0.0,1,0.0,0.0,0.0,0.49192789188763764
17937.0,2011-06-09,73.57222222222222,4,831.87,178.38680555555555,41.03402777777778,0,0.0,0.0,0.0,0.15677145095589265
17940.0,2011-06-09,34.24583333333333,5,675.108,118.6048611111111,26.59097222222222,0,4.0,0.8,0.6288949323663768,0.12162923379548345
17946.0,2011-06-09,49.291666666666664,2,74.78999999999999,75.39305555555555,26.101388888888888,0,0.0,0.0,0.0,0.4860652533085282
17949.0,2011-06-09,5.423611111111111,14,665.5714285714286,153.56944444444446,6.964583333333334,0,1.0,0.07142857142857142,0.051513200257566,0.04692180043209912
17951.0,2011-06-09,174.46180555555554,1,114.0,174.46180555555554,0.0,1,1.0,1.0,0.15526315789473688,0.5758056438600921
17954.0,2011-06-09,0.46944444444444444,6,231.29333333333332,145.38958333333332,33.91875,0,2.0,0.3333333333333333,0.0054043926903787395,0.08877382362735457
17955.0,2011-06-09,14.5,4,139.325,35.47986111111111,1.0048611111111112,0,0.0,0.0,0.0,0.35341216133396497
17956.0,2011-06-09,65.42569444444445,1,12.75,65.42569444444445,0.0,1,0.0,0.0,0.0,0.7215179480754724
17961.0,2011-06-09,12.316666666666666,19,39.30736842105263,169.56527777777777,6.916666666666667,0,0.0,0.0,0.0,0.0810598580789779
17965.0,2011-06-09,68.55972222222222,4,293.3075,147.54305555555555,30.935416666666665,0,0.0,0.0,0.0,0.23106438676240457
17966.0,2011-06-09,0.5479166666666667,2,141.75,77.27430555555556,76.72638888888889,0,0.0,0.0,0.0,0.3890063220720154
17969.0,2011-06-09,177.3513888888889,1,125.2,177.3513888888889,0.0,1,0.0,0.0,0.0,0.6127098951262051
17970.0,2011-06-09,27.164583333333333,1,562.79,27.164583333333333,0.0,1,0.0,0.0,0.0,0.4947949702869471
17972.0,2011-06-09,57.48888888888889,1,135.19,57.48888888888889,0.0,1,0.0,0.0,0.0,0.5895981743404748
17974.0,2011-06-09,35.50694444444444,1,164.07,35.50694444444444,0.0,1,0.0,0.0,0.0,0.5741533797877759
17975.0,2011-06-09,8.470833333333333,6,411.0116666666667,176.53333333333333,35.06458333333333,0,1.0,0.16666666666666666,0.03860393257287911,0.07060631158985142
17979.0,2011-06-09,75.49513888888889,2,115.83500000000001,75.51805555555555,0.022916666666666665,0,1.0,0.5,0.08589804463245133,0.45275274667821747
17980.0,2011-06-09,20.396527777777777,2,281.375,175.34027777777777,154.94375,0,0.0,0.0,0.0,0.2843386652513703
17987.0,2011-06-09,1.4013888888888888,1,198.57,1.4013888888888888,0.0,1,0.0,0.0,0.0,0.5567458908024193
17988.0,2011-06-09,142.50069444444443,1,64.99000000000001,142.50069444444443,0.0,1,0.0,0.0,0.0,0.6460683214079217
17990.0,2011-06-09,52.51111111111111,3,210.28,177.49305555555554,62.49097222222222,0,0.0,0.0,0.0,0.21120305647844878
17991.0,2011-06-09,41.334722222222226,2,46.675000000000004,42.30625,0.9715277777777778,0,0.0,0.0,0.0,0.539335320841999
17994.0,2011-06-09,5.590277777777778,3,184.7266666666667,106.54027777777777,50.475,0,1.0,0.3333333333333333,0.042946335125771416,0.21947509905448054
17995.0,2011-06-09,97.47916666666667,1,76.1,97.47916666666667,0.0,1,0.0,0.0,0.0,0.6302847913317985
18004.0,2011-06-09,178.42569444444445,1,157.92,178.42569444444445,0.0,1,0.0,0.0,0.0,0.5988608860385719
18008.0,2011-06-09,19.294444444444444,7,295.0585714285714,134.48194444444445,13.936805555555555,0,0.0,0.0,0.0,0.12009710524586256
18009.0,2011-06-09,51.43333333333333,1,247.39,51.43333333333333,0.0,1,1.0,1.0,0.020615222927361655,0.498064734972234
18010.0,2011-06-09,72.48125,1,174.8,72.48125,0.0,1,0.0,0.0,0.0,0.5761128519565338
18016.0,2011-06-09,2.4368055555555554,2,163.105,131.36041666666668,128.92361111111111,0,0.0,0.0,0.0,0.3333191816741349
18017.0,2011-06-09,126.41875,1,165.0,126.41875,0.0,1,0.0,0.0,0.0,0.5881639397293889
18018.0,2011-06-09,15.443055555555556,1,37.45,15.443055555555556,0.0,1,0.0,0.0,0.0,0.6587010142288825
18032.0,2011-06-09,150.3527777777778,1,73.5,150.3527777777778,0.0,1,0.0,0.0,0.0,0.6401160119060914
18036.0,2011-06-09,61.52361111111111,1,109.95,61.52361111111111,0.0,1,0.0,0.0,0.0,0.6028328485998429
18037.0,2011-06-09,41.31736111111111,5,12.164,178.31944444444446,28.504166666666666,0,0.0,0.0,0.0,0.23154106262747814
18040.0,2011-06-09,61.64791666666667,1,239.0,61.64791666666667,0.0,1,0.0,0.0,0.0,0.5548330410646009
18041.0,2011-06-09,29.38125,10,193.672,153.35486111111112,11.997222222222222,0,1.0,0.1,0.011488496013879137,0.09494020454131755
18043.0,2011-06-09,22.47222222222222,1,133.68,22.47222222222222,0.0,1,0.0,0.0,0.0,0.5847430371771328
18044.0,2011-06-09,14.342361111111112,6,147.20166666666668,176.48263888888889,28.009722222222223,0,0.0,0.0,0.0,0.10126667876491746
18048.0,2011-06-09,19.37638888888889,2,86.14500000000001,19.379166666666666,0.002777777777777778,0,0.0,0.0,0.0,0.4981081837075809
18050.0,2011-06-09,175.39930555555554,1,74.4,175.39930555555554,0.0,1,0.0,0.0,0.0,0.6430310024379836
18055.0,2011-06-09,19.55763888888889,4,590.5125,174.49375,46.951388888888886,0,1.0,0.25,0.013568722084629878,0.09185856952306448
18056.0,2011-06-09,104.39791666666666,1,363.65,104.39791666666666,0.0,1,0.0,0.0,0.0,0.5352322276119723
18061.0,2011-06-09,22.654166666666665,4,196.365,138.55902777777777,39.02013888888889,0,0.0,0.0,0.0,0.1830966832018392
18062.0,2011-06-09,36.60138888888889,2,242.96,153.58125,116.9798611111111,0,0.0,0.0,0.0,0.32636664923267844
18064.0,2011-06-09,51.36944444444445,1,408.0,51.36944444444445,0.0,1,0.0,0.0,0.0,0.5192816523625302
18065.0,2011-06-09,35.50972222222222,4,200.6775,104.42847222222223,0.001388888888888889,0,1.0,0.25,0.015883693986620324,0.20034156141163995
18068.0,2011-06-09,105.38194444444444,1,101.69999999999999,105.38194444444444,0.0,1,0.0,0.0,0.0,0.6142884592487947
18069.0,2011-06-09,51.31180555555556,2,337.005,143.34027777777777,92.02847222222222,0,1.0,0.5,0.0073441046868740825,0.29645109079840415
18071.0,2011-06-09,73.50069444444445,1,194.05,73.50069444444445,0.0,1,0.0,0.0,0.0,0.5697785910596241
18072.0,2011-06-09,1.5527777777777778,1,247.44,1.5527777777777778,0.0,1,0.0,0.0,0.0,0.5429120181923913
18073.0,2011-06-09,1.3722222222222222,3,168.08,13.181944444444444,5.904861111111111,0,0.0,0.0,0.0,0.3981215968090077
18075.0,2011-06-09,20.459027777777777,6,211.78666666666672,176.55,22.074305555555554,0,3.0,0.5,0.043085809619743135,0.06759670511956976
18077.0,2011-06-09,42.513194444444444,3,224.83666666666667,171.52847222222223,64.50763888888889,0,0.0,0.0,0.0,0.20221506688513968
18078.0,2011-06-09,33.394444444444446,2,168.065,75.36944444444444,41.975,0,0.0,0.0,0.0,0.4169800521252446
18079.0,2011-06-09,54.49027777777778,1,1612.83,54.49027777777778,0.0,1,0.0,0.0,0.0,0.43237367695270035
18080.0,2011-06-09,58.576388888888886,1,841.4999999999999,58.576388888888886,0.0,1,0.0,0.0,0.0,0.47425840219335846
18085.0,2011-06-09,146.36319444444445,1,386.05,146.36319444444445,0.0,1,0.0,0.0,0.0,0.5382389699262587
18086.0,2011-06-09,90.43472222222222,1,101.34,90.43472222222222,0.0,1,0.0,0.0,0.0,0.6122170338193719
18087.0,2011-06-09,106.55347222222223,1,3202.9199999999996,106.55347222222223,0.0,1,1.0,1.0,0.012738376231688584,0.34788856329333695
18092.0,2011-06-09,0.4986111111111111,6,530.72,170.51041666666666,21.938194444444445,0,0.0,0.0,0.0,0.06639416914614979
18093.0,2011-06-09,113.54722222222222,2,558.76,118.48958333333333,4.942361111111111,0,1.0,0.5,0.02067077099291288,0.35362650196630296
18094.0,2011-06-09,34.50972222222222,3,592.4,107.63194444444444,36.56111111111111,0,0.0,0.0,0.0,0.23281470221943149
18095.0,2011-06-09,128.46527777777777,2,290.025,148.47430555555556,20.009027777777778,0,0.0,0.0,0.0,0.41968146662600975
18097.0,2011-06-09,21.419444444444444,3,485.52,170.3826388888889,74.48159722222222,0,0.0,0.0,0.0,0.15012109469964985
18102.0,2011-06-09,1.3090277777777777,12,3983.918333333333,121.35138888888889,0.8770833333333333,0,1.0,0.08333333333333333,0.0033093466189693483,0.041312917687530405
18106.0,2011-06-09,145.48402777777778,1,421.9,145.48402777777778,0.0,1,0.0,0.0,0.0,0.5324742753433425
18108.0,2011-06-09,70.41944444444445,1,271.0,70.41944444444445,0.0,1,1.0,1.0,0.023431734317343172,0.4955579297527179
18109.0,2011-06-09,10.400694444444444,10,219.423,178.55069444444445,9.775,0,2.0,0.2,0.0333830090737981,0.05096295651902242
18114.0,2011-06-09,106.44444444444444,1,220.1,106.44444444444444,0.0,1,0.0,0.0,0.0,0.5671696610911028
18116.0,2011-06-09,50.32361111111111,6,183.31166666666664,174.44375,14.953472222222222,0,0.0,0.0,0.0,0.13199418955559408
18118.0,2011-06-09,2.495833333333333,13,222.9676923076923,141.45486111111111,9.538541666666667,0,4.0,0.3076923076923077,0.016594332397242787,0.04940857801149763
18120.0,2011-06-09,30.427083333333332,1,111.15,30.427083333333332,0.0,1,0.0,0.0,0.0,0.5973041628194016
18125.0,2011-06-09,17.50625,3,311.3,132.3736111111111,57.43368055555556,0,1.0,0.3333333333333333,0.0017667844522968198,0.18076479625765346
18129.0,2011-06-09,59.40555555555556,1,112.55000000000001,59.40555555555556,0.0,1,0.0,0.0,0.0,0.6010853631687819
18133.0,2011-06-09,28.406944444444445,1,931.4999999999999,28.406944444444445,0.0,1,1.0,1.0,0.23188405797101452,0.424487367451142
18135.0,2011-06-09,6.413888888888889,1,109.82000000000001,6.413888888888889,0.0,1,0.0,0.0,0.0,0.5942442810033574
18136.0,2011-06-09,27.500694444444445,2,300.425,135.49444444444444,107.99375,0,1.0,0.5,0.03744695015394857,0.28784279793876255
18138.0,2011-06-09,111.38125,1,152.65,111.38125,0.0,1,0.0,0.0,0.0,0.5905950884970746
18142.0,2011-06-09,31.478472222222223,1,282.48,31.478472222222223,0.0,1,1.0,1.0,0.007434154630416312,0.4854363443157367
18144.0,2011-06-09,28.444444444444443,6,240.1,176.45694444444445,41.922222222222224,0,0.0,0.0,0.0,0.11555233312627607
18145.0,2011-06-09,20.556944444444444,2,511.89,128.49305555555554,107.93611111111112,0,0.0,0.0,0.0,0.29112834888638084
18146.0,2011-06-09,36.30902777777778,1,76.65,36.30902777777778,0.0,1,0.0,0.0,0.0,0.6205662408567019
18149.0,2011-06-09,31.466666666666665,2,274.84,89.46944444444445,58.00277777777778,0,0.0,0.0,0.0,0.3715111721686674
18150.0,2011-06-09,17.550694444444446,1,227.57999999999998,17.550694444444446,0.0,1,0.0,0.0,0.0,0.5507881460544674
18151.0,2011-06-09,105.64652777777778,1,312.55,105.64652777777778,0.0,1,0.0,0.0,0.0,0.5450164627010581
18155.0,2011-06-09,107.55833333333334,1,113.93,107.55833333333334,0.0,1,0.0,0.0,0.0,0.6077981028642939
18159.0,2011-06-09,117.39861111111111,1,530.15,117.39861111111111,0.0,1,0.0,0.0,0.0,0.5133834464052549
18160.0,2011-06-09,16.429861111111112,1,318.55,16.429861111111112,0.0,1,0.0,0.0,0.0,0.5293266690276124
18161.0,2011-06-09,68.65138888888889,2,273.15999999999997,135.50277777777777,66.85138888888889,0,0.0,0.0,0.0,0.3694652896240499
18168.0,2011-06-09,20.206944444444446,4,195.3975,175.5361111111111,57.09097222222222,0,2.0,0.5,0.024757225655394774,0.11114404631908745
18170.0,2011-06-09,33.365972222222226,1,304.21,33.365972222222226,0.0,1,0.0,0.0,0.0,0.5350101083651263
18171.0,2011-06-09,54.516666666666666,2,232.29500000000002,149.58680555555554,95.07013888888889,0,1.0,0.5,0.038420973331324396,0.31631722579259114
18172.0,2011-06-09,27.19236111111111,7,531.4514285714286,105.55277777777778,8.210763888888888,0,1.0,0.14285714285714285,0.003024063481140596,0.1317857966421764
18173.0,2011-06-09,15.399305555555555,3,576.2800000000001,90.50277777777778,37.55173611111111,0,0.0,0.0,0.0,0.2290432606795944
18176.0,2011-06-09,174.34375,1,476.35,174.34375,0.0,1,1.0,1.0,0.058150519575942056,0.4791046342300353
18177.0,2011-06-09,20.230555555555554,4,178.275,71.63472222222222,22.277083333333334,0,1.0,0.25,0.038213434300939556,0.27203304305060827
18178.0,2011-06-09,35.572916666666664,2,399.645,125.41111111111111,89.83819444444444,0,1.0,0.5,0.009383327703336712,0.2871788736922397
18179.0,2011-06-09,68.44375,4,275.79,152.4013888888889,10.020138888888889,0,0.0,0.0,0.0,0.19733902286006852
18183.0,2011-06-09,43.356944444444444,2,316.035,90.57777777777778,47.22083333333333,0,4.0,2.0,0.0499153574762289,0.23807309204552327
18185.0,2011-06-09,65.42916666666666,1,304.25,65.42916666666666,0.0,1,0.0,0.0,0.0,0.54021163893344
18188.0,2011-06-09,106.38680555555555,1,426.6,106.38680555555555,0.0,1,0.0,0.0,0.0,0.5254188539172434
18189.0,2011-06-09,83.59097222222222,1,633.1,83.59097222222222,0.0,1,1.0,1.0,0.009319222871584269,0.44281374328149986
18190.0,2011-06-09,8.383333333333333,2,142.23000000000002,146.55902777777777,138.17569444444445,0,1.0,0.5,0.034978555860226385,0.2997962805613664
18191.0,2011-06-09,77.49444444444444,1,207.79999999999998,77.49444444444444,0.0,1,0.0,0.0,0.0,0.56614457962414
18196.0,2011-06-09,106.32430555555555,1,450.78,106.32430555555555,0.0,1,0.0,0.0,0.0,0.5219019673465843
18198.0,2011-06-09,3.557638888888889,11,318.25363636363636,152.43125,15.1,0,1.0,0.09090909090909091,0.00018567237680637796,0.06335660506124445
18202.0,2011-06-09,15.491666666666667,3,465.66333333333336,127.43333333333334,55.97083333333333,0,0.0,0.0,0.0,0.19088462706561557
18204.0,2011-06-09,8.356944444444444,1,540.98,8.356944444444444,0.0,1,0.0,0.0,0.0,0.49424322402806214
18210.0,2011-06-09,83.29305555555555,1,142.4,83.29305555555555,0.0,1,0.0,0.0,0.0,0.5904666125482279
18211.0,2011-06-09,94.49375,1,137.9,94.49375,0.0,1,0.0,0.0,0.0,0.5941835913352602
18212.0,2011-06-09,142.32361111111112,1,216.07,142.32361111111112,0.0,1,0.0,0.0,0.0,0.5739986084555385
18213.0,2011-06-09,52.56875,1,232.48000000000002,52.56875,0.0,1,0.0,0.0,0.0,0.5551086823929867
18218.0,2011-06-09,27.463194444444444,2,320.96,97.48333333333333,70.0201388888889,0,2.0,1.0,0.05561440677966103,0.2820983625325468
18219.0,2011-06-09,30.488888888888887,4,175.53,176.47916666666666,61.00208333333333,0,0.0,0.0,0.0,0.16258787617831716
18220.0,2011-06-09,42.62291666666667,1,305.28000000000003,42.62291666666667,0.0,1,1.0,1.0,0.02456761006289308,0.48347440500461386
18221.0,2011-06-09,0.5159722222222223,2,268.505,27.40763888888889,26.891666666666666,0,0.0,0.0,0.0,0.3973641064541592
18223.0,2011-06-09,21.599305555555556,7,393.92571428571426,174.30416666666667,28.535763888888887,0,6.0,0.8571428571428571,0.025251316419339396,0.04187064989553193
18224.0,2011-06-09,79.5625,1,158.95000000000002,79.5625,0.0,1,0.0,0.0,0.0,0.5831156683725958
18225.0,2011-06-09,20.172916666666666,4,409.5175,121.39375,40.89861111111111,0,2.0,0.5,0.04084074551148607,0.14576666872437824
18226.0,2011-06-09,1.5895833333333333,6,433.39000000000004,153.625,16.927777777777777,0,1.0,0.16666666666666666,0.0016344016551681703,0.0717616996670152
18227.0,2011-06-09,33.484027777777776,1,93.75,33.484027777777776,0.0,1,0.0,0.0,0.0,0.6080915814132545
18229.0,2011-06-09,0.3625,7,365.24285714285713,145.55625,23.016666666666666,0,0.0,0.0,0.0,0.08884009456260336
18230.0,2011-06-09,23.341666666666665,3,418.09999999999997,118.45416666666667,47.556250000000006,0,1.0,0.3333333333333333,0.05919636450609901,0.19555430610813357
18231.0,2011-06-09,8.404166666666667,5,414.354,104.61944444444444,24.008333333333333,0,1.0,0.2,0.008253811957891079,0.1423592470454113
18232.0,2011-06-09,8.664583333333333,2,185.49,13.3125,4.647916666666666,0,1.0,0.5,0.028303412582888564,0.4043385579475277
18233.0,2011-06-09,141.63611111111112,1,440.0,141.63611111111112,0.0,1,0.0,0.0,0.0,0.5291864617343285
18235.0,2011-06-09,33.43402777777778,1,430.46000000000004,33.43402777777778,0.0,1,0.0,0.0,0.0,0.512934104135096
18236.0,2011-06-09,2.407638888888889,2,152.25,56.58888888888889,54.18125,0,0.0,0.0,0.0,0.40640092506084624
18239.0,2011-06-09,34.47361111111111,4,280.8775,138.35,41.890972222222224,0,0.0,0.0,0.0,0.19493939456326365
18241.0,2011-06-09,33.609722222222224,1,365.83,33.609722222222224,0.0,1,0.0,0.0,0.0,0.5233292767707015
18242.0,2011-06-09,12.401388888888889,2,347.03999999999996,29.52777777777778,17.12638888888889,0,0.0,0.0,0.0,0.39281742750230275
18245.0,2011-06-09,27.58125,4,326.5725,171.3763888888889,42.86666666666667,0,1.0,0.25,0.04554884443729953,0.11568086410721681
18246.0,2011-06-09,49.420138888888886,1,232.9,49.420138888888886,0.0,1,0.0,0.0,0.0,0.5544873192764302
18248.0,2011-06-09,2.4458333333333333,1,496.46000000000004,2.4458333333333333,0.0,1,0.0,0.0,0.0,0.498761116051587
18250.0,2011-06-09,126.44722222222222,1,349.27,126.44722222222222,0.0,1,1.0,1.0,0.0181807770492742,0.4882371013428193
18257.0,2011-06-09,22.57638888888889,3,240.4,112.36597222222223,44.89479166666667,0,4.0,1.3333333333333333,0.10018025513033832,0.15885201803913845
18260.0,2011-06-09,21.57777777777778,5,440.244,174.23402777777778,31.990972222222222,0,2.0,0.4,0.021896948056077992,0.07524507908414421
18263.0,2011-06-09,68.50833333333334,1,307.59999999999997,68.50833333333334,0.0,1,0.0,0.0,0.0,0.5400177308890699
18270.0,2011-06-09,82.47152777777778,1,111.95,82.47152777777778,0.0,1,1.0,1.0,0.39481911567664135,0.5781620139491229
18272.0,2011-06-09,41.24236111111111,2,490.27000000000004,62.60069444444444,21.358333333333334,0,1.0,0.5,0.014073877659248987,0.33518066714670625
18273.0,2011-06-09,73.52638888888889,1,51.0,73.52638888888889,0.0,1,0.0,0.0,0.0,0.6498674313862336
18280.0,2011-06-09,93.58888888888889,1,180.60000000000002,93.58888888888889,0.0,1,0.0,0.0,0.0,0.5774340023262997
18283.0,2011-06-09,16.51875,5,103.104,153.40694444444443,33.80138888888889,0,0.0,0.0,0.0,0.15473269980827084
18287.0,2011-06-09,17.55625,1,765.28,17.55625,0.0,1,0.0,0.0,0.0,0.47360651005522963
