Customer ID,frequency,recency,T,monetary_value,HistoricalPurchaseValue,PredictedGrossPurchaseCLV,CLVStatus,ValueForRetention
12346.0,7.0,400.0,542.0,11066.637142857144,77556.46,46126.50884927289,Predicted CLV Eligible,46126.50884927289
12347.0,3.0,158.0,221.0,607.81,2434.96,2593.0008654321327,Predicted CLV Eligible,2593.0008654321327
12348.0,3.0,190.0,255.0,495.74666666666667,1709.3999999999999,1889.4169427304741,Predicted CLV Eligible,1889.4169427304741
12349.0,2.0,182.0,406.0,801.31,2671.14,1391.328600561889,Predicted CLV Eligible,1391.328600561889
12350.0,0.0,0.0,127.0,0.0,334.4,,Not Eligible - One-Time Customer,334.4
12351.0,0.0,0.0,192.0,0.0,300.93,,Not Eligible - One-Time Customer,300.93
12352.0,5.0,130.0,209.0,352.372,1905.6100000000001,2432.6097182964945,Predicted CLV Eligible,2432.6097182964945
12353.0,1.0,204.0,225.0,89.0,406.76,170.99572140278724,Predicted CLV Eligible,170.99572140278724
12354.0,0.0,0.0,49.0,0.0,1079.4,,Not Eligible - One-Time Customer,1079.4
12355.0,1.0,353.0,384.0,459.4,947.61,511.7253634161825,Predicted CLV Eligible,511.7253634161825
12356.0,4.0,179.0,241.0,1350.7350000000001,6313.38,6886.844983347453,Predicted CLV Eligible,6886.844983347453
12357.0,0.0,0.0,205.0,0.0,12079.99,,Not Eligible - One-Time Customer,12079.99
12358.0,2.0,356.0,548.0,644.59,2719.01,892.3558862352046,Predicted CLV Eligible,892.3558862352046
12359.0,8.0,545.0,551.0,662.3,6059.09,3146.9610849355977,Predicted CLV Eligible,3146.9610849355977
12360.0,5.0,455.0,472.0,511.282,2674.41,1812.9058107052501,Predicted CLV Eligible,1812.9058107052501
12361.0,3.0,395.0,499.0,134.01666666666668,511.25,292.84274687825564,Predicted CLV Eligible,292.84274687825564
12362.0,2.0,513.0,555.0,487.17,1104.3400000000001,682.8572238749676,Predicted CLV Eligible,682.8572238749676
12363.0,0.0,0.0,59.0,0.0,299.1,,Not Eligible - One-Time Customer,299.1
12365.0,0.0,0.0,108.0,0.0,641.38,,Not Eligible - One-Time Customer,641.38
12366.0,0.0,0.0,450.0,0.0,500.24,,Not Eligible - One-Time Customer,500.24
12368.0,0.0,0.0,445.0,0.0,917.6999999999999,,Not Eligible - One-Time Customer,917.6999999999999
12369.0,2.0,228.0,458.0,721.415,1791.1499999999999,1141.1306697209952,Predicted CLV Eligible,1141.1306697209952
12370.0,4.0,394.0,485.0,753.5799999999999,3577.2799999999997,2120.1247316872327,Predicted CLV Eligible,2120.1247316872327
12371.0,1.0,236.0,462.0,1571.74,2179.42,1324.475593717078,Predicted CLV Eligible,1324.475593717078
12372.0,1.0,84.0,113.0,515.7,914.9200000000001,1464.2056786280218,Predicted CLV Eligible,1464.2056786280218
12373.0,2.0,362.0,490.0,344.875,1127.65,537.4067316754408,Predicted CLV Eligible,537.4067316754408
12374.0,1.0,167.0,405.0,857.75,2246.29,780.2626531017374,Predicted CLV Eligible,780.2626531017374
12376.0,1.0,28.0,234.0,70.6,503.15,92.68124883015405,Predicted CLV Eligible,92.68124883015405
12377.0,3.0,274.0,406.0,738.4533333333334,3426.32,1874.9267958911803,Predicted CLV Eligible,1874.9267958911803
12378.0,0.0,0.0,379.0,0.0,1407.7,,Not Eligible - One-Time Customer,1407.7
12379.0,1.0,112.0,351.0,400.5,767.98,395.26161792212537,Predicted CLV Eligible,395.26161792212537
12380.0,4.0,477.0,479.0,1135.435,7559.04,3249.3109958673963,Predicted CLV Eligible,3249.3109958673963
12383.0,4.0,168.0,169.0,312.46,1850.56,2141.2222889145805,Predicted CLV Eligible,2141.2222889145805
12385.0,0.0,0.0,196.0,0.0,1938.4,,Not Eligible - One-Time Customer,1938.4
12386.0,1.0,29.0,183.0,143.0,401.9,235.63862277343367,Predicted CLV Eligible,235.63862277343367
12387.0,0.0,0.0,232.0,0.0,143.94,,Not Eligible - One-Time Customer,143.94
12388.0,4.0,307.0,399.0,356.27000000000004,1886.7,1193.5912969301166,Predicted CLV Eligible,1193.5912969301166
12389.0,2.0,253.0,472.0,634.24,1433.33,986.3411951371742,Predicted CLV Eligible,986.3411951371742
12391.0,3.0,198.0,479.0,524.2633333333333,2285.1800000000003,1060.4718264090077,Predicted CLV Eligible,1060.4718264090077
12392.0,0.0,0.0,408.0,0.0,234.75000000000003,,Not Eligible - One-Time Customer,234.75000000000003
12393.0,4.0,183.0,245.0,393.5375,1877.9499999999998,1990.7265584898853,Predicted CLV Eligible,1990.7265584898853
12394.0,0.0,0.0,34.0,0.0,381.08,,Not Eligible - One-Time Customer,381.08
12395.0,8.0,391.0,419.0,268.3525,3272.26,1632.2174802478014,Predicted CLV Eligible,1632.2174802478014
12396.0,0.0,0.0,491.0,0.0,931.43,,Not Eligible - One-Time Customer,931.43
12399.0,4.0,431.0,461.0,354.15500000000003,1622.6000000000001,1052.9764491010305,Predicted CLV Eligible,1052.9764491010305
12400.0,0.0,0.0,231.0,0.0,205.25,,Not Eligible - One-Time Customer,205.25
12401.0,0.0,0.0,120.0,0.0,84.3,,Not Eligible - One-Time Customer,84.3
12402.0,5.0,347.0,487.0,213.04000000000002,1256.9,726.7265134126767,Predicted CLV Eligible,726.7265134126767
12403.0,0.0,0.0,338.0,0.0,591.6600000000001,,Not Eligible - One-Time Customer,591.6600000000001
12404.0,0.0,0.0,499.0,0.0,63.24,,Not Eligible - One-Time Customer,63.24
12406.0,2.0,298.0,514.0,1046.93,2975.0600000000004,1514.7463210347973,Predicted CLV Eligible,1514.7463210347973
12407.0,1.0,29.0,81.0,269.66,495.96000000000004,909.2977857489657,Predicted CLV Eligible,909.2977857489657
12408.0,3.0,238.0,315.0,698.57,2289.81,2227.125934147105,Predicted CLV Eligible,2227.125934147105
12409.0,3.0,145.0,382.0,1848.0466666666664,12346.619999999999,4478.96462325656,Predicted CLV Eligible,4478.96462325656
12410.0,1.0,194.0,319.0,693.3299999999999,1013.7099999999999,847.5759401414265,Predicted CLV Eligible,847.5759401414265
12411.0,0.0,0.0,226.0,0.0,346.9,,Not Eligible - One-Time Customer,346.9
12412.0,2.0,137.0,356.0,349.585,1370.05,672.8406447724617,Predicted CLV Eligible,672.8406447724617
12413.0,2.0,166.0,219.0,281.95,805.25,878.1429195363429,Predicted CLV Eligible,878.1429195363429
12414.0,3.0,246.0,280.0,187.47,952.41,674.3719935350279,Predicted CLV Eligible,674.3719935350279
12415.0,13.0,324.0,344.0,5238.538461538462,70427.74,59725.599200045406,Predicted CLV Eligible,59725.599200045406
12416.0,0.0,0.0,473.0,0.0,202.56,,Not Eligible - One-Time Customer,202.56
12417.0,15.0,546.0,550.0,315.832,5046.58,2737.9868376492127,Predicted CLV Eligible,2737.9868376492127
12418.0,2.0,217.0,447.0,504.34000000000003,1352.6200000000001,815.5693564432108,Predicted CLV Eligible,815.5693564432108
12419.0,1.0,28.0,230.0,180.1,503.01,220.78002602400178,Predicted CLV Eligible,220.78002602400178
12421.0,2.0,186.0,322.0,185.605,449.01,416.6046534289721,Predicted CLV Eligible,416.6046534289721
12422.0,11.0,397.0,538.0,417.4309090909091,4666.74,2639.161597918953,Predicted CLV Eligible,2639.161597918953
12423.0,7.0,274.0,282.0,273.71,2214.77,2068.982102097632,Predicted CLV Eligible,2068.982102097632
12424.0,1.0,126.0,365.0,1132.53,1579.07,1080.1671477982854,Predicted CLV Eligible,1080.1671477982854
12425.0,0.0,0.0,265.0,0.0,964.21,,Not Eligible - One-Time Customer,964.21
12426.0,1.0,468.0,479.0,582.73,1345.21,534.9968940939704,Predicted CLV Eligible,534.9968940939704
12427.0,0.0,0.0,188.0,0.0,303.5,,Not Eligible - One-Time Customer,303.5
12428.0,3.0,41.0,100.0,447.10666666666674,6310.54,3319.2652301185067,Predicted CLV Eligible,3319.2652301185067
12429.0,3.0,319.0,363.0,922.0433333333334,4173.49,2616.310395725117,Predicted CLV Eligible,2616.310395725117
12431.0,16.0,493.0,510.0,373.939375,7103.3,3690.052110939889,Predicted CLV Eligible,3690.052110939889
12433.0,4.0,110.0,293.0,1763.2475,7205.389999999999,6647.504458730115,Predicted CLV Eligible,6647.504458730115
12434.0,1.0,121.0,198.0,286.25,583.54,533.255856328662,Predicted CLV Eligible,533.255856328662
12435.0,4.0,470.0,554.0,2266.7575,10075.03,5652.783599696024,Predicted CLV Eligible,5652.783599696024
12437.0,25.0,539.0,554.0,365.152,9707.08,5160.950202817466,Predicted CLV Eligible,5160.950202817466
12439.0,1.0,43.0,542.0,76.52000000000001,1142.88,31.82116272296801,Predicted CLV Eligible,31.82116272296801
12440.0,1.0,255.0,534.0,290.69,859.2,218.01301447614435,Predicted CLV Eligible,218.01301447614435
12441.0,0.0,0.0,183.0,0.0,173.55,,Not Eligible - One-Time Customer,173.55
12443.0,0.0,0.0,549.0,0.0,485.31,,Not Eligible - One-Time Customer,485.31
12445.0,0.0,0.0,237.0,0.0,301.58000000000004,,Not Eligible - One-Time Customer,301.58000000000004
12447.0,0.0,0.0,60.0,0.0,476.49,,Not Eligible - One-Time Customer,476.49
12449.0,2.0,251.0,255.0,474.46500000000003,1627.5300000000002,1309.1483649663032,Predicted CLV Eligible,1309.1483649663032
12450.0,2.0,75.0,291.0,170.95,490.32000000000005,371.04308464862316,Predicted CLV Eligible,371.04308464862316
12451.0,3.0,311.0,346.0,2263.6366666666668,8942.18,6683.278929938735,Predicted CLV Eligible,6683.278929938735
12454.0,3.0,26.0,238.0,2805.9733333333334,13151.44,6336.1589562566605,Predicted CLV Eligible,6336.1589562566605
12455.0,6.0,532.0,538.0,623.3266666666667,5376.39,2318.5971030118767,Predicted CLV Eligible,2318.5971030118767
12456.0,0.0,0.0,71.0,0.0,940.1700000000001,,Not Eligible - One-Time Customer,940.1700000000001
12457.0,3.0,202.0,252.0,355.75,1699.9299999999998,1377.968122785571,Predicted CLV Eligible,1377.968122785571
12458.0,2.0,203.0,304.0,445.70000000000005,1272.01,1043.6409393658346,Predicted CLV Eligible,1043.6409393658346
12459.0,0.0,0.0,422.0,0.0,454.36,,Not Eligible - One-Time Customer,454.36
12460.0,0.0,0.0,273.0,0.0,326.65,,Not Eligible - One-Time Customer,326.65
12462.0,0.0,0.0,120.0,0.0,762.11,,Not Eligible - One-Time Customer,762.11
12463.0,1.0,35.0,58.0,297.38,647.95,1266.0238739347183,Predicted CLV Eligible,1266.0238739347183
12464.0,2.0,109.0,126.0,165.475,544.8499999999999,795.4276314716951,Predicted CLV Eligible,795.4276314716951
12466.0,0.0,0.0,499.0,0.0,56.73,,Not Eligible - One-Time Customer,56.73
12467.0,0.0,0.0,240.0,0.0,132.8,,Not Eligible - One-Time Customer,132.8
12468.0,4.0,495.0,499.0,807.3775,3670.74,2229.4166218589257,Predicted CLV Eligible,2229.4166218589257
12469.0,1.0,14.0,353.0,1113.7,3070.54,606.3643016892748,Predicted CLV Eligible,606.3643016892748
12470.0,0.0,0.0,506.0,0.0,211.95,,Not Eligible - One-Time Customer,211.95
12471.0,35.0,522.0,549.0,780.4411428571428,28491.46,15441.790814781281,Predicted CLV Eligible,15441.790814781281
12472.0,14.0,458.0,542.0,817.1135714285714,12726.02,6634.506888784521,Predicted CLV Eligible,6634.506888784521
12473.0,0.0,0.0,8.0,0.0,661.6899999999999,,Not Eligible - One-Time Customer,661.6899999999999
12474.0,18.0,466.0,483.0,422.7272222222222,7767.79,4908.068135236541,Predicted CLV Eligible,4908.068135236541
12475.0,0.0,0.0,226.0,0.0,426.26,,Not Eligible - One-Time Customer,426.26
12476.0,12.0,283.0,318.0,706.7375000000001,9712.59,7971.277232733774,Predicted CLV Eligible,7971.277232733774
12477.0,4.0,384.0,440.0,2403.0925,11633.6,7378.252855475619,Predicted CLV Eligible,7378.252855475619
12480.0,4.0,240.0,324.0,829.6475,3770.49,3306.5143974875946,Predicted CLV Eligible,3306.5143974875946
12481.0,9.0,403.0,424.0,746.6822222222222,9689.74,5005.558650333827,Predicted CLV Eligible,5005.558650333827
12482.0,5.0,77.0,470.0,3450.728,23691.4,1185.4018985504797,Predicted CLV Eligible,1185.4018985504797
12483.0,13.0,472.0,494.0,254.2430769230769,3606.86,2115.938516492712,Predicted CLV Eligible,2115.938516492712
12484.0,6.0,345.0,498.0,400.3,2965.45,1560.2079320014498,Predicted CLV Eligible,1560.2079320014498
12485.0,0.0,0.0,346.0,0.0,708.1,,Not Eligible - One-Time Customer,708.1
12486.0,0.0,0.0,248.0,0.0,1037.28,,Not Eligible - One-Time Customer,1037.28
12487.0,0.0,0.0,547.0,0.0,285.29999999999995,,Not Eligible - One-Time Customer,285.29999999999995
12489.0,0.0,0.0,153.0,0.0,334.93,,Not Eligible - One-Time Customer,334.93
12490.0,12.0,524.0,555.0,416.4575,5601.43,2884.7853845532904,Predicted CLV Eligible,2884.7853845532904
12492.0,0.0,0.0,220.0,0.0,452.0,,Not Eligible - One-Time Customer,452.0
12493.0,0.0,0.0,14.0,0.0,232.5,,Not Eligible - One-Time Customer,232.5
12494.0,5.0,380.0,393.0,187.988,1284.81,790.0212142773289,Predicted CLV Eligible,790.0212142773289
12495.0,0.0,0.0,457.0,0.0,357.4,,Not Eligible - One-Time Customer,357.4
12496.0,0.0,0.0,437.0,0.0,45.34,,Not Eligible - One-Time Customer,45.34
12497.0,1.0,244.0,461.0,3993.6400000000003,5205.400000000001,3382.639160163861,Predicted CLV Eligible,3382.639160163861
12499.0,0.0,0.0,377.0,0.0,393.72,,Not Eligible - One-Time Customer,393.72
12500.0,10.0,407.0,490.0,250.61599999999999,2907.59,1623.8043375752702,Predicted CLV Eligible,1623.8043375752702
12501.0,0.0,0.0,153.0,0.0,2169.39,,Not Eligible - One-Time Customer,2169.39
12502.0,2.0,92.0,126.0,612.7,1842.65,2854.443233235735,Predicted CLV Eligible,2854.443233235735
12503.0,0.0,0.0,401.0,0.0,1126.0,,Not Eligible - One-Time Customer,1126.0
12504.0,1.0,179.0,413.0,162.60000000000002,297.0,155.52030250347298,Predicted CLV Eligible,155.52030250347298
12505.0,0.0,0.0,225.0,0.0,955.2,,Not Eligible - One-Time Customer,955.2
12506.0,0.0,0.0,49.0,0.0,73.5,,Not Eligible - One-Time Customer,73.5
12507.0,1.0,286.0,401.0,446.16,985.4100000000001,462.570607470389,Predicted CLV Eligible,462.570607470389
12509.0,0.0,0.0,101.0,0.0,176.5,,Not Eligible - One-Time Customer,176.5
12510.0,6.0,410.0,552.0,740.1033333333334,4876.5,2645.9473237772463,Predicted CLV Eligible,2645.9473237772463
12511.0,0.0,0.0,245.0,0.0,3084.02,,Not Eligible - One-Time Customer,3084.02
12514.0,1.0,374.0,458.0,1017.68,1597.76,942.8243706728032,Predicted CLV Eligible,942.8243706728032
12515.0,0.0,0.0,170.0,0.0,383.7,,Not Eligible - One-Time Customer,383.7
12516.0,1.0,169.0,416.0,647.1,1336.56,574.7031560702263,Predicted CLV Eligible,574.7031560702263
12517.0,0.0,0.0,7.0,0.0,749.7,,Not Eligible - One-Time Customer,749.7
12519.0,0.0,0.0,293.0,0.0,385.7,,Not Eligible - One-Time Customer,385.7
12520.0,2.0,69.0,90.0,355.07,1697.56,2084.4095132064963,Predicted CLV Eligible,2084.4095132064963
12523.0,15.0,480.0,549.0,199.214,3062.77,1720.4448512242968,Predicted CLV Eligible,1720.4448512242968
12524.0,12.0,465.0,486.0,742.9058333333334,9473.77,5797.744392035037,Predicted CLV Eligible,5797.744392035037
12525.0,2.0,149.0,464.0,203.64999999999998,973.73,298.78005575318804,Predicted CLV Eligible,298.78005575318804
12527.0,3.0,235.0,346.0,123.30666666666667,671.72,369.6443046602526,Predicted CLV Eligible,369.6443046602526
12528.0,1.0,36.0,129.0,278.13,771.6600000000001,651.467976211652,Predicted CLV Eligible,651.467976211652
12529.0,0.0,0.0,345.0,0.0,316.48,,Not Eligible - One-Time Customer,316.48
12530.0,6.0,409.0,459.0,424.16333333333336,2901.98,1816.8332898894594,Predicted CLV Eligible,1816.8332898894594
12531.0,0.0,0.0,503.0,0.0,1807.98,,Not Eligible - One-Time Customer,1807.98
12533.0,1.0,111.0,555.0,437.96999999999997,1367.8899999999999,233.99365001169576,Predicted CLV Eligible,233.99365001169576
12535.0,0.0,0.0,3.0,0.0,371.45,,Not Eligible - One-Time Customer,371.45
12537.0,0.0,0.0,225.0,0.0,732.94,,Not Eligible - One-Time Customer,732.94
12538.0,0.0,0.0,195.0,0.0,276.5,,Not Eligible - One-Time Customer,276.5
12539.0,4.0,454.0,533.0,1253.7575,10164.09,3242.006503877583,Predicted CLV Eligible,3242.006503877583
12540.0,20.0,546.0,549.0,747.2085,15356.77,8563.23401699194,Predicted CLV Eligible,8563.23401699194
12541.0,0.0,0.0,97.0,0.0,312.4,,Not Eligible - One-Time Customer,312.4
12542.0,1.0,156.0,457.0,117.09,481.88,98.15607994606482,Predicted CLV Eligible,98.15607994606482
12543.0,0.0,0.0,265.0,0.0,980.25,,Not Eligible - One-Time Customer,980.25
12545.0,0.0,0.0,76.0,0.0,628.15,,Not Eligible - One-Time Customer,628.15
12547.0,2.0,303.0,317.0,103.9,383.58,249.1963785752581,Predicted CLV Eligible,249.1963785752581
12549.0,4.0,122.0,514.0,254.315,1575.68,321.9428643021113,Predicted CLV Eligible,321.9428643021113
12551.0,0.0,0.0,174.0,0.0,168.0,,Not Eligible - One-Time Customer,168.0
12553.0,6.0,219.0,240.0,352.18333333333334,2651.09,2630.4365995963603,Predicted CLV Eligible,2630.4365995963603
12554.0,0.0,0.0,265.0,0.0,468.5,,Not Eligible - One-Time Customer,468.5
12555.0,0.0,0.0,499.0,0.0,129.23,,Not Eligible - One-Time Customer,129.23
12557.0,5.0,466.0,539.0,1801.432,10959.800000000001,5629.339258076934,Predicted CLV Eligible,5629.339258076934
12559.0,1.0,9.0,136.0,75.60000000000001,561.71,161.11929715432325,Predicted CLV Eligible,161.11929715432325
12561.0,0.0,0.0,119.0,0.0,238.85,,Not Eligible - One-Time Customer,238.85
12562.0,2.0,237.0,252.0,602.0699999999999,1630.1399999999999,1670.5738365198108,Predicted CLV Eligible,1670.5738365198108
12563.0,0.0,0.0,225.0,0.0,249.24,,Not Eligible - One-Time Customer,249.24
12564.0,0.0,0.0,78.0,0.0,456.9,,Not Eligible - One-Time Customer,456.9
12565.0,0.0,0.0,105.0,0.0,145.92,,Not Eligible - One-Time Customer,145.92
12567.0,9.0,482.0,483.0,700.1022222222223,6823.200000000001,4184.795750423092,Predicted CLV Eligible,4184.795750423092
12568.0,0.0,0.0,461.0,0.0,70.0,,Not Eligible - One-Time Customer,70.0
12569.0,3.0,34.0,69.0,271.88000000000005,1164.3200000000002,2582.3255628257284,Predicted CLV Eligible,2582.3255628257284
12570.0,0.0,0.0,499.0,0.0,77.52,,Not Eligible - One-Time Customer,77.52
12573.0,4.0,238.0,282.0,141.34750000000003,717.4100000000001,648.5987192023196,Predicted CLV Eligible,648.5987192023196
12574.0,0.0,0.0,132.0,0.0,218.45,,Not Eligible - One-Time Customer,218.45
12575.0,1.0,69.0,343.0,281.02,622.8199999999999,251.47410896956777,Predicted CLV Eligible,251.47410896956777
12576.0,4.0,308.0,343.0,218.4475,1248.54,844.790048018881,Predicted CLV Eligible,844.790048018881
12577.0,3.0,377.0,553.0,325.28,1186.3899999999999,630.6294444117503,Predicted CLV Eligible,630.6294444117503
12578.0,2.0,113.0,260.0,1222.3700000000001,3456.6000000000004,3114.489416626796,Predicted CLV Eligible,3114.489416626796
12580.0,1.0,330.0,393.0,415.7,1052.9,449.86447897953417,Predicted CLV Eligible,449.86447897953417
12582.0,3.0,339.0,394.0,381.09666666666664,1980.4,1012.0817601371618,Predicted CLV Eligible,1012.0817601371618
12583.0,16.0,533.0,550.0,533.446875,9352.59,4914.096737723012,Predicted CLV Eligible,4914.096737723012
12584.0,1.0,95.0,97.0,159.11,622.74,537.3391294697869,Predicted CLV Eligible,537.3391294697869
12585.0,1.0,117.0,168.0,777.25,2040.1,1632.7833067940417,Predicted CLV Eligible,1632.7833067940417
12586.0,2.0,349.0,540.0,721.69,1865.73,1011.1310726850157,Predicted CLV Eligible,1011.1310726850157
12588.0,1.0,198.0,414.0,414.98,743.88,388.6174642998606,Predicted CLV Eligible,388.6174642998606
12589.0,2.0,268.0,506.0,1666.74,4048.98,2416.493795082497,Predicted CLV Eligible,2416.493795082497
12590.0,0.0,0.0,28.0,0.0,9864.26,,Not Eligible - One-Time Customer,9864.26
12591.0,2.0,91.0,225.0,327.0,1338.95,945.1669764049175,Predicted CLV Eligible,945.1669764049175
12592.0,1.0,306.0,336.0,231.8,2376.86,296.529208965282,Predicted CLV Eligible,296.529208965282
12593.0,0.0,0.0,35.0,0.0,236.0,,Not Eligible - One-Time Customer,236.0
12594.0,9.0,454.0,463.0,373.6377777777778,3516.88,2322.3635636123936,Predicted CLV Eligible,2322.3635636123936
12595.0,0.0,0.0,321.0,0.0,299.02,,Not Eligible - One-Time Customer,299.02
12596.0,0.0,0.0,59.0,0.0,269.95,,Not Eligible - One-Time Customer,269.95
12597.0,0.0,0.0,85.0,0.0,516.15,,Not Eligible - One-Time Customer,516.15
12598.0,4.0,428.0,465.0,541.84,2796.75,1593.3457850187874,Predicted CLV Eligible,1593.3457850187874
12599.0,8.0,369.0,394.0,153.565,1728.0,990.0506405162429,Predicted CLV Eligible,990.0506405162429
12600.0,16.0,528.0,549.0,212.40250000000003,3684.34,1963.489165297079,Predicted CLV Eligible,1963.489165297079
12601.0,5.0,215.0,221.0,115.41199999999999,681.26,792.5804532912501,Predicted CLV Eligible,792.5804532912501
12604.0,0.0,0.0,78.0,0.0,178.5,,Not Eligible - One-Time Customer,178.5
12605.0,3.0,82.0,275.0,325.32,1232.95,1004.2006695312484,Predicted CLV Eligible,1004.2006695312484
12606.0,0.0,0.0,499.0,0.0,21.0,,Not Eligible - One-Time Customer,21.0
12608.0,0.0,0.0,221.0,0.0,415.79,,Not Eligible - One-Time Customer,415.79
12609.0,7.0,533.0,536.0,397.02,3109.74,1710.9657763381151,Predicted CLV Eligible,1710.9657763381151
12613.0,6.0,528.0,542.0,600.4,4935.51,2217.894748454802,Predicted CLV Eligible,2217.894748454802
12614.0,0.0,0.0,94.0,0.0,315.6,,Not Eligible - One-Time Customer,315.6
12615.0,2.0,218.0,448.0,1147.155,3449.79,1840.0141302268134,Predicted CLV Eligible,1840.0141302268134
12616.0,1.0,91.0,205.0,255.6,673.4,442.52553941816313,Predicted CLV Eligible,442.52553941816313
12619.0,2.0,326.0,377.0,315.83,771.8,626.7683973875974,Predicted CLV Eligible,626.7683973875974
12620.0,0.0,0.0,21.0,0.0,561.66,,Not Eligible - One-Time Customer,561.66
12621.0,23.0,468.0,485.0,769.6917391304348,17977.35,11295.366334358805,Predicted CLV Eligible,11295.366334358805
12622.0,0.0,0.0,49.0,0.0,180.1,,Not Eligible - One-Time Customer,180.1
12623.0,6.0,420.0,513.0,361.3533333333333,3747.84,1396.0016907959975,Predicted CLV Eligible,1396.0016907959975
12625.0,3.0,385.0,413.0,1398.3966666666665,5164.88,3546.945398055048,Predicted CLV Eligible,3546.945398055048
12626.0,1.0,10.0,143.0,178.1,1274.1,334.4894355182749,Predicted CLV Eligible,334.4894355182749
12629.0,1.0,38.0,240.0,853.86,1558.22,1006.6335497439256,Predicted CLV Eligible,1006.6335497439256
12631.0,3.0,237.0,510.0,700.9633333333333,2841.07,1375.8481700043585,Predicted CLV Eligible,1375.8481700043585
12632.0,1.0,44.0,381.0,410.56,804.88,271.3903486849695,Predicted CLV Eligible,271.3903486849695
12633.0,4.0,329.0,342.0,756.835,5243.73,2912.3866856576,Predicted CLV Eligible,2912.3866856576
12634.0,1.0,13.0,365.0,130.0,490.0,71.27506482428092,Predicted CLV Eligible,71.27506482428092
12635.0,1.0,64.0,273.0,509.9,1241.23,585.7271508576121,Predicted CLV Eligible,585.7271508576121
12636.0,0.0,0.0,555.0,0.0,141.0,,Not Eligible - One-Time Customer,141.0
12637.0,6.0,304.0,360.0,661.7033333333334,4668.06,3495.373670735266,Predicted CLV Eligible,3495.373670735266
12638.0,0.0,0.0,456.0,0.0,249.8,,Not Eligible - One-Time Customer,249.8
12639.0,2.0,389.0,444.0,529.395,1312.37,903.7103613213214,Predicted CLV Eligible,903.7103613213214
12643.0,7.0,391.0,428.0,594.1285714285714,6372.1,3120.145722740669,Predicted CLV Eligible,3120.145722740669
12644.0,2.0,264.0,511.0,384.32500000000005,1440.5800000000002,556.9658238970899,Predicted CLV Eligible,556.9658238970899
12645.0,5.0,449.0,485.0,437.87399999999997,2563.02,1514.7690477029978,Predicted CLV Eligible,1514.7690477029978
12647.0,26.0,496.0,512.0,544.2934615384615,15535.04,8580.130182123901,Predicted CLV Eligible,8580.130182123901
12648.0,2.0,264.0,518.0,294.09999999999997,793.95,422.14936514615925,Predicted CLV Eligible,422.14936514615925
12649.0,5.0,484.0,513.0,347.96799999999996,2046.1399999999999,1146.7440888794667,Predicted CLV Eligible,1146.7440888794667
12651.0,3.0,131.0,282.0,92.91666666666667,377.75,321.5122167650016,Predicted CLV Eligible,321.5122167650016
12652.0,1.0,103.0,251.0,919.98,1017.03,1280.6601660727495,Predicted CLV Eligible,1280.6601660727495
12653.0,1.0,230.0,343.0,779.1,2730.08,907.1889478498665,Predicted CLV Eligible,907.1889478498665
12654.0,1.0,98.0,112.0,171.15,337.75,518.5869875967275,Predicted CLV Eligible,518.5869875967275
12655.0,0.0,0.0,240.0,0.0,261.35,,Not Eligible - One-Time Customer,261.35
12656.0,4.0,359.0,379.0,767.8149999999999,4016.2599999999998,2702.102877692994,Predicted CLV Eligible,2702.102877692994
12661.0,0.0,0.0,253.0,0.0,162.0,,Not Eligible - One-Time Customer,162.0
12662.0,13.0,430.0,434.0,326.03692307692313,4714.84,3046.115396853642,Predicted CLV Eligible,3046.115396853642
12663.0,1.0,44.0,485.0,85.65,239.4,42.76888276142825,Predicted CLV Eligible,42.76888276142825
12664.0,3.0,494.0,543.0,647.5533333333334,2491.7400000000002,1289.3165398961196,Predicted CLV Eligible,1289.3165398961196
12665.0,2.0,345.0,486.0,72.4,313.6,120.47324580463473,Predicted CLV Eligible,120.47324580463473
12666.0,0.0,0.0,211.0,0.0,1248.42,,Not Eligible - One-Time Customer,1248.42
12668.0,8.0,418.0,494.0,1093.07625,10500.35,5691.8038086517745,Predicted CLV Eligible,5691.8038086517745
12669.0,1.0,8.0,73.0,1136.3,2272.6,3694.7485221285633,Predicted CLV Eligible,3694.7485221285633
12670.0,3.0,467.0,483.0,521.6766666666666,1790.6299999999999,1158.1041532991344,Predicted CLV Eligible,1158.1041532991344
12671.0,0.0,0.0,423.0,0.0,2622.481,,Not Eligible - One-Time Customer,2622.481
12672.0,1.0,266.0,412.0,225.89999999999998,437.04999999999995,230.58465449946104,Predicted CLV Eligible,230.58465449946104
12673.0,1.0,75.0,218.0,220.9,840.4,348.9839739499379,Predicted CLV Eligible,348.9839739499379
12674.0,0.0,0.0,24.0,0.0,586.74,,Not Eligible - One-Time Customer,586.74
12675.0,1.0,25.0,395.0,12.75,957.25,12.51632255183442,Predicted CLV Eligible,12.51632255183442
12676.0,5.0,293.0,300.0,355.32399999999996,2340.65,1872.9231726775247,Predicted CLV Eligible,1872.9231726775247
12677.0,1.0,111.0,483.0,204.4,395.1,136.9685368154086,Predicted CLV Eligible,136.9685368154086
12678.0,13.0,514.0,518.0,1570.2907692307692,22544.08,12497.069550594497,Predicted CLV Eligible,12497.069550594497
12679.0,1.0,78.0,100.0,112.32000000000001,906.38,375.23129085595053,Predicted CLV Eligible,375.23129085595053
12681.0,35.0,539.0,543.0,679.6434285714286,24802.06,13610.140261437891,Predicted CLV Eligible,13610.140261437891
12682.0,31.0,546.0,555.0,500.69,15947.69,8723.431327978562,Predicted CLV Eligible,8723.431327978562
12683.0,12.0,542.0,543.0,665.48,8244.06,4704.747580785924,Predicted CLV Eligible,4704.747580785924
12684.0,2.0,16.0,30.0,214.0,917.1,2163.3942732212363,Predicted CLV Eligible,2163.3942732212363
12686.0,0.0,0.0,188.0,0.0,89.14,,Not Eligible - One-Time Customer,89.14
12687.0,0.0,0.0,297.0,0.0,2138.91,,Not Eligible - One-Time Customer,2138.91
12690.0,0.0,0.0,22.0,0.0,389.01,,Not Eligible - One-Time Customer,389.01
12691.0,3.0,102.0,237.0,135.4,540.8,530.2997950106858,Predicted CLV Eligible,530.2997950106858
12692.0,0.0,0.0,454.0,0.0,110.95,,Not Eligible - One-Time Customer,110.95
12693.0,5.0,311.0,339.0,179.706,1477.88,857.7422300934014,Predicted CLV Eligible,857.7422300934014
12694.0,0.0,0.0,238.0,0.0,973.68,,Not Eligible - One-Time Customer,973.68
12695.0,3.0,455.0,482.0,140.20333333333335,914.27,317.8985015302418,Predicted CLV Eligible,317.8985015302418
12696.0,1.0,74.0,325.0,534.76,851.91,513.7851723407172,Predicted CLV Eligible,513.7851723407172
12698.0,0.0,0.0,407.0,0.0,339.75,,Not Eligible - One-Time Customer,339.75
12699.0,0.0,0.0,234.0,0.0,638.11,,Not Eligible - One-Time Customer,638.11
12700.0,0.0,0.0,32.0,0.0,1092.43,,Not Eligible - One-Time Customer,1092.43
12701.0,4.0,391.0,450.0,359.615,1985.78,1089.6035692383707,Predicted CLV Eligible,1089.6035692383707
12703.0,2.0,51.0,501.0,82.725,722.98,67.36158600283039,Predicted CLV Eligible,67.36158600283039
12705.0,6.0,332.0,350.0,1085.5066666666667,8057.91,5893.500278536058,Predicted CLV Eligible,5893.500278536058
12707.0,0.0,0.0,108.0,0.0,603.42,,Not Eligible - One-Time Customer,603.42
12708.0,12.0,521.0,538.0,294.78749999999997,3742.92,2104.0596956556383,Predicted CLV Eligible,2104.0596956556383
12709.0,21.0,540.0,547.0,1156.937619047619,25708.37,13944.44751498357,Predicted CLV Eligible,13944.44751498357
12710.0,0.0,0.0,18.0,0.0,718.96,,Not Eligible - One-Time Customer,718.96
12711.0,1.0,65.0,493.0,789.75,1339.05,400.110173892514,Predicted CLV Eligible,400.110173892514
12712.0,15.0,530.0,547.0,284.03866666666664,4594.38,2473.8878336468397,Predicted CLV Eligible,2473.8878336468397
12714.0,8.0,529.0,552.0,1308.015,11146.77,6193.501996607939,Predicted CLV Eligible,6193.501996607939
12717.0,1.0,345.0,407.0,609.74,887.6700000000001,635.0937427579104,Predicted CLV Eligible,635.0937427579104
12720.0,12.0,314.0,323.0,284.56916666666666,4347.32,3184.384123340987,Predicted CLV Eligible,3184.384123340987
12721.0,4.0,225.0,288.0,428.305,2464.77,1898.213396673475,Predicted CLV Eligible,1898.213396673475
12724.0,3.0,203.0,352.0,289.87,1441.01,828.6753450581174,Predicted CLV Eligible,828.6753450581174
12725.0,3.0,213.0,401.0,419.27,2266.7599999999998,1052.9741638902356,Predicted CLV Eligible,1052.9741638902356
12726.0,8.0,440.0,441.0,311.4325,2872.82,1812.0325712470737,Predicted CLV Eligible,1812.0325712470737
12727.0,6.0,467.0,471.0,623.3183333333333,4499.2300000000005,2613.365398638281,Predicted CLV Eligible,2613.365398638281
12728.0,3.0,126.0,200.0,205.76999999999998,851.15,955.1003218131724,Predicted CLV Eligible,955.1003218131724
12730.0,0.0,0.0,338.0,0.0,829.25,,Not Eligible - One-Time Customer,829.25
12731.0,9.0,435.0,464.0,1498.1655555555556,15109.890000000001,9258.729830031474,Predicted CLV Eligible,9258.729830031474
12733.0,3.0,455.0,506.0,431.55,2424.87,918.1432840737517,Predicted CLV Eligible,918.1432840737517
12734.0,2.0,40.0,209.0,254.65,639.6500000000001,702.4351868701525,Predicted CLV Eligible,702.4351868701525
12735.0,1.0,22.0,154.0,459.8,779.5699999999999,833.3365544392303,Predicted CLV Eligible,833.3365544392303
12736.0,0.0,0.0,149.0,0.0,234.0,,Not Eligible - One-Time Customer,234.0
12737.0,0.0,0.0,315.0,0.0,3710.5,,Not Eligible - One-Time Customer,3710.5
12738.0,0.0,0.0,189.0,0.0,155.35,,Not Eligible - One-Time Customer,155.35
12739.0,1.0,9.0,211.0,268.0,1713.69,304.893664553093,Predicted CLV Eligible,304.893664553093
12741.0,1.0,4.0,350.0,170.0,406.07,85.45672963500348,Predicted CLV Eligible,85.45672963500348
12742.0,0.0,0.0,442.0,0.0,1201.52,,Not Eligible - One-Time Customer,1201.52
12744.0,4.0,343.0,408.0,3261.8675000000003,14300.42,10686.239095806037,Predicted CLV Eligible,10686.239095806037
12745.0,2.0,196.0,499.0,361.92499999999995,925.41,513.2224447579779,Predicted CLV Eligible,513.2224447579779
12746.0,0.0,0.0,357.0,0.0,254.55,,Not Eligible - One-Time Customer,254.55
12747.0,20.0,534.0,549.0,320.661,6793.87,3676.7472960051086,Predicted CLV Eligible,3676.7472960051086
12748.0,132.0,551.0,552.0,228.38856060606062,30352.64,16806.83950437567,Predicted CLV Eligible,16806.83950437567
12749.0,3.0,308.0,338.0,944.2266666666666,3665.58,2852.5126346075604,Predicted CLV Eligible,2852.5126346075604
12751.0,0.0,0.0,261.0,0.0,268.27,,Not Eligible - One-Time Customer,268.27
12753.0,3.0,114.0,179.0,3116.64,12940.51,15511.470206655424,Predicted CLV Eligible,15511.470206655424
12754.0,2.0,73.0,125.0,1482.585,3010.74,6838.182518381687,Predicted CLV Eligible,6838.182518381687
12755.0,9.0,413.0,510.0,581.4788888888888,5236.259999999999,3275.2846274312788,Predicted CLV Eligible,3275.2846274312788
12757.0,2.0,26.0,28.0,1642.44,4445.43,16739.732667635264,Predicted CLV Eligible,16739.732667635264
12758.0,5.0,462.0,555.0,1245.432,8681.84,3785.2835462089433,Predicted CLV Eligible,3785.2835462089433
12759.0,5.0,460.0,552.0,685.168,3934.1,2096.062768503479,Predicted CLV Eligible,2096.062768503479
12760.0,0.0,0.0,272.0,0.0,347.8,,Not Eligible - One-Time Customer,347.8
12761.0,1.0,7.0,281.0,25.0,782.95,25.847156257792815,Predicted CLV Eligible,25.847156257792815
12763.0,0.0,0.0,186.0,0.0,320.08,,Not Eligible - One-Time Customer,320.08
12764.0,0.0,0.0,133.0,0.0,1693.88,,Not Eligible - One-Time Customer,1693.88
12765.0,5.0,169.0,458.0,251.516,1404.58,647.5153828426961,Predicted CLV Eligible,647.5153828426961
12766.0,5.0,167.0,224.0,1014.142,5945.07,6699.139809419128,Predicted CLV Eligible,6699.139809419128
12767.0,0.0,0.0,192.0,0.0,949.82,,Not Eligible - One-Time Customer,949.82
12768.0,0.0,0.0,267.0,0.0,168.69000000000003,,Not Eligible - One-Time Customer,168.69000000000003
12769.0,0.0,0.0,55.0,0.0,1143.6,,Not Eligible - One-Time Customer,1143.6
12770.0,1.0,246.0,273.0,1351.45,3246.45,1975.3593219493457,Predicted CLV Eligible,1975.3593219493457
12771.0,0.0,0.0,302.0,0.0,282.3,,Not Eligible - One-Time Customer,282.3
12773.0,0.0,0.0,381.0,0.0,124.25,,Not Eligible - One-Time Customer,124.25
12774.0,0.0,0.0,352.0,0.0,98.7,,Not Eligible - One-Time Customer,98.7
12775.0,5.0,220.0,226.0,258.528,1464.76,1724.723975745742,Predicted CLV Eligible,1724.723975745742
12776.0,0.0,0.0,484.0,0.0,55.5,,Not Eligible - One-Time Customer,55.5
12777.0,0.0,0.0,274.0,0.0,519.45,,Not Eligible - One-Time Customer,519.45
12778.0,5.0,343.0,419.0,196.582,1361.51,775.703485542473,Predicted CLV Eligible,775.703485542473
12779.0,12.0,547.0,553.0,426.695,5492.16,2968.986768322385,Predicted CLV Eligible,2968.986768322385
12780.0,0.0,0.0,415.0,0.0,337.4,,Not Eligible - One-Time Customer,337.4
12781.0,0.0,0.0,101.0,0.0,549.26,,Not Eligible - One-Time Customer,549.26
12782.0,8.0,266.0,336.0,445.27125,3850.27,3244.737559317979,Predicted CLV Eligible,3244.737559317979
12784.0,0.0,0.0,346.0,0.0,1230.33,,Not Eligible - One-Time Customer,1230.33
12785.0,2.0,367.0,548.0,366.75,1100.4,512.447863805455,Predicted CLV Eligible,512.447863805455
12786.0,0.0,0.0,426.0,0.0,728.5,,Not Eligible - One-Time Customer,728.5
12787.0,1.0,221.0,230.0,158.1,556.62,285.0313333379798,Predicted CLV Eligible,285.0313333379798
12788.0,3.0,65.0,345.0,94.60000000000001,444.9,184.5174121129256,Predicted CLV Eligible,184.5174121129256
12789.0,1.0,181.0,510.0,92.25,181.5,72.21694846766522,Predicted CLV Eligible,72.21694846766522
12790.0,1.0,218.0,227.0,324.92,591.85,571.0061811721553,Predicted CLV Eligible,571.0061811721553
12791.0,4.0,251.0,441.0,179.2075,863.51,535.7418965553379,Predicted CLV Eligible,535.7418965553379
12792.0,1.0,278.0,351.0,400.53999999999996,827.01,475.05092175318157,Predicted CLV Eligible,475.05092175318157
12793.0,2.0,67.0,218.0,272.74,885.53,783.4830765505981,Predicted CLV Eligible,783.4830765505981
12796.0,0.0,0.0,445.0,0.0,381.0,,Not Eligible - One-Time Customer,381.0
12797.0,1.0,59.0,241.0,254.03,552.08,339.2899409837435,Predicted CLV Eligible,339.2899409837435
12798.0,0.0,0.0,238.0,0.0,1533.8899999999999,,Not Eligible - One-Time Customer,1533.8899999999999
12799.0,0.0,0.0,346.0,0.0,219.35,,Not Eligible - One-Time Customer,219.35
12800.0,1.0,206.0,493.0,180.92,584.25,144.6196290494379,Predicted CLV Eligible,144.6196290494379
12801.0,0.0,0.0,317.0,0.0,1071.82,,Not Eligible - One-Time Customer,1071.82
12802.0,6.0,377.0,380.0,273.695,2416.42,1392.5116357555323,Predicted CLV Eligible,1392.5116357555323
12803.0,0.0,0.0,210.0,0.0,1092.81,,Not Eligible - One-Time Customer,1092.81
12804.0,1.0,35.0,317.0,147.09,325.37,124.86264734406352,Predicted CLV Eligible,124.86264734406352
12805.0,3.0,293.0,491.0,389.48333333333335,1434.95,828.5542869386845,Predicted CLV Eligible,828.5542869386845
12806.0,3.0,153.0,405.0,508.15333333333336,2878.96,1170.7881724965982,Predicted CLV Eligible,1170.7881724965982
12807.0,0.0,0.0,200.0,0.0,330.35,,Not Eligible - One-Time Customer,330.35
12808.0,3.0,278.0,279.0,128.25,574.4000000000001,468.7774730286685,Predicted CLV Eligible,468.7774730286685
12809.0,1.0,82.0,464.0,632.95,1266.63,386.3139953933096,Predicted CLV Eligible,386.3139953933096
12810.0,1.0,142.0,493.0,375.33,534.99,260.0493257996487,Predicted CLV Eligible,260.0493257996487
12811.0,4.0,167.0,244.0,187.7375,1033.9,955.2161783395245,Predicted CLV Eligible,955.2161783395245
12813.0,2.0,192.0,510.0,721.8,1687.8000000000002,986.2233826620804,Predicted CLV Eligible,986.2233826620804
12815.0,0.0,0.0,15.0,0.0,615.36,,Not Eligible - One-Time Customer,615.36
12817.0,2.0,153.0,251.0,247.69,690.98,683.5857233689853,Predicted CLV Eligible,683.5857233689853
12818.0,0.0,0.0,78.0,0.0,1542.08,,Not Eligible - One-Time Customer,1542.08
12819.0,0.0,0.0,275.0,0.0,540.52,,Not Eligible - One-Time Customer,540.52
12820.0,7.0,408.0,551.0,252.76285714285717,1917.64,1045.053783794673,Predicted CLV Eligible,1045.053783794673
12821.0,1.0,397.0,428.0,92.72,220.79999999999998,103.24106336464712,Predicted CLV Eligible,103.24106336464712
12823.0,12.0,425.0,496.0,443.3333333333333,5736.5,3378.542801369372,Predicted CLV Eligible,3378.542801369372
12825.0,1.0,120.0,458.0,303.8,518.63,220.7793895027085,Predicted CLV Eligible,220.7793895027085
12826.0,7.0,405.0,538.0,223.5614285714286,2023.13,947.570111259227,Predicted CLV Eligible,947.570111259227
12829.0,2.0,214.0,367.0,146.5,385.3,296.1930695512651,Predicted CLV Eligible,296.1930695512651
12831.0,1.0,201.0,280.0,215.05,451.11,312.55372114117444,Predicted CLV Eligible,312.55372114117444
12834.0,0.0,0.0,99.0,0.0,312.38,,Not Eligible - One-Time Customer,312.38
12835.0,36.0,309.0,553.0,158.65944444444443,5996.83,0.04325450506274615,Predicted CLV Eligible,0.04325450506274615
12836.0,11.0,519.0,555.0,472.9818181818182,5610.77,3013.601249071555,Predicted CLV Eligible,3013.601249071555
12837.0,0.0,0.0,386.0,0.0,528.5600000000001,,Not Eligible - One-Time Customer,528.5600000000001
12838.0,8.0,219.0,409.0,308.3375,2694.75,1566.120628727788,Predicted CLV Eligible,1566.120628727788
12839.0,15.0,534.0,549.0,341.83933333333334,5473.59,2966.406572641779,Predicted CLV Eligible,2966.406572641779
12840.0,4.0,460.0,491.0,685.7925,2893.17,1919.7001402246663,Predicted CLV Eligible,1919.7001402246663
12841.0,26.0,297.0,336.0,175.43269230769232,4906.35,3974.356456396855,Predicted CLV Eligible,3974.356456396855
12842.0,2.0,429.0,554.0,356.265,1109.73,498.03979059342987,Predicted CLV Eligible,498.03979059342987
12843.0,23.0,540.0,543.0,255.6878260869565,5952.610000000001,3396.1728170127262,Predicted CLV Eligible,3396.1728170127262
12844.0,1.0,151.0,410.0,199.60999999999999,322.64,182.1453649691242,Predicted CLV Eligible,182.1453649691242
12845.0,3.0,23.0,107.0,96.33333333333333,354.09,663.6255335550687,Predicted CLV Eligible,663.6255335550687
12846.0,0.0,0.0,499.0,0.0,15.58,,Not Eligible - One-Time Customer,15.58
12847.0,0.0,0.0,204.0,0.0,765.36,,Not Eligible - One-Time Customer,765.36
12848.0,0.0,0.0,492.0,0.0,208.0,,Not Eligible - One-Time Customer,208.0
12849.0,4.0,323.0,408.0,559.0574999999999,2701.0299999999997,1834.1278927587662,Predicted CLV Eligible,1834.1278927587662
12850.0,0.0,0.0,262.0,0.0,330.0,,Not Eligible - One-Time Customer,330.0
12851.0,0.0,0.0,294.0,0.0,148.95,,Not Eligible - One-Time Customer,148.95
12852.0,0.0,0.0,111.0,0.0,311.55,,Not Eligible - One-Time Customer,311.55
12853.0,5.0,433.0,489.0,484.48,2835.4,1660.3135700236755,Predicted CLV Eligible,1660.3135700236755
12854.0,5.0,487.0,545.0,388.53000000000003,2465.09,1209.2814700367264,Predicted CLV Eligible,1209.2814700367264
12855.0,2.0,30.0,219.0,114.76,612.84,290.4260479803976,Predicted CLV Eligible,290.4260479803976
12857.0,5.0,473.0,500.0,696.6800000000001,3688.0,2341.9189481866324,Predicted CLV Eligible,2341.9189481866324
12858.0,0.0,0.0,200.0,0.0,147.27,,Not Eligible - One-Time Customer,147.27
12859.0,0.0,0.0,275.0,0.0,575.1,,Not Eligible - One-Time Customer,575.1
12860.0,0.0,0.0,510.0,0.0,54.22,,Not Eligible - One-Time Customer,54.22
12861.0,0.0,0.0,436.0,0.0,68.25,,Not Eligible - One-Time Customer,68.25
12862.0,1.0,70.0,312.0,493.89,984.62,492.85424242909664,Predicted CLV Eligible,492.85424242909664
12863.0,4.0,210.0,406.0,409.75,2271.35,1282.2661032557,Predicted CLV Eligible,1282.2661032557
12864.0,0.0,0.0,325.0,0.0,152.45,,Not Eligible - One-Time Customer,152.45
12865.0,1.0,98.0,293.0,712.09,1755.2400000000002,829.7282826968242,Predicted CLV Eligible,829.7282826968242
12866.0,2.0,219.0,319.0,442.26,1227.35,995.896216994206,Predicted CLV Eligible,995.896216994206
12867.0,9.0,509.0,540.0,584.7577777777777,5549.3099999999995,3157.814360537173,Predicted CLV Eligible,3157.814360537173
12868.0,7.0,207.0,209.0,248.95857142857145,2043.7600000000002,2403.3984502581234,Predicted CLV Eligible,2403.3984502581234
12869.0,0.0,0.0,498.0,0.0,337.66999999999996,,Not Eligible - One-Time Customer,337.66999999999996
12870.0,2.0,249.0,441.0,733.825,1676.95,1218.4621425244084,Predicted CLV Eligible,1218.4621425244084
12871.0,1.0,232.0,256.0,132.0,495.38,219.73631775234364,Predicted CLV Eligible,219.73631775234364
12872.0,11.0,410.0,553.0,261.5218181818182,3283.96,1617.6016934178042,Predicted CLV Eligible,1617.6016934178042
12873.0,2.0,399.0,498.0,767.45,2027.3000000000002,1173.319599235344,Predicted CLV Eligible,1173.319599235344
12874.0,1.0,169.0,371.0,459.15999999999997,948.42,468.40158562152095,Predicted CLV Eligible,468.40158562152095
12875.0,3.0,335.0,514.0,334.08,1307.52,689.238601692356,Predicted CLV Eligible,689.238601692356
12876.0,2.0,394.0,407.0,852.3299999999999,2590.2,1570.7766289586993,Predicted CLV Eligible,1570.7766289586993
12877.0,14.0,490.0,507.0,127.78,2088.4100000000003,1119.3853709391244,Predicted CLV Eligible,1119.3853709391244
12878.0,1.0,30.0,83.0,539.81,854.99,1755.4516749842812,Predicted CLV Eligible,1755.4516749842812
12880.0,1.0,193.0,391.0,302.95,640.13,303.8404827022785,Predicted CLV Eligible,303.8404827022785
12881.0,0.0,0.0,92.0,0.0,298.0,,Not Eligible - One-Time Customer,298.0
12886.0,0.0,0.0,36.0,0.0,775.0,,Not Eligible - One-Time Customer,775.0
12887.0,0.0,0.0,200.0,0.0,222.4,,Not Eligible - One-Time Customer,222.4
12888.0,1.0,41.0,72.0,81.36,354.12,336.13216391083495,Predicted CLV Eligible,336.13216391083495
12889.0,3.0,121.0,319.0,95.35000000000001,385.46000000000004,283.39108587266014,Predicted CLV Eligible,283.39108587266014
12890.0,0.0,0.0,204.0,0.0,329.3,,Not Eligible - One-Time Customer,329.3
12891.0,10.0,474.0,476.0,81.95,840.5,555.1667869489798,Predicted CLV Eligible,555.1667869489798
12892.0,0.0,0.0,213.0,0.0,263.38,,Not Eligible - One-Time Customer,263.38
12894.0,0.0,0.0,392.0,0.0,157.35,,Not Eligible - One-Time Customer,157.35
12897.0,3.0,339.0,360.0,136.70000000000002,514.25,401.0481180688254,Predicted CLV Eligible,401.0481180688254
12898.0,1.0,196.0,476.0,152.64000000000001,296.21000000000004,126.99452482523736,Predicted CLV Eligible,126.99452482523736
12899.0,0.0,0.0,230.0,0.0,366.4,,Not Eligible - One-Time Customer,366.4
12900.0,0.0,0.0,239.0,0.0,340.33,,Not Eligible - One-Time Customer,340.33
12901.0,8.0,86.0,87.0,964.0,8061.8,19486.724013038976,Predicted CLV Eligible,19486.724013038976
12902.0,0.0,0.0,81.0,0.0,138.68,,Not Eligible - One-Time Customer,138.68
12903.0,0.0,0.0,245.0,0.0,833.53,,Not Eligible - One-Time Customer,833.53
12905.0,1.0,106.0,499.0,424.76,1018.42,259.84828895680994,Predicted CLV Eligible,259.84828895680994
12907.0,1.0,99.0,311.0,180.48,508.90999999999997,206.10361191753827,Predicted CLV Eligible,206.10361191753827
12908.0,3.0,318.0,447.0,342.0,1344.0,805.2961025895122,Predicted CLV Eligible,805.2961025895122
12909.0,4.0,452.0,470.0,542.1949999999999,2452.89,1581.2280036427462,Predicted CLV Eligible,1581.2280036427462
12910.0,5.0,424.0,438.0,569.204,3863.98,2156.374038621117,Predicted CLV Eligible,2156.374038621117
12911.0,0.0,0.0,368.0,0.0,1651.72,,Not Eligible - One-Time Customer,1651.72
12913.0,10.0,456.0,555.0,412.804,4666.0,2382.3196928840257,Predicted CLV Eligible,2382.3196928840257
12914.0,0.0,0.0,217.0,0.0,223.98,,Not Eligible - One-Time Customer,223.98
12915.0,2.0,217.0,406.0,302.4,811.1,543.4544425373114,Predicted CLV Eligible,543.4544425373114
12916.0,5.0,483.0,501.0,681.406,3786.3599999999997,2287.783990273195,Predicted CLV Eligible,2287.783990273195
12917.0,3.0,330.0,547.0,737.4333333333334,3765.2,1417.2260775667198,Predicted CLV Eligible,1417.2260775667198
12918.0,0.0,0.0,443.0,0.0,10953.5,,Not Eligible - One-Time Customer,10953.5
12920.0,1.0,154.0,542.0,184.96,323.86,119.86546893446487,Predicted CLV Eligible,119.86546893446487
12921.0,36.0,554.0,555.0,679.3463888888889,24717.47,13713.687967516458,Predicted CLV Eligible,13713.687967516458
12923.0,1.0,185.0,392.0,171.4,597.6,174.69441540524969,Predicted CLV Eligible,174.69441540524969
12924.0,9.0,532.0,547.0,220.1577777777778,2190.9700000000003,1180.4323665775064,Predicted CLV Eligible,1180.4323665775064
12925.0,0.0,0.0,409.0,0.0,35.28,,Not Eligible - One-Time Customer,35.28
12926.0,3.0,314.0,542.0,384.40000000000003,1523.97,744.855055261435,Predicted CLV Eligible,744.855055261435
12927.0,0.0,0.0,211.0,0.0,197.31,,Not Eligible - One-Time Customer,197.31
12928.0,7.0,308.0,366.0,362.49142857142857,3022.23,2179.4993674357643,Predicted CLV Eligible,2179.4993674357643
12929.0,0.0,0.0,128.0,0.0,117.85,,Not Eligible - One-Time Customer,117.85
12931.0,35.0,535.0,555.0,1515.7737142857143,54212.08,29718.5903539899,Predicted CLV Eligible,29718.5903539899
12932.0,6.0,128.0,484.0,212.3066666666667,1698.56,169.57815220962556,Predicted CLV Eligible,169.57815220962556
12933.0,4.0,446.0,546.0,246.01500000000001,1139.85,627.112023784141,Predicted CLV Eligible,627.112023784141
12934.0,0.0,0.0,553.0,0.0,181.65,,Not Eligible - One-Time Customer,181.65
12935.0,8.0,404.0,424.0,308.84125,2949.39,1858.7163308767667,Predicted CLV Eligible,1858.7163308767667
12937.0,6.0,539.0,553.0,308.585,2021.57,1122.7829696183062,Predicted CLV Eligible,1122.7829696183062
12939.0,12.0,423.0,513.0,1701.36,20911.32,12496.946330983033,Predicted CLV Eligible,12496.946330983033
12941.0,0.0,0.0,541.0,0.0,377.49,,Not Eligible - One-Time Customer,377.49
12942.0,1.0,168.0,182.0,137.77,396.52,300.2953165698155,Predicted CLV Eligible,300.2953165698155
12943.0,1.0,47.0,422.0,180.64999999999998,496.5,108.18243984001965,Predicted CLV Eligible,108.18243984001965
12944.0,0.0,0.0,171.0,0.0,286.95,,Not Eligible - One-Time Customer,286.95
12945.0,1.0,368.0,473.0,462.95,900.11,419.504685847152,Predicted CLV Eligible,419.504685847152
12946.0,0.0,0.0,253.0,0.0,324.45,,Not Eligible - One-Time Customer,324.45
12947.0,2.0,139.0,190.0,365.615,1035.27,1265.5459357320813,Predicted CLV Eligible,1265.5459357320813
12948.0,4.0,523.0,554.0,252.565,1138.74,638.7735575725034,Predicted CLV Eligible,638.7735575725034
12949.0,12.0,530.0,553.0,984.6233333333333,13610.18,6836.907201597477,Predicted CLV Eligible,6836.907201597477
12951.0,12.0,494.0,515.0,217.18583333333333,2774.53,1614.0901145977864,Predicted CLV Eligible,1614.0901145977864
12953.0,0.0,0.0,339.0,0.0,498.96000000000004,,Not Eligible - One-Time Customer,498.96000000000004
12954.0,0.0,0.0,455.0,0.0,162.45,,Not Eligible - One-Time Customer,162.45
12955.0,2.0,64.0,84.0,111.8,697.42,708.7956431322708,Predicted CLV Eligible,708.7956431322708
12956.0,3.0,418.0,541.0,156.29666666666665,521.89,315.79004661212497,Predicted CLV Eligible,315.79004661212497
12957.0,7.0,542.0,545.0,756.6814285714287,6404.72,3205.722562655984,Predicted CLV Eligible,3205.722562655984
12958.0,1.0,183.0,400.0,300.45,467.34,290.39189412529134,Predicted CLV Eligible,290.39189412529134
12959.0,0.0,0.0,301.0,0.0,150.95,,Not Eligible - One-Time Customer,150.95
12960.0,3.0,248.0,478.0,302.8,1322.0700000000002,649.0813333165939,Predicted CLV Eligible,649.0813333165939
12961.0,0.0,0.0,196.0,0.0,211.99,,Not Eligible - One-Time Customer,211.99
12963.0,4.0,154.0,336.0,257.22,1744.96,928.5891478191586,Predicted CLV Eligible,928.5891478191586
12964.0,0.0,0.0,254.0,0.0,132.24,,Not Eligible - One-Time Customer,132.24
12967.0,2.0,25.0,200.0,830.45,2938.5200000000004,2176.6144518816277,Predicted CLV Eligible,2176.6144518816277
12969.0,0.0,0.0,419.0,0.0,122.45,,Not Eligible - One-Time Customer,122.45
12970.0,3.0,413.0,552.0,277.98,1071.93,544.5488118203853,Predicted CLV Eligible,544.5488118203853
12971.0,61.0,534.0,541.0,152.66524590163934,9374.03,5315.133236415738,Predicted CLV Eligible,5315.133236415738
12972.0,3.0,248.0,478.0,230.56333333333336,1161.2,496.2048685040701,Predicted CLV Eligible,496.2048685040701
12973.0,0.0,0.0,230.0,0.0,385.55,,Not Eligible - One-Time Customer,385.55
12974.0,1.0,368.0,382.0,144.8,408.95,171.69708424818614,Predicted CLV Eligible,171.69708424818614
12975.0,4.0,297.0,550.0,414.615,2100.09,992.8761189119033,Predicted CLV Eligible,992.8761189119033
12976.0,6.0,454.0,482.0,463.1266666666667,3156.38,1901.6962573475048,Predicted CLV Eligible,1901.6962573475048
12977.0,1.0,10.0,328.0,249.69,474.64,150.31936070699325,Predicted CLV Eligible,150.31936070699325
12978.0,4.0,344.0,546.0,389.31,2502.82,965.8792831810573,Predicted CLV Eligible,965.8792831810573
12979.0,0.0,0.0,546.0,0.0,517.7,,Not Eligible - One-Time Customer,517.7
12980.0,18.0,550.0,554.0,754.2033333333334,14329.86,7737.771795420407,Predicted CLV Eligible,7737.771795420407
12982.0,7.0,364.0,423.0,291.8342857142857,2744.81,1549.1882542306446,Predicted CLV Eligible,1549.1882542306446
12983.0,0.0,0.0,415.0,0.0,490.08000000000004,,Not Eligible - One-Time Customer,490.08000000000004
12986.0,6.0,259.0,504.0,404.3283333333334,2729.84,1392.7368231256582,Predicted CLV Eligible,1392.7368231256582
12987.0,3.0,491.0,505.0,258.49333333333334,1057.81,555.6161913153812,Predicted CLV Eligible,555.6161913153812
12988.0,0.0,0.0,109.0,0.0,505.82,,Not Eligible - One-Time Customer,505.82
12989.0,20.0,529.0,546.0,477.12399999999997,9955.58,5494.10256890494,Predicted CLV Eligible,5494.10256890494
12990.0,5.0,434.0,436.0,138.57999999999998,809.9,534.1799176218827,Predicted CLV Eligible,534.1799176218827
12991.0,0.0,0.0,206.0,0.0,261.06,,Not Eligible - One-Time Customer,261.06
12992.0,0.0,0.0,542.0,0.0,93.35000000000001,,Not Eligible - One-Time Customer,93.35000000000001
12993.0,4.0,452.0,476.0,212.655,1020.17,618.0731165607771,Predicted CLV Eligible,618.0731165607771
12994.0,0.0,0.0,85.0,0.0,352.6,,Not Eligible - One-Time Customer,352.6
12996.0,0.0,0.0,192.0,0.0,355.5,,Not Eligible - One-Time Customer,355.5
12997.0,5.0,376.0,429.0,297.908,1492.49,1150.2572946351272,Predicted CLV Eligible,1150.2572946351272
12998.0,2.0,161.0,470.0,309.94000000000005,920.08,452.1689165621555,Predicted CLV Eligible,452.1689165621555
12999.0,2.0,49.0,62.0,67.8,455.88,528.1262168850254,Predicted CLV Eligible,528.1262168850254
13000.0,2.0,466.0,542.0,229.265,956.1800000000001,331.67496696153535,Predicted CLV Eligible,331.67496696153535
13001.0,29.0,552.0,553.0,731.0086206896551,22069.18,11968.997220234613,Predicted CLV Eligible,11968.997220234613
13002.0,2.0,116.0,251.0,116.875,414.13,322.8360593459507,Predicted CLV Eligible,322.8360593459507
13003.0,0.0,0.0,31.0,0.0,59.050000000000004,,Not Eligible - One-Time Customer,59.050000000000004
13004.0,24.0,510.0,541.0,339.0175,8442.96,4698.13603975853,Predicted CLV Eligible,4698.13603975853
13005.0,2.0,211.0,274.0,288.95,807.63,749.7445300728691,Predicted CLV Eligible,749.7445300728691
13007.0,0.0,0.0,396.0,0.0,175.25,,Not Eligible - One-Time Customer,175.25
13008.0,2.0,400.0,540.0,211.40999999999997,612.13,305.00383851506786,Predicted CLV Eligible,305.00383851506786
13009.0,0.0,0.0,489.0,0.0,234.0,,Not Eligible - One-Time Customer,234.0
13010.0,1.0,274.0,465.0,153.0,330.12,141.04176167115327,Predicted CLV Eligible,141.04176167115327
13011.0,0.0,0.0,189.0,0.0,50.550000000000004,,Not Eligible - One-Time Customer,50.550000000000004
13012.0,5.0,379.0,409.0,327.298,2018.38,1319.6840452975403,Predicted CLV Eligible,1319.6840452975403
13013.0,17.0,513.0,542.0,464.83941176470586,8658.78,4598.560664748233,Predicted CLV Eligible,4598.560664748233
13014.0,3.0,212.0,249.0,442.6766666666667,3242.83,1731.9440840997056,Predicted CLV Eligible,1731.9440840997056
13015.0,7.0,406.0,420.0,609.6485714285715,5003.18,3260.579934507423,Predicted CLV Eligible,3260.579934507423
13018.0,12.0,452.0,465.0,445.06,6159.42,3618.031004185679,Predicted CLV Eligible,3618.031004185679
13019.0,5.0,354.0,550.0,194.99,1229.95,587.9626931224122,Predicted CLV Eligible,587.9626931224122
13020.0,1.0,97.0,476.0,170.95000000000002,618.96,112.42164478480645,Predicted CLV Eligible,112.42164478480645
13021.0,10.0,519.0,551.0,280.21500000000003,3035.86,1644.8795079103759,Predicted CLV Eligible,1644.8795079103759
13022.0,0.0,0.0,246.0,0.0,65.3,,Not Eligible - One-Time Customer,65.3
13023.0,0.0,0.0,345.0,0.0,759.13,,Not Eligible - One-Time Customer,759.13
13024.0,1.0,112.0,399.0,308.04,555.87,261.7079026750902,Predicted CLV Eligible,261.7079026750902
13025.0,0.0,0.0,548.0,0.0,323.39,,Not Eligible - One-Time Customer,323.39
13026.0,5.0,506.0,543.0,133.092,1001.44,420.9944917084606,Predicted CLV Eligible,420.9944917084606
13027.0,15.0,455.0,505.0,912.48,14167.2,8497.06595768753,Predicted CLV Eligible,8497.06595768753
13029.0,2.0,170.0,340.0,357.29999999999995,1062.3,742.9977291260998,Predicted CLV Eligible,742.9977291260998
13030.0,0.0,0.0,185.0,0.0,402.36,,Not Eligible - One-Time Customer,402.36
13031.0,4.0,147.0,371.0,586.03,3292.84,1812.8673394327952,Predicted CLV Eligible,1812.8673394327952
13032.0,3.0,68.0,277.0,426.65000000000003,1805.78,1209.6149990579163,Predicted CLV Eligible,1209.6149990579163
13033.0,1.0,72.0,246.0,190.55,220.55,263.6446355767587,Predicted CLV Eligible,263.6446355767587
13034.0,1.0,32.0,218.0,165.86,279.91,224.25356158158698,Predicted CLV Eligible,224.25356158158698
13035.0,1.0,171.0,248.0,333.0,775.3199999999999,522.7032488965999,Predicted CLV Eligible,522.7032488965999
13036.0,0.0,0.0,501.0,0.0,307.1,,Not Eligible - One-Time Customer,307.1
13037.0,9.0,517.0,553.0,366.4455555555556,3611.2,1938.689025653764,Predicted CLV Eligible,1938.689025653764
13038.0,0.0,0.0,107.0,0.0,395.1,,Not Eligible - One-Time Customer,395.1
13039.0,3.0,138.0,539.0,282.6433333333334,1010.73,399.89269230180054,Predicted CLV Eligible,399.89269230180054
13041.0,3.0,139.0,406.0,180.99,799.13,407.4975575552925,Predicted CLV Eligible,407.4975575552925
13042.0,2.0,134.0,549.0,411.72,1488.59,461.3244253281611,Predicted CLV Eligible,461.3244253281611
13043.0,0.0,0.0,90.0,0.0,516.42,,Not Eligible - One-Time Customer,516.42
13044.0,10.0,409.0,517.0,467.07,4848.05,2858.808663067981,Predicted CLV Eligible,2858.808663067981
13045.0,1.0,85.0,303.0,178.2,503.64,202.0963270999371,Predicted CLV Eligible,202.0963270999371
13046.0,1.0,190.0,273.0,197.72,517.66,293.5685677781552,Predicted CLV Eligible,293.5685677781552
13047.0,14.0,504.0,540.0,468.3121428571429,6862.67,3852.3036291244025,Predicted CLV Eligible,3852.3036291244025
13048.0,6.0,443.0,498.0,459.75666666666666,3153.1400000000003,1829.8644852169325,Predicted CLV Eligible,1829.8644852169325
13049.0,2.0,83.0,218.0,328.89,905.34,968.9359696621515,Predicted CLV Eligible,968.9359696621515
13050.0,27.0,539.0,541.0,343.73629629629625,9608.79,5355.987533805014,Predicted CLV Eligible,5355.987533805014
13051.0,1.0,41.0,436.0,80.8,155.8,47.1054960431328,Predicted CLV Eligible,47.1054960431328
13052.0,5.0,442.0,471.0,511.672,3119.33,1816.4126325451407,Predicted CLV Eligible,1816.4126325451407
13053.0,0.0,0.0,438.0,0.0,127.65,,Not Eligible - One-Time Customer,127.65
13055.0,1.0,216.0,246.0,344.86,1451.56,561.2828258738463,Predicted CLV Eligible,561.2828258738463
13056.0,0.0,0.0,368.0,0.0,209.48,,Not Eligible - One-Time Customer,209.48
13057.0,2.0,101.0,448.0,178.04999999999998,709.59,242.4234091348232,Predicted CLV Eligible,242.4234091348232
13059.0,8.0,369.0,435.0,209.635,2291.77,1230.023844525789,Predicted CLV Eligible,1230.023844525789
13060.0,0.0,0.0,70.0,0.0,307.53,,Not Eligible - One-Time Customer,307.53
13062.0,0.0,0.0,8.0,0.0,346.98,,Not Eligible - One-Time Customer,346.98
13063.0,0.0,0.0,297.0,0.0,188.4,,Not Eligible - One-Time Customer,188.4
13064.0,2.0,264.0,408.0,262.45000000000005,764.55,479.45044661713797,Predicted CLV Eligible,479.45044661713797
13065.0,4.0,174.0,364.0,216.87,1055.0500000000002,738.6581739946226,Predicted CLV Eligible,738.6581739946226
13067.0,1.0,37.0,263.0,141.65,393.04999999999995,157.79432732397427,Predicted CLV Eligible,157.79432732397427
13068.0,0.0,0.0,136.0,0.0,165.0,,Not Eligible - One-Time Customer,165.0
13069.0,23.0,354.0,360.0,294.39956521739134,7531.77,5628.218662728973,Predicted CLV Eligible,5628.218662728973
13070.0,3.0,540.0,549.0,199.16666666666666,751.7,398.87696519582585,Predicted CLV Eligible,398.87696519582585
13071.0,0.0,0.0,429.0,0.0,129.22,,Not Eligible - One-Time Customer,129.22
13072.0,0.0,0.0,83.0,0.0,177.15,,Not Eligible - One-Time Customer,177.15
13073.0,1.0,26.0,254.0,115.2,418.08,126.43047578264407,Predicted CLV Eligible,126.43047578264407
13074.0,3.0,212.0,540.0,355.1466666666667,1378.74,633.2678428791036,Predicted CLV Eligible,633.2678428791036
13076.0,0.0,0.0,274.0,0.0,135.4,,Not Eligible - One-Time Customer,135.4
13077.0,8.0,438.0,545.0,296.2975,2588.82,1410.8239294530308,Predicted CLV Eligible,1410.8239294530308
13078.0,39.0,538.0,555.0,518.6397435897436,20857.28,11319.900914226788,Predicted CLV Eligible,11319.900914226788
13079.0,0.0,0.0,234.0,0.0,199.08,,Not Eligible - One-Time Customer,199.08
13080.0,2.0,208.0,426.0,76.175,222.65,137.03628456586384,Predicted CLV Eligible,137.03628456586384
13081.0,20.0,514.0,548.0,2033.946,42964.5,23289.11034273968,Predicted CLV Eligible,23289.11034273968
13082.0,12.0,482.0,534.0,457.51,5682.3,3274.6279231565827,Predicted CLV Eligible,3274.6279231565827
13083.0,0.0,0.0,242.0,0.0,91.67999999999999,,Not Eligible - One-Time Customer,91.67999999999999
13084.0,0.0,0.0,308.0,0.0,122.39999999999999,,Not Eligible - One-Time Customer,122.39999999999999
13085.0,3.0,443.0,555.0,548.0666666666667,2295.3,1065.0017166715004,Predicted CLV Eligible,1065.0017166715004
13086.0,0.0,0.0,199.0,0.0,439.33000000000004,,Not Eligible - One-Time Customer,439.33000000000004
13087.0,0.0,0.0,543.0,0.0,313.64,,Not Eligible - One-Time Customer,313.64
13088.0,0.0,0.0,234.0,0.0,236.11,,Not Eligible - One-Time Customer,236.11
13089.0,101.0,552.0,554.0,829.2465346534652,84122.0,46582.944536722265,Predicted CLV Eligible,46582.944536722265
13090.0,14.0,256.0,311.0,494.74285714285713,7292.5199999999995,6536.061512690775,Predicted CLV Eligible,6536.061512690775
13091.0,0.0,0.0,546.0,0.0,1976.0,,Not Eligible - One-Time Customer,1976.0
13092.0,10.0,456.0,484.0,165.415,2102.2,1094.6322922968436,Predicted CLV Eligible,1094.6322922968436
13093.0,42.0,460.0,552.0,1265.4947619047618,54144.25,20193.138027704426,Predicted CLV Eligible,20193.138027704426
13094.0,8.0,198.0,206.0,136.63500000000002,1375.2,1516.6567505418573,Predicted CLV Eligible,1516.6567505418573
13096.0,0.0,0.0,211.0,0.0,419.70000000000005,,Not Eligible - One-Time Customer,419.70000000000005
13097.0,18.0,505.0,555.0,543.2394444444444,10323.04,5544.420698345797,Predicted CLV Eligible,5544.420698345797
13098.0,8.0,132.0,134.0,885.77125,7734.97,13455.893417995401,Predicted CLV Eligible,13455.893417995401
13101.0,3.0,447.0,498.0,175.61666666666667,695.4,383.9499920037652,Predicted CLV Eligible,383.9499920037652
13102.0,24.0,384.0,399.0,335.56374999999997,8725.17,6108.626262560753,Predicted CLV Eligible,6108.626262560753
13103.0,1.0,140.0,394.0,342.36,465.70000000000005,313.69501666300266,Predicted CLV Eligible,313.69501666300266
13104.0,4.0,386.0,470.0,181.92,824.34,533.1072052651384,Predicted CLV Eligible,533.1072052651384
13105.0,0.0,0.0,253.0,0.0,72.0,,Not Eligible - One-Time Customer,72.0
13106.0,0.0,0.0,230.0,0.0,526.96,,Not Eligible - One-Time Customer,526.96
13107.0,5.0,340.0,490.0,736.398,4288.29,2471.505799995296,Predicted CLV Eligible,2471.505799995296
13108.0,1.0,63.0,252.0,350.06,748.46,445.1008272810164,Predicted CLV Eligible,445.1008272810164
13109.0,0.0,0.0,368.0,0.0,347.49,,Not Eligible - One-Time Customer,347.49
13110.0,7.0,481.0,555.0,262.64428571428573,2201.29,1093.9516284829024,Predicted CLV Eligible,1093.9516284829024
13111.0,0.0,0.0,535.0,0.0,321.88000000000005,,Not Eligible - One-Time Customer,321.88000000000005
13112.0,0.0,0.0,358.0,0.0,20.6,,Not Eligible - One-Time Customer,20.6
13113.0,27.0,429.0,438.0,530.6177777777777,14840.27,9983.689317986144,Predicted CLV Eligible,9983.689317986144
13114.0,0.0,0.0,547.0,0.0,234.38,,Not Eligible - One-Time Customer,234.38
13115.0,6.0,415.0,416.0,553.995,4078.4700000000003,2594.637566753309,Predicted CLV Eligible,2594.637566753309
13117.0,15.0,406.0,440.0,126.26,2022.12,1339.0152754725345,Predicted CLV Eligible,1339.0152754725345
13118.0,6.0,231.0,256.0,299.32166666666666,2017.3,2122.1257231850536,Predicted CLV Eligible,2122.1257231850536
13119.0,0.0,0.0,485.0,0.0,134.9,,Not Eligible - One-Time Customer,134.9
13120.0,0.0,0.0,55.0,0.0,30.599999999999998,,Not Eligible - One-Time Customer,30.599999999999998
13121.0,0.0,0.0,86.0,0.0,283.73,,Not Eligible - One-Time Customer,283.73
13122.0,0.0,0.0,57.0,0.0,903.67,,Not Eligible - One-Time Customer,903.67
13123.0,1.0,57.0,346.0,151.31,506.75,130.5913428988044,Predicted CLV Eligible,130.5913428988044
13124.0,2.0,133.0,202.0,1258.2350000000001,3401.8,4082.110833156535,Predicted CLV Eligible,4082.110833156535
13125.0,0.0,0.0,340.0,0.0,148.62,,Not Eligible - One-Time Customer,148.62
13126.0,8.0,394.0,464.0,285.9675,2752.59,1581.386036739733,Predicted CLV Eligible,1581.386036739733
13128.0,0.0,0.0,448.0,0.0,263.5,,Not Eligible - One-Time Customer,263.5
13129.0,1.0,77.0,346.0,124.5,233.25,119.54684379036831,Predicted CLV Eligible,119.54684379036831
13131.0,3.0,481.0,485.0,637.9866666666667,2565.37,1410.1466178230658,Predicted CLV Eligible,1410.1466178230658
13132.0,0.0,0.0,78.0,0.0,77.3,,Not Eligible - One-Time Customer,77.3
13133.0,2.0,186.0,276.0,54.900000000000006,200.45000000000002,152.4112438651619,Predicted CLV Eligible,152.4112438651619
13134.0,3.0,182.0,233.0,311.1666666666667,1207.35,1285.3262130577625,Predicted CLV Eligible,1285.3262130577625
13135.0,1.0,295.0,308.0,3096.0,3371.45,4098.457051255198,Predicted CLV Eligible,4098.457051255198
13136.0,5.0,519.0,548.0,738.464,4241.41,2284.81745477498,Predicted CLV Eligible,2284.81745477498
13137.0,9.0,250.0,319.0,444.4266666666667,4831.09,3773.008296961273,Predicted CLV Eligible,3773.008296961273
13138.0,2.0,156.0,213.0,193.425,698.47,620.6070477907256,Predicted CLV Eligible,620.6070477907256
13139.0,2.0,222.0,254.0,585.01,4308.0599999999995,1608.8664797405695,Predicted CLV Eligible,1608.8664797405695
13140.0,2.0,125.0,308.0,269.205,790.7099999999999,597.1732131608655,Predicted CLV Eligible,597.1732131608655
13141.0,13.0,516.0,547.0,485.91615384615386,6668.36,3680.776287109602,Predicted CLV Eligible,3680.776287109602
13143.0,0.0,0.0,401.0,0.0,405.1,,Not Eligible - One-Time Customer,405.1
13144.0,1.0,99.0,248.0,110.95,135.35,169.43602897543974,Predicted CLV Eligible,169.43602897543974
13145.0,3.0,227.0,416.0,234.33333333333334,805.0,575.8572032067942,Predicted CLV Eligible,575.8572032067942
13148.0,14.0,500.0,549.0,447.32428571428574,6593.9400000000005,3620.5960628912744,Predicted CLV Eligible,3620.5960628912744
13149.0,0.0,0.0,106.0,0.0,376.74,,Not Eligible - One-Time Customer,376.74
13150.0,1.0,146.0,447.0,273.45,449.96999999999997,219.065630542849,Predicted CLV Eligible,219.065630542849
13151.0,2.0,332.0,444.0,779.6850000000001,2465.21,1315.4855165593035,Predicted CLV Eligible,1315.4855165593035
13152.0,6.0,277.0,511.0,277.65166666666664,2146.38,978.5711141268803,Predicted CLV Eligible,978.5711141268803
13154.0,2.0,336.0,552.0,643.87,1624.8400000000001,880.3352644122361,Predicted CLV Eligible,880.3352644122361
13155.0,3.0,165.0,308.0,244.07333333333335,967.9200000000001,778.6435798212128,Predicted CLV Eligible,778.6435798212128
13156.0,2.0,291.0,493.0,396.31,1586.54,601.9901358709125,Predicted CLV Eligible,601.9901358709125
13157.0,5.0,400.0,458.0,850.176,4444.08,3081.2496597668637,Predicted CLV Eligible,3081.2496597668637
13158.0,1.0,70.0,205.0,256.40999999999997,563.53,423.5794366945488,Predicted CLV Eligible,423.5794366945488
13161.0,1.0,187.0,317.0,112.75,472.13,149.65246909024404,Predicted CLV Eligible,149.65246909024404
13162.0,14.0,551.0,552.0,585.6028571428571,8892.64,4729.69708566661,Predicted CLV Eligible,4729.69708566661
13163.0,0.0,0.0,427.0,0.0,17.65,,Not Eligible - One-Time Customer,17.65
13164.0,1.0,98.0,484.0,96.4,372.20000000000005,65.23501491177971,Predicted CLV Eligible,65.23501491177971
13165.0,1.0,62.0,230.0,354.64,784.3199999999999,498.72146395711377,Predicted CLV Eligible,498.72146395711377
13166.0,1.0,131.0,231.0,417.2,875.9300000000001,669.780631578281,Predicted CLV Eligible,669.780631578281
13167.0,0.0,0.0,207.0,0.0,333.82,,Not Eligible - One-Time Customer,333.82
13168.0,3.0,343.0,359.0,317.68666666666667,1494.2,919.884571194589,Predicted CLV Eligible,919.884571194589
13169.0,1.0,310.0,379.0,505.2,632.4,559.6550374460053,Predicted CLV Eligible,559.6550374460053
13171.0,0.0,0.0,116.0,0.0,140.35,,Not Eligible - One-Time Customer,140.35
13172.0,0.0,0.0,217.0,0.0,69.6,,Not Eligible - One-Time Customer,69.6
13173.0,8.0,362.0,546.0,238.67625,2212.11,1089.1622614914133,Predicted CLV Eligible,1089.1622614914133
13174.0,9.0,419.0,552.0,739.5788888888889,7286.6,3838.334728851336,Predicted CLV Eligible,3838.334728851336
13175.0,1.0,153.0,552.0,512.3,831.4499999999999,310.9358469682781,Predicted CLV Eligible,310.9358469682781
13177.0,0.0,0.0,247.0,0.0,229.75,,Not Eligible - One-Time Customer,229.75
13178.0,14.0,520.0,540.0,745.2950000000001,11052.92,6133.618496925683,Predicted CLV Eligible,6133.618496925683
13179.0,0.0,0.0,435.0,0.0,572.3100000000001,,Not Eligible - One-Time Customer,572.3100000000001
13180.0,0.0,0.0,424.0,0.0,86.10000000000001,,Not Eligible - One-Time Customer,86.10000000000001
13181.0,0.0,0.0,198.0,0.0,359.69,,Not Eligible - One-Time Customer,359.69
13183.0,8.0,427.0,452.0,514.005,4605.4800000000005,2916.7460531994584,Predicted CLV Eligible,2916.7460531994584
13184.0,4.0,106.0,107.0,176.8625,919.97,1686.7276702365511,Predicted CLV Eligible,1686.7276702365511
13185.0,0.0,0.0,84.0,0.0,71.4,,Not Eligible - One-Time Customer,71.4
13187.0,1.0,287.0,441.0,236.02,341.36,226.56540591528577,Predicted CLV Eligible,226.56540591528577
13190.0,2.0,188.0,549.0,211.78,570.66,269.03825316689523,Predicted CLV Eligible,269.03825316689523
13191.0,0.0,0.0,475.0,0.0,164.69,,Not Eligible - One-Time Customer,164.69
13192.0,3.0,481.0,503.0,462.0133333333333,2110.96,989.619067911977,Predicted CLV Eligible,989.619067911977
13194.0,0.0,0.0,238.0,0.0,412.08,,Not Eligible - One-Time Customer,412.08
13195.0,0.0,0.0,231.0,0.0,136.73,,Not Eligible - One-Time Customer,136.73
13196.0,3.0,355.0,434.0,527.74,1783.19,1280.7108855597241,Predicted CLV Eligible,1280.7108855597241
13197.0,0.0,0.0,426.0,0.0,373.01000000000005,,Not Eligible - One-Time Customer,373.01000000000005
13198.0,4.0,185.0,251.0,709.725,3660.74,3505.423790928091,Predicted CLV Eligible,3505.423790928091
13199.0,37.0,537.0,551.0,263.4867567567568,9887.25,5500.8239036068335,Predicted CLV Eligible,5500.8239036068335
13201.0,3.0,140.0,459.0,305.43666666666667,1233.06,573.2885115112823,Predicted CLV Eligible,573.2885115112823
13202.0,6.0,336.0,547.0,210.01666666666668,1580.3000000000002,734.2855501102802,Predicted CLV Eligible,734.2855501102802
13203.0,6.0,480.0,539.0,267.43333333333334,1944.5,994.1081437079935,Predicted CLV Eligible,994.1081437079935
13204.0,0.0,0.0,548.0,0.0,966.6600000000001,,Not Eligible - One-Time Customer,966.6600000000001
13205.0,0.0,0.0,260.0,0.0,2803.2,,Not Eligible - One-Time Customer,2803.2
13206.0,11.0,332.0,549.0,661.829090909091,8308.19,3277.3093900157464,Predicted CLV Eligible,3277.3093900157464
13207.0,1.0,161.0,429.0,71.4,285.6,69.02168128384561,Predicted CLV Eligible,69.02168128384561
13208.0,5.0,530.0,553.0,278.298,1452.6100000000001,858.7309627365735,Predicted CLV Eligible,858.7309627365735
13209.0,7.0,457.0,501.0,674.72,4980.34,3077.7255936197325,Predicted CLV Eligible,3077.7255936197325
13211.0,6.0,372.0,550.0,233.035,1634.05,829.2194123603063,Predicted CLV Eligible,829.2194123603063
13213.0,6.0,369.0,385.0,408.445,2746.2200000000003,2048.1355440833645,Predicted CLV Eligible,2048.1355440833645
13214.0,6.0,229.0,463.0,269.43333333333334,3264.23,981.3030030513384,Predicted CLV Eligible,981.3030030513384
13215.0,0.0,0.0,219.0,0.0,81.6,,Not Eligible - One-Time Customer,81.6
13216.0,0.0,0.0,84.0,0.0,333.74,,Not Eligible - One-Time Customer,333.74
13217.0,0.0,0.0,472.0,0.0,132.5,,Not Eligible - One-Time Customer,132.5
13219.0,0.0,0.0,435.0,0.0,76.23,,Not Eligible - One-Time Customer,76.23
13220.0,3.0,390.0,392.0,242.16333333333333,1243.29,652.7440990185769,Predicted CLV Eligible,652.7440990185769
13221.0,1.0,119.0,176.0,349.25,847.4100000000001,718.1935834454557,Predicted CLV Eligible,718.1935834454557
13222.0,0.0,0.0,394.0,0.0,88.5,,Not Eligible - One-Time Customer,88.5
13223.0,5.0,465.0,482.0,150.50400000000002,969.1200000000001,529.4746714973651,Predicted CLV Eligible,529.4746714973651
13225.0,11.0,526.0,539.0,1101.1645454545455,13538.11,7204.638691151386,Predicted CLV Eligible,7204.638691151386
13226.0,1.0,120.0,210.0,108.21000000000001,312.46000000000004,202.6983410211551,Predicted CLV Eligible,202.6983410211551
13227.0,0.0,0.0,18.0,0.0,257.7,,Not Eligible - One-Time Customer,257.7
13229.0,0.0,0.0,42.0,0.0,160.95,,Not Eligible - One-Time Customer,160.95
13230.0,24.0,430.0,448.0,202.34416666666667,5128.01,3328.033385309677,Predicted CLV Eligible,3328.033385309677
13232.0,2.0,47.0,60.0,278.735,674.9,2075.8913705083332,Predicted CLV Eligible,2075.8913705083332
13233.0,2.0,358.0,511.0,292.475,875.5799999999999,438.6021288831786,Predicted CLV Eligible,438.6021288831786
13234.0,1.0,60.0,549.0,118.10000000000001,346.5,52.71364856095756,Predicted CLV Eligible,52.71364856095756
13235.0,0.0,0.0,29.0,0.0,1031.07,,Not Eligible - One-Time Customer,1031.07
13237.0,0.0,0.0,204.0,0.0,643.0,,Not Eligible - One-Time Customer,643.0
13238.0,2.0,230.0,407.0,140.025,397.05,258.12838648607584,Predicted CLV Eligible,258.12838648607584
13239.0,4.0,241.0,319.0,328.74,1594.69,1336.4353816718146,Predicted CLV Eligible,1336.4353816718146
13240.0,4.0,395.0,469.0,274.8125,1254.55,803.4782740127484,Predicted CLV Eligible,803.4782740127484
13241.0,0.0,0.0,228.0,0.0,112.53,,Not Eligible - One-Time Customer,112.53
13242.0,4.0,455.0,485.0,104.0,533.0,301.35693197198304,Predicted CLV Eligible,301.35693197198304
13243.0,2.0,428.0,448.0,484.38,1220.38,823.9962521581043,Predicted CLV Eligible,823.9962521581043
13245.0,0.0,0.0,249.0,0.0,558.72,,Not Eligible - One-Time Customer,558.72
13246.0,8.0,319.0,342.0,357.3875,3016.27,2590.973115060297,Predicted CLV Eligible,2590.973115060297
13248.0,0.0,0.0,6.0,0.0,387.46999999999997,,Not Eligible - One-Time Customer,387.46999999999997
13249.0,6.0,423.0,501.0,185.49333333333334,1189.3600000000001,737.1101883916529,Predicted CLV Eligible,737.1101883916529
13250.0,1.0,42.0,319.0,120.0,253.09,107.92178186124377,Predicted CLV Eligible,107.92178186124377
13251.0,0.0,0.0,219.0,0.0,252.68,,Not Eligible - One-Time Customer,252.68
13252.0,1.0,231.0,442.0,52.4,399.29999999999995,56.095797986693974,Predicted CLV Eligible,56.095797986693974
13253.0,2.0,364.0,520.0,711.4000000000001,2397.19,1037.940829648015,Predicted CLV Eligible,1037.940829648015
13254.0,0.0,0.0,193.0,0.0,51.410000000000004,,Not Eligible - One-Time Customer,51.410000000000004
13255.0,1.0,139.0,329.0,225.7,504.95,258.68445215128156,Predicted CLV Eligible,258.68445215128156
13257.0,0.0,0.0,253.0,0.0,149.75,,Not Eligible - One-Time Customer,149.75
13258.0,2.0,195.0,217.0,199.635,535.47,636.1017238690578,Predicted CLV Eligible,636.1017238690578
13259.0,5.0,301.0,515.0,193.462,1119.3600000000001,606.9916593633966,Predicted CLV Eligible,606.9916593633966
13261.0,1.0,17.0,102.0,99.0,944.1,283.9387901379169,Predicted CLV Eligible,283.9387901379169
13262.0,2.0,337.0,417.0,170.51999999999998,573.45,313.58050569056155,Predicted CLV Eligible,313.58050569056155
13263.0,17.0,222.0,230.0,252.28352941176468,4679.67,5231.606221663442,Predicted CLV Eligible,5231.606221663442
13264.0,0.0,0.0,259.0,0.0,722.5600000000001,,Not Eligible - One-Time Customer,722.5600000000001
13265.0,1.0,28.0,90.0,817.44,1124.88,2465.6048920273256,Predicted CLV Eligible,2465.6048920273256
13266.0,12.0,537.0,539.0,319.305,4127.21,2276.0912968467865,Predicted CLV Eligible,2276.0912968467865
13267.0,19.0,533.0,549.0,358.5215789473684,7118.46,3910.021501862219,Predicted CLV Eligible,3910.021501862219
13268.0,4.0,69.0,84.0,290.4525,1810.34,3195.7350333636577,Predicted CLV Eligible,3195.7350333636577
13269.0,12.0,519.0,554.0,419.70666666666665,5239.32,2911.1799293809017,Predicted CLV Eligible,2911.1799293809017
13270.0,0.0,0.0,183.0,0.0,590.0,,Not Eligible - One-Time Customer,590.0
13274.0,0.0,0.0,226.0,0.0,360.85,,Not Eligible - One-Time Customer,360.85
13275.0,1.0,249.0,449.0,61.5,238.86,63.93373465551409,Predicted CLV Eligible,63.93373465551409
13276.0,2.0,245.0,459.0,458.275,1300.98,733.0741494664835,Predicted CLV Eligible,733.0741494664835
13277.0,2.0,159.0,356.0,129.0,264.9,261.2343125670088,Predicted CLV Eligible,261.2343125670088
13278.0,2.0,211.0,427.0,297.71500000000003,893.12,506.86471484242514,Predicted CLV Eligible,506.86471484242514
13280.0,4.0,328.0,461.0,424.8325,2177.83,1243.6506671172194,Predicted CLV Eligible,1243.6506671172194
13281.0,0.0,0.0,256.0,0.0,350.85,,Not Eligible - One-Time Customer,350.85
13282.0,1.0,186.0,223.0,344.70000000000005,525.75,603.8271122491669,Predicted CLV Eligible,603.8271122491669
13283.0,2.0,455.0,457.0,88.7,305.20000000000005,156.3678695154293,Predicted CLV Eligible,156.3678695154293
13284.0,0.0,0.0,147.0,0.0,201.19,,Not Eligible - One-Time Customer,201.19
13285.0,3.0,398.0,441.0,496.1466666666667,1828.74,1192.3194954339729,Predicted CLV Eligible,1192.3194954339729
13286.0,0.0,0.0,417.0,0.0,734.91,,Not Eligible - One-Time Customer,734.91
13287.0,2.0,101.0,521.0,258.605,781.59,278.3032407630621,Predicted CLV Eligible,278.3032407630621
13288.0,4.0,223.0,483.0,140.4625,927.61,366.9818229358152,Predicted CLV Eligible,366.9818229358152
13289.0,0.0,0.0,540.0,0.0,307.95,,Not Eligible - One-Time Customer,307.95
13290.0,0.0,0.0,255.0,0.0,208.63,,Not Eligible - One-Time Customer,208.63
13291.0,9.0,252.0,483.0,303.36777777777775,2909.68,1239.7085707526007,Predicted CLV Eligible,1239.7085707526007
13292.0,3.0,242.0,343.0,151.56333333333333,665.14,456.35470149989106,Predicted CLV Eligible,456.35470149989106
13293.0,5.0,276.0,485.0,191.26799999999997,1192.94,629.6243934694933,Predicted CLV Eligible,629.6243934694933
13294.0,2.0,457.0,463.0,436.87,1689.53,723.4949795138672,Predicted CLV Eligible,723.4949795138672
13295.0,3.0,217.0,393.0,265.1566666666667,1101.97,685.2322305587843,Predicted CLV Eligible,685.2322305587843
13296.0,4.0,154.0,394.0,145.94,705.11,429.40034803715974,Predicted CLV Eligible,429.40034803715974
13297.0,2.0,157.0,359.0,811.1,2278.77,1566.192090324442,Predicted CLV Eligible,1566.192090324442
13299.0,2.0,260.0,345.0,433.76,1218.7,918.6452207366135,Predicted CLV Eligible,918.6452207366135
13300.0,1.0,186.0,391.0,598.64,913.62,584.6749101919155,Predicted CLV Eligible,584.6749101919155
13301.0,1.0,70.0,109.0,153.86,327.77,464.2265163039826,Predicted CLV Eligible,464.2265163039826
13302.0,0.0,0.0,343.0,0.0,95.45,,Not Eligible - One-Time Customer,95.45
13303.0,0.0,0.0,217.0,0.0,61.72,,Not Eligible - One-Time Customer,61.72
13304.0,3.0,318.0,486.0,303.38000000000005,1217.99,659.3808217500357,Predicted CLV Eligible,659.3808217500357
13305.0,9.0,394.0,456.0,204.67999999999998,2255.7999999999997,1286.9450478477552,Predicted CLV Eligible,1286.9450478477552
13306.0,0.0,0.0,247.0,0.0,53.65,,Not Eligible - One-Time Customer,53.65
13307.0,1.0,105.0,409.0,30.599999999999998,258.34000000000003,32.87751571553227,Predicted CLV Eligible,32.87751571553227
13308.0,1.0,393.0,413.0,814.95,1099.81,845.8915976610325,Predicted CLV Eligible,845.8915976610325
13309.0,2.0,186.0,209.0,273.32,796.22,890.0107724556632,Predicted CLV Eligible,890.0107724556632
13310.0,3.0,196.0,219.0,325.79,1226.8200000000002,1420.7006154864093,Predicted CLV Eligible,1420.7006154864093
13312.0,0.0,0.0,268.0,0.0,124.75,,Not Eligible - One-Time Customer,124.75
13313.0,7.0,522.0,554.0,302.2642857142857,2499.74,1264.1662231472567,Predicted CLV Eligible,1264.1662231472567
13315.0,0.0,0.0,506.0,0.0,310.26,,Not Eligible - One-Time Customer,310.26
13316.0,6.0,385.0,456.0,1135.5016666666668,8830.37,4866.3745138123195,Predicted CLV Eligible,4866.3745138123195
13317.0,13.0,528.0,543.0,393.0439230769231,5526.391,3001.2603508287916,Predicted CLV Eligible,3001.2603508287916
13319.0,30.0,547.0,550.0,495.3656666666667,15487.57,8428.319840037962,Predicted CLV Eligible,8428.319840037962
13320.0,2.0,265.0,295.0,440.70500000000004,1188.01,1074.9992719584714,Predicted CLV Eligible,1074.9992719584714
13324.0,9.0,360.0,380.0,760.0388888888889,7190.51,5608.745982312797,Predicted CLV Eligible,5608.745982312797
13326.0,0.0,0.0,249.0,0.0,281.76,,Not Eligible - One-Time Customer,281.76
13327.0,15.0,536.0,538.0,430.9933333333334,7379.06,3809.558315599164,Predicted CLV Eligible,3809.558315599164
13328.0,0.0,0.0,133.0,0.0,1308.48,,Not Eligible - One-Time Customer,1308.48
13329.0,4.0,369.0,552.0,997.33,4323.97,2456.5318442752227,Predicted CLV Eligible,2456.5318442752227
13330.0,4.0,469.0,471.0,438.725,2383.39,1279.761285714769,Predicted CLV Eligible,1279.761285714769
13331.0,0.0,0.0,218.0,0.0,262.4,,Not Eligible - One-Time Customer,262.4
13333.0,2.0,247.0,475.0,426.78000000000003,1015.7400000000001,660.4597560226695,Predicted CLV Eligible,660.4597560226695
13334.0,3.0,462.0,469.0,1410.5833333333333,5408.07,3201.4862063413475,Predicted CLV Eligible,3201.4862063413475
13337.0,0.0,0.0,363.0,0.0,1575.26,,Not Eligible - One-Time Customer,1575.26
13338.0,2.0,162.0,520.0,600.75,1958.6,769.500972273466,Predicted CLV Eligible,769.500972273466
13339.0,0.0,0.0,17.0,0.0,860.12,,Not Eligible - One-Time Customer,860.12
13340.0,4.0,379.0,472.0,2249.1425,15042.11,6463.064859092196,Predicted CLV Eligible,6463.064859092196
13341.0,0.0,0.0,77.0,0.0,775.85,,Not Eligible - One-Time Customer,775.85
13344.0,0.0,0.0,94.0,0.0,1656.15,,Not Eligible - One-Time Customer,1656.15
13345.0,0.0,0.0,104.0,0.0,389.5,,Not Eligible - One-Time Customer,389.5
13346.0,4.0,134.0,413.0,63.375,299.40000000000003,160.75998439451843,Predicted CLV Eligible,160.75998439451843
13357.0,3.0,370.0,444.0,754.9133333333333,3805.51,1792.8903045512584,Predicted CLV Eligible,1792.8903045512584
13358.0,0.0,0.0,85.0,0.0,439.03,,Not Eligible - One-Time Customer,439.03
13359.0,0.0,0.0,220.0,0.0,603.75,,Not Eligible - One-Time Customer,603.75
13360.0,3.0,269.0,517.0,283.7,1553.65,566.8687217823625,Predicted CLV Eligible,566.8687217823625
13361.0,1.0,145.0,434.0,633.25,1450.5,512.9490756275072,Predicted CLV Eligible,512.9490756275072
13362.0,4.0,180.0,242.0,769.1,3884.86,3914.8036573491263,Predicted CLV Eligible,3914.8036573491263
13363.0,0.0,0.0,226.0,0.0,731.36,,Not Eligible - One-Time Customer,731.36
13365.0,0.0,0.0,34.0,0.0,700.6,,Not Eligible - One-Time Customer,700.6
13367.0,0.0,0.0,248.0,0.0,510.20000000000005,,Not Eligible - One-Time Customer,510.20000000000005
13368.0,3.0,167.0,240.0,219.6,1121.5,884.9042474603054,Predicted CLV Eligible,884.9042474603054
13369.0,0.0,0.0,182.0,0.0,308.28000000000003,,Not Eligible - One-Time Customer,308.28000000000003
13370.0,0.0,0.0,188.0,0.0,754.87,,Not Eligible - One-Time Customer,754.87
13371.0,1.0,127.0,449.0,1108.65,2297.66,819.717572119141,Predicted CLV Eligible,819.717572119141
13373.0,3.0,457.0,550.0,1504.74,5262.64,2940.6377703799894,Predicted CLV Eligible,2940.6377703799894
13374.0,1.0,35.0,266.0,123.2,422.8,134.98683964649348,Predicted CLV Eligible,134.98683964649348
13375.0,0.0,0.0,261.0,0.0,1013.58,,Not Eligible - One-Time Customer,1013.58
13376.0,1.0,31.0,51.0,394.0,770.0,1776.900677794661,Predicted CLV Eligible,1776.900677794661
13377.0,1.0,249.0,462.0,737.56,1552.88,633.9436426266542,Predicted CLV Eligible,633.9436426266542
13380.0,0.0,0.0,249.0,0.0,62.4,,Not Eligible - One-Time Customer,62.4
13381.0,7.0,531.0,555.0,805.5728571428572,5656.41,3353.5272677746143,Predicted CLV Eligible,3353.5272677746143
13382.0,4.0,451.0,548.0,283.135,1387.58,718.506160097375,Predicted CLV Eligible,718.506160097375
13383.0,0.0,0.0,360.0,0.0,305.28000000000003,,Not Eligible - One-Time Customer,305.28000000000003
13384.0,3.0,110.0,317.0,517.23,2528.9,1459.3968397509834,Predicted CLV Eligible,1459.3968397509834
13385.0,0.0,0.0,146.0,0.0,534.57,,Not Eligible - One-Time Customer,534.57
13386.0,1.0,23.0,254.0,521.76,835.46,518.4682262160934,Predicted CLV Eligible,518.4682262160934
13387.0,0.0,0.0,234.0,0.0,186.94,,Not Eligible - One-Time Customer,186.94
13388.0,0.0,0.0,420.0,0.0,508.55,,Not Eligible - One-Time Customer,508.55
13389.0,0.0,0.0,49.0,0.0,257.89,,Not Eligible - One-Time Customer,257.89
13391.0,0.0,0.0,20.0,0.0,59.8,,Not Eligible - One-Time Customer,59.8
13392.0,0.0,0.0,494.0,0.0,91.14,,Not Eligible - One-Time Customer,91.14
13393.0,3.0,149.0,549.0,374.1766666666667,1131.45,540.3978127923681,Predicted CLV Eligible,540.3978127923681
13394.0,13.0,524.0,555.0,364.03692307692313,5037.01,2723.2156063710568,Predicted CLV Eligible,2723.2156063710568
13395.0,2.0,236.0,238.0,333.675,1180.23,979.1370044978429,Predicted CLV Eligible,979.1370044978429
13396.0,0.0,0.0,136.0,0.0,387.27000000000004,,Not Eligible - One-Time Customer,387.27000000000004
13397.0,6.0,394.0,505.0,321.08500000000004,2249.51,1254.5775583773086,Predicted CLV Eligible,1254.5775583773086
13398.0,1.0,256.0,265.0,457.34,670.3399999999999,701.9596847269719,Predicted CLV Eligible,701.9596847269719
13399.0,2.0,55.0,336.0,87.75,275.4,148.70364265621765,Predicted CLV Eligible,148.70364265621765
13400.0,0.0,0.0,399.0,0.0,310.83,,Not Eligible - One-Time Customer,310.83
13402.0,2.0,192.0,381.0,311.65,913.9000000000001,588.2540263104233,Predicted CLV Eligible,588.2540263104233
13403.0,1.0,336.0,540.0,75.9,154.5,66.16933817631197,Predicted CLV Eligible,66.16933817631197
13404.0,0.0,0.0,29.0,0.0,217.81,,Not Eligible - One-Time Customer,217.81
13405.0,4.0,520.0,541.0,263.08750000000003,1198.81,679.8962395695614,Predicted CLV Eligible,679.8962395695614
13406.0,1.0,204.0,448.0,428.76,568.92,369.12212270272624,Predicted CLV Eligible,369.12212270272624
13407.0,2.0,83.0,478.0,430.34000000000003,2244.7,478.4193757933146,Predicted CLV Eligible,478.4193757933146
13408.0,51.0,545.0,552.0,648.0786666666667,33562.652,18538.179536520944,Predicted CLV Eligible,18538.179536520944
13410.0,6.0,544.0,548.0,277.1366666666667,1743.94,1017.8459322969059,Predicted CLV Eligible,1017.8459322969059
13412.0,0.0,0.0,437.0,0.0,487.34999999999997,,Not Eligible - One-Time Customer,487.34999999999997
13413.0,3.0,48.0,504.0,137.31666666666666,429.44,68.92767054868715,Predicted CLV Eligible,68.92767054868715
13414.0,3.0,307.0,420.0,424.5933333333333,1493.64,1056.1891738412237,Predicted CLV Eligible,1056.1891738412237
13415.0,2.0,256.0,545.0,158.625,784.1700000000001,218.39125222168286,Predicted CLV Eligible,218.39125222168286
13416.0,0.0,0.0,553.0,0.0,228.3,,Not Eligible - One-Time Customer,228.3
13417.0,3.0,464.0,486.0,220.18666666666664,1264.66,490.86474194728686,Predicted CLV Eligible,490.86474194728686
13418.0,17.0,524.0,545.0,468.2982352941176,8772.83,4612.291315961694,Predicted CLV Eligible,4612.291315961694
13421.0,4.0,373.0,480.0,559.335,3050.08,1586.542395108964,Predicted CLV Eligible,1586.542395108964
13423.0,0.0,0.0,245.0,0.0,217.03,,Not Eligible - One-Time Customer,217.03
13424.0,0.0,0.0,266.0,0.0,572.77,,Not Eligible - One-Time Customer,572.77
13425.0,2.0,285.0,396.0,672.215,2167.79,1253.3271691636774,Predicted CLV Eligible,1253.3271691636774
13426.0,14.0,492.0,547.0,372.10571428571427,5811.08,3020.432884330302,Predicted CLV Eligible,3020.432884330302
13427.0,3.0,507.0,539.0,180.81000000000003,638.4300000000001,368.43013368145245,Predicted CLV Eligible,368.43013368145245
13428.0,0.0,0.0,331.0,0.0,276.76,,Not Eligible - One-Time Customer,276.76
13431.0,4.0,253.0,476.0,438.4225,2047.1399999999999,1194.2433131618302,Predicted CLV Eligible,1194.2433131618302
13432.0,1.0,41.0,429.0,308.8,439.1,167.48121033261066,Predicted CLV Eligible,167.48121033261066
13433.0,3.0,195.0,513.0,187.70666666666662,658.3199999999999,350.86576557732576,Predicted CLV Eligible,350.86576557732576
13434.0,2.0,270.0,472.0,396.72,1132.6200000000001,624.7600442955139,Predicted CLV Eligible,624.7600442955139
13435.0,2.0,311.0,317.0,378.65500000000003,1081.16,873.806407040795,Predicted CLV Eligible,873.806407040795
13437.0,0.0,0.0,7.0,0.0,1440.9,,Not Eligible - One-Time Customer,1440.9
13438.0,0.0,0.0,364.0,0.0,46.5,,Not Eligible - One-Time Customer,46.5
13439.0,2.0,271.0,343.0,351.16499999999996,986.61,751.6924826766523,Predicted CLV Eligible,751.6924826766523
13440.0,2.0,28.0,268.0,25.275,1295.25,55.66418269999028,Predicted CLV Eligible,55.66418269999028
13441.0,0.0,0.0,248.0,0.0,424.26,,Not Eligible - One-Time Customer,424.26
13442.0,2.0,71.0,555.0,110.935,419.87,89.54748931439127,Predicted CLV Eligible,89.54748931439127
13443.0,5.0,229.0,494.0,208.67799999999997,1273.1599999999999,616.1403180713304,Predicted CLV Eligible,616.1403180713304
13444.0,1.0,132.0,323.0,483.79,619.08,544.8170676991479,Predicted CLV Eligible,544.8170676991479
13445.0,0.0,0.0,443.0,0.0,241.89999999999998,,Not Eligible - One-Time Customer,241.89999999999998
13446.0,10.0,233.0,480.0,334.07,3881.8900000000003,942.4429931092618,Predicted CLV Eligible,942.4429931092618
13448.0,8.0,515.0,550.0,714.51875,6634.5,3395.288377402602,Predicted CLV Eligible,3395.288377402602
13450.0,8.0,399.0,420.0,314.4025,2754.8599999999997,1907.7754069477048,Predicted CLV Eligible,1907.7754069477048
13451.0,8.0,417.0,445.0,614.3675,5781.28,3532.482174373518,Predicted CLV Eligible,3532.482174373518
13452.0,2.0,213.0,289.0,295.0,729.8,730.0811366941706,Predicted CLV Eligible,730.0811366941706
13453.0,1.0,113.0,219.0,185.0,609.71,316.1743193658689,Predicted CLV Eligible,316.1743193658689
13454.0,0.0,0.0,458.0,0.0,219.87,,Not Eligible - One-Time Customer,219.87
13455.0,4.0,364.0,547.0,388.06000000000006,1847.5900000000001,967.7349090768632,Predicted CLV Eligible,967.7349090768632
13456.0,0.0,0.0,24.0,0.0,207.66,,Not Eligible - One-Time Customer,207.66
13457.0,1.0,49.0,554.0,35.72,148.22,17.387783650826,Predicted CLV Eligible,17.387783650826
13458.0,8.0,199.0,205.0,906.30625,8572.78,10009.898109625436,Predicted CLV Eligible,10009.898109625436
13459.0,1.0,58.0,499.0,529.62,1160.4099999999999,253.16471549518587,Predicted CLV Eligible,253.16471549518587
13461.0,2.0,190.0,414.0,1189.2,2715.0,2031.0576162813481,Predicted CLV Eligible,2031.0576162813481
13462.0,4.0,473.0,542.0,245.5075,1153.85,631.9000456459646,Predicted CLV Eligible,631.9000456459646
13464.0,3.0,224.0,435.0,707.8733333333333,2422.96,1638.62113398649,Predicted CLV Eligible,1638.62113398649
13465.0,1.0,140.0,403.0,319.62,931.12,285.6719277259597,Predicted CLV Eligible,285.6719277259597
13466.0,3.0,444.0,445.0,250.34666666666666,1013.3499999999999,603.1994010673355,Predicted CLV Eligible,603.1994010673355
13468.0,53.0,535.0,553.0,195.57000000000002,10679.43,5800.040224645078,Predicted CLV Eligible,5800.040224645078
13469.0,0.0,0.0,470.0,0.0,82.4,,Not Eligible - One-Time Customer,82.4
13472.0,1.0,92.0,372.0,330.06,592.24,288.2031372846622,Predicted CLV Eligible,288.2031372846622
13473.0,5.0,392.0,541.0,417.52799999999996,2476.38,1290.3294148519817,Predicted CLV Eligible,1290.3294148519817
13474.0,2.0,259.0,312.0,147.995,646.59,352.07360397119743,Predicted CLV Eligible,352.07360397119743
13475.0,3.0,107.0,115.0,371.5533333333333,1431.78,2608.3747467711282,Predicted CLV Eligible,2608.3747467711282
13476.0,3.0,363.0,461.0,436.6000000000001,1550.6000000000001,1003.8355662350097,Predicted CLV Eligible,1003.8355662350097
13477.0,5.0,472.0,500.0,291.584,1880.62,984.6741340782364,Predicted CLV Eligible,984.6741340782364
13478.0,3.0,208.0,494.0,609.8633333333333,2215.7799999999997,1203.619523751191,Predicted CLV Eligible,1203.619523751191
13479.0,3.0,277.0,294.0,154.67,851.37,537.5977986668296,Predicted CLV Eligible,537.5977986668296
13480.0,1.0,263.0,496.0,133.88,627.8199999999999,115.05971289479288,Predicted CLV Eligible,115.05971289479288
13481.0,6.0,543.0,552.0,449.0116666666667,3005.27,1633.5415810339564,Predicted CLV Eligible,1633.5415810339564
13482.0,1.0,395.0,444.0,184.64,336.09,186.96173660747857,Predicted CLV Eligible,186.96173660747857
13484.0,2.0,398.0,456.0,312.47,790.72,524.7786399859963,Predicted CLV Eligible,524.7786399859963
13485.0,8.0,503.0,553.0,356.74,3019.2200000000003,1688.5356226230297,Predicted CLV Eligible,1688.5356226230297
13487.0,3.0,521.0,551.0,192.10666666666668,680.27,383.3021989089247,Predicted CLV Eligible,383.3021989089247
13488.0,12.0,487.0,500.0,868.1125000000001,10768.08,6606.184157697183,Predicted CLV Eligible,6606.184157697183
13489.0,1.0,5.0,111.0,158.4,235.68,374.2837464139776,Predicted CLV Eligible,374.2837464139776
13490.0,0.0,0.0,471.0,0.0,154.25,,Not Eligible - One-Time Customer,154.25
13491.0,24.0,485.0,549.0,169.23208333333335,4283.47,2296.3740193173253,Predicted CLV Eligible,2296.3740193173253
13492.0,0.0,0.0,31.0,0.0,315.3,,Not Eligible - One-Time Customer,315.3
13493.0,1.0,12.0,104.0,439.28,618.63,1106.5720721064522,Predicted CLV Eligible,1106.5720721064522
13494.0,0.0,0.0,128.0,0.0,316.26000000000005,,Not Eligible - One-Time Customer,316.26000000000005
13495.0,7.0,500.0,549.0,491.2442857142857,3890.87,2064.807859471731,Predicted CLV Eligible,2064.807859471731
13496.0,0.0,0.0,176.0,0.0,501.01,,Not Eligible - One-Time Customer,501.01
13497.0,5.0,387.0,486.0,189.976,1166.83,656.0796430549144,Predicted CLV Eligible,656.0796430549144
13498.0,0.0,0.0,547.0,0.0,327.38,,Not Eligible - One-Time Customer,327.38
13499.0,1.0,44.0,86.0,305.56,463.79,1017.8071578977493,Predicted CLV Eligible,1017.8071578977493
13500.0,0.0,0.0,218.0,0.0,299.53,,Not Eligible - One-Time Customer,299.53
13501.0,2.0,282.0,387.0,1144.97,2885.1099999999997,2172.1429624919037,Predicted CLV Eligible,2172.1429624919037
13502.0,3.0,274.0,365.0,123.25333333333333,677.66,355.0240162810897,Predicted CLV Eligible,355.0240162810897
13503.0,3.0,182.0,478.0,252.50666666666666,1642.39,502.56805647354736,Predicted CLV Eligible,502.56805647354736
13505.0,1.0,40.0,49.0,906.4,1916.0900000000001,4174.017437238763,Predicted CLV Eligible,4174.017437238763
13506.0,4.0,144.0,277.0,227.69,1338.08,1005.3333589486642,Predicted CLV Eligible,1005.3333589486642
13508.0,1.0,399.0,459.0,110.97,287.04999999999995,113.0799495080455,Predicted CLV Eligible,113.0799495080455
13509.0,3.0,253.0,324.0,216.67333333333332,785.02,683.857180383888,Predicted CLV Eligible,683.857180383888
13510.0,5.0,343.0,535.0,500.00600000000003,2766.73,1534.0699514677344,Predicted CLV Eligible,1534.0699514677344
13511.0,0.0,0.0,493.0,0.0,282.76,,Not Eligible - One-Time Customer,282.76
13512.0,3.0,323.0,400.0,186.6966666666667,713.39,493.107224750518,Predicted CLV Eligible,493.107224750518
13513.0,1.0,214.0,472.0,319.85,619.49,264.5649242726191,Predicted CLV Eligible,264.5649242726191
13514.0,2.0,254.0,499.0,158.7,663.7,239.5738785798651,Predicted CLV Eligible,239.5738785798651
13515.0,2.0,397.0,461.0,195.0,578.1,327.72243303060014,Predicted CLV Eligible,327.72243303060014
13516.0,1.0,179.0,234.0,146.0,441.85,254.30506851910178,Predicted CLV Eligible,254.30506851910178
13519.0,0.0,0.0,259.0,0.0,220.46,,Not Eligible - One-Time Customer,220.46
13520.0,8.0,538.0,539.0,560.52875,5073.63,2718.6733880995125,Predicted CLV Eligible,2718.6733880995125
13523.0,2.0,203.0,219.0,1184.62,2938.9300000000003,3662.353312269355,Predicted CLV Eligible,3662.353312269355
13524.0,0.0,0.0,36.0,0.0,159.20000000000002,,Not Eligible - One-Time Customer,159.20000000000002
13525.0,0.0,0.0,65.0,0.0,282.88,,Not Eligible - One-Time Customer,282.88
13526.0,0.0,0.0,555.0,0.0,1182.0,,Not Eligible - One-Time Customer,1182.0
13527.0,6.0,486.0,504.0,444.295,2884.57,1754.1246673585324,Predicted CLV Eligible,1754.1246673585324
13529.0,0.0,0.0,21.0,0.0,181.1,,Not Eligible - One-Time Customer,181.1
13530.0,0.0,0.0,451.0,0.0,402.97999999999996,,Not Eligible - One-Time Customer,402.97999999999996
13531.0,4.0,531.0,553.0,280.3425,1433.07,709.7217022312408,Predicted CLV Eligible,709.7217022312408
13533.0,0.0,0.0,84.0,0.0,144.94,,Not Eligible - One-Time Customer,144.94
13534.0,18.0,334.0,337.0,256.1677777777778,4803.9,4086.435289284164,Predicted CLV Eligible,4086.435289284164
13535.0,0.0,0.0,219.0,0.0,89.5,,Not Eligible - One-Time Customer,89.5
13537.0,1.0,26.0,268.0,302.0,717.85,290.5682939306951,Predicted CLV Eligible,290.5682939306951
13538.0,6.0,401.0,492.0,283.8,2326.58,1139.7980909553535,Predicted CLV Eligible,1139.7980909553535
13539.0,5.0,350.0,407.0,184.036,1253.67,747.3798258390908,Predicted CLV Eligible,747.3798258390908
13540.0,1.0,188.0,472.0,263.14,632.39,212.18124797130247,Predicted CLV Eligible,212.18124797130247
13541.0,1.0,143.0,387.0,474.9,785.25,442.8952237873465,Predicted CLV Eligible,442.8952237873465
13542.0,16.0,353.0,546.0,236.34875,3959.4900000000002,1274.2079123016074,Predicted CLV Eligible,1274.2079123016074
13543.0,1.0,53.0,504.0,851.16,1439.6100000000001,382.850348512314,Predicted CLV Eligible,382.850348512314
13544.0,3.0,404.0,461.0,148.60999999999999,627.15,349.21509234053696,Predicted CLV Eligible,349.21509234053696
13545.0,1.0,154.0,361.0,246.75,364.93,259.63525050074134,Predicted CLV Eligible,259.63525050074134
13546.0,2.0,224.0,241.0,227.5,647.41,664.7390982007136,Predicted CLV Eligible,664.7390982007136
13547.0,0.0,0.0,225.0,0.0,167.08,,Not Eligible - One-Time Customer,167.08
13548.0,1.0,228.0,288.0,281.01,504.28999999999996,399.29576204969555,Predicted CLV Eligible,399.29576204969555
13549.0,3.0,195.0,204.0,170.85,600.15,798.0056874027947,Predicted CLV Eligible,798.0056874027947
13550.0,0.0,0.0,200.0,0.0,342.55,,Not Eligible - One-Time Customer,342.55
13551.0,1.0,347.0,483.0,91.80000000000001,244.2,88.69048483474275,Predicted CLV Eligible,88.69048483474275
13552.0,8.0,453.0,475.0,542.1475,5070.139999999999,2943.535730024172,Predicted CLV Eligible,2943.535730024172
13553.0,0.0,0.0,491.0,0.0,499.6,,Not Eligible - One-Time Customer,499.6
13554.0,5.0,66.0,263.0,304.58000000000004,1629.35,929.9195774787679,Predicted CLV Eligible,929.9195774787679
13555.0,7.0,488.0,506.0,795.39,6383.01,3600.5864821648997,Predicted CLV Eligible,3600.5864821648997
13556.0,1.0,6.0,252.0,93.6,200.82,86.21787812512943,Predicted CLV Eligible,86.21787812512943
13557.0,10.0,451.0,548.0,241.638,2688.88,1413.8065057345518,Predicted CLV Eligible,1413.8065057345518
13559.0,1.0,31.0,360.0,660.0,990.0,422.974930083818,Predicted CLV Eligible,422.974930083818
13561.0,9.0,434.0,466.0,178.2111111111111,1803.4,1103.9408160203263,Predicted CLV Eligible,1103.9408160203263
13562.0,4.0,449.0,511.0,675.6800000000001,3642.12,1820.8939780576457,Predicted CLV Eligible,1820.8939780576457
13564.0,24.0,383.0,554.0,659.54875,15948.33,2513.1292945137134,Predicted CLV Eligible,2513.1292945137134
13565.0,1.0,77.0,228.0,110.17999999999999,284.76,175.2140334022014,Predicted CLV Eligible,175.2140334022014
13566.0,2.0,205.0,456.0,270.32,831.76,428.77743545393764,Predicted CLV Eligible,428.77743545393764
13567.0,2.0,113.0,358.0,332.425,1079.29,612.7306819340714,Predicted CLV Eligible,612.7306819340714
13569.0,2.0,61.0,245.0,130.89000000000001,497.74,334.3492717327012,Predicted CLV Eligible,334.3492717327012
13570.0,0.0,0.0,60.0,0.0,239.49,,Not Eligible - One-Time Customer,239.49
13571.0,17.0,547.0,548.0,167.3170588235294,2955.63,1645.5841246244815,Predicted CLV Eligible,1645.5841246244815
13572.0,0.0,0.0,22.0,0.0,1384.25,,Not Eligible - One-Time Customer,1384.25
13573.0,3.0,384.0,454.0,188.06333333333336,646.04,444.954635767057,Predicted CLV Eligible,444.954635767057
13574.0,0.0,0.0,228.0,0.0,404.45,,Not Eligible - One-Time Customer,404.45
13576.0,17.0,544.0,548.0,428.9682352941177,7621.26,4207.97131808541,Predicted CLV Eligible,4207.97131808541
13577.0,7.0,484.0,542.0,294.0814285714286,2158.43,1252.4281347997248,Predicted CLV Eligible,1252.4281347997248
13578.0,0.0,0.0,226.0,0.0,147.66,,Not Eligible - One-Time Customer,147.66
13579.0,3.0,290.0,476.0,229.48333333333335,1072.0,506.69677040822677,Predicted CLV Eligible,506.69677040822677
13580.0,0.0,0.0,223.0,0.0,107.75,,Not Eligible - One-Time Customer,107.75
13581.0,1.0,105.0,231.0,118.0,280.53,195.1233961519797,Predicted CLV Eligible,195.1233961519797
13582.0,1.0,228.0,434.0,164.18,241.68,156.64664690360573,Predicted CLV Eligible,156.64664690360573
13583.0,0.0,0.0,496.0,0.0,664.001,,Not Eligible - One-Time Customer,664.001
13584.0,2.0,369.0,492.0,192.2,385.70000000000005,302.64382832447654,Predicted CLV Eligible,302.64382832447654
13585.0,2.0,208.0,555.0,335.895,684.54,427.4648394626529,Predicted CLV Eligible,427.4648394626529
13586.0,0.0,0.0,358.0,0.0,127.28,,Not Eligible - One-Time Customer,127.28
13587.0,1.0,214.0,480.0,392.8,961.0999999999999,316.5027548066986,Predicted CLV Eligible,316.5027548066986
13588.0,0.0,0.0,72.0,0.0,113.30000000000001,,Not Eligible - One-Time Customer,113.30000000000001
13589.0,3.0,284.0,550.0,157.31333333333333,741.0899999999999,299.79842774336134,Predicted CLV Eligible,299.79842774336134
13590.0,13.0,539.0,555.0,376.8361538461538,5266.15,2821.1785258249083,Predicted CLV Eligible,2821.1785258249083
13591.0,5.0,521.0,542.0,339.96799999999996,1753.04,1066.776255604738,Predicted CLV Eligible,1066.776255604738
13592.0,2.0,59.0,81.0,64.395,205.51,432.0058891222823,Predicted CLV Eligible,432.0058891222823
13593.0,10.0,384.0,464.0,399.841,4479.16,2714.7631545548593,Predicted CLV Eligible,2714.7631545548593
13594.0,0.0,0.0,302.0,0.0,136.35000000000002,,Not Eligible - One-Time Customer,136.35000000000002
13595.0,2.0,130.0,463.0,126.095,784.48,181.52236557314924,Predicted CLV Eligible,181.52236557314924
13597.0,1.0,2.0,219.0,16.5,396.71,26.788515155834773,Predicted CLV Eligible,26.788515155834773
13598.0,2.0,156.0,468.0,166.775,601.9200000000001,246.5267473761628,Predicted CLV Eligible,246.5267473761628
13599.0,12.0,540.0,555.0,502.11083333333335,6666.78,3479.8102244171996,Predicted CLV Eligible,3479.8102244171996
13600.0,1.0,322.0,451.0,219.52,518.42,210.48455566769886,Predicted CLV Eligible,210.48455566769886
13601.0,2.0,335.0,363.0,328.72,839.87,675.4470830018948,Predicted CLV Eligible,675.4470830018948
13602.0,2.0,179.0,377.0,213.45,596.28,407.11320704757077,Predicted CLV Eligible,407.11320704757077
13604.0,0.0,0.0,475.0,0.0,717.62,,Not Eligible - One-Time Customer,717.62
13605.0,1.0,184.0,388.0,352.78000000000003,522.6700000000001,351.34793478158866,Predicted CLV Eligible,351.34793478158866
13606.0,1.0,68.0,128.0,176.60999999999999,246.63,461.7844298218511,Predicted CLV Eligible,461.7844298218511
13607.0,0.0,0.0,219.0,0.0,400.3,,Not Eligible - One-Time Customer,400.3
13608.0,0.0,0.0,357.0,0.0,232.05,,Not Eligible - One-Time Customer,232.05
13609.0,0.0,0.0,410.0,0.0,167.35,,Not Eligible - One-Time Customer,167.35
13610.0,9.0,516.0,520.0,127.57777777777778,1485.75,719.4669983349997,Predicted CLV Eligible,719.4669983349997
13611.0,7.0,377.0,553.0,301.25,2446.6800000000003,1220.8267962125497,Predicted CLV Eligible,1220.8267962125497
13612.0,0.0,0.0,449.0,0.0,818.29,,Not Eligible - One-Time Customer,818.29
13613.0,2.0,208.0,477.0,285.925,1039.85,432.6496107058542,Predicted CLV Eligible,432.6496107058542
13614.0,2.0,221.0,368.0,324.815,953.03,643.0113356128854,Predicted CLV Eligible,643.0113356128854
13615.0,7.0,362.0,497.0,780.6257142857143,6272.53,3519.9819432260497,Predicted CLV Eligible,3519.9819432260497
13616.0,1.0,123.0,508.0,105.85,283.85,72.15974893660018,Predicted CLV Eligible,72.15974893660018
13617.0,4.0,87.0,312.0,155.5925,734.5699999999999,462.9510918106704,Predicted CLV Eligible,462.9510918106704
13619.0,1.0,130.0,491.0,124.7,224.94,89.42464252407507,Predicted CLV Eligible,89.42464252407507
13620.0,0.0,0.0,345.0,0.0,112.34,,Not Eligible - One-Time Customer,112.34
13622.0,0.0,0.0,513.0,0.0,658.95,,Not Eligible - One-Time Customer,658.95
13623.0,8.0,527.0,554.0,214.54375000000002,2344.4900000000002,1018.1021337433159,Predicted CLV Eligible,1018.1021337433159
13624.0,0.0,0.0,205.0,0.0,462.08,,Not Eligible - One-Time Customer,462.08
13625.0,0.0,0.0,413.0,0.0,301.26,,Not Eligible - One-Time Customer,301.26
13626.0,1.0,127.0,196.0,257.23,707.04,489.1556804726045,Predicted CLV Eligible,489.1556804726045
13627.0,3.0,436.0,457.0,302.98333333333335,1213.35,710.1874284493871,Predicted CLV Eligible,710.1874284493871
13628.0,0.0,0.0,493.0,0.0,310.14,,Not Eligible - One-Time Customer,310.14
13629.0,11.0,456.0,483.0,709.6818181818181,8466.5,5123.6523662881145,Predicted CLV Eligible,5123.6523662881145
13630.0,2.0,101.0,102.0,376.34999999999997,1051.84,2053.128863471196,Predicted CLV Eligible,2053.128863471196
13631.0,2.0,66.0,84.0,625.0,1330.0,3804.0109672309645,Predicted CLV Eligible,3804.0109672309645
13632.0,4.0,378.0,428.0,442.845,2137.57,1401.50857806162,Predicted CLV Eligible,1401.50857806162
13634.0,11.0,456.0,515.0,344.90000000000003,4084.02,2347.171283461286,Predicted CLV Eligible,2347.171283461286
13635.0,2.0,296.0,555.0,772.88,1928.13,1034.9138439271057,Predicted CLV Eligible,1034.9138439271057
13636.0,2.0,33.0,102.0,193.47500000000002,541.45,1019.8091995469648,Predicted CLV Eligible,1019.8091995469648
13637.0,1.0,39.0,43.0,262.25,678.65,1330.5669338056186,Predicted CLV Eligible,1330.5669338056186
13639.0,0.0,0.0,253.0,0.0,312.93,,Not Eligible - One-Time Customer,312.93
13640.0,0.0,0.0,428.0,0.0,405.0,,Not Eligible - One-Time Customer,405.0
13641.0,3.0,94.0,551.0,264.1233333333333,1016.47,240.53305968620123,Predicted CLV Eligible,240.53305968620123
13642.0,1.0,217.0,249.0,312.28,472.19999999999993,504.5389730693903,Predicted CLV Eligible,504.5389730693903
13643.0,7.0,546.0,548.0,201.91857142857143,1725.23,856.3810318967371,Predicted CLV Eligible,856.3810318967371
13646.0,0.0,0.0,216.0,0.0,326.25,,Not Eligible - One-Time Customer,326.25
13647.0,3.0,369.0,420.0,500.90000000000003,1818.2,1255.5326695905246,Predicted CLV Eligible,1255.5326695905246
13648.0,6.0,338.0,555.0,250.155,1764.02,859.3188059308658,Predicted CLV Eligible,859.3188059308658
13649.0,5.0,271.0,344.0,228.654,1453.68,1067.6763523914792,Predicted CLV Eligible,1067.6763523914792
13650.0,5.0,475.0,499.0,338.40999999999997,2197.18,1143.8635140141082,Predicted CLV Eligible,1143.8635140141082
13651.0,0.0,0.0,198.0,0.0,132.65,,Not Eligible - One-Time Customer,132.65
13652.0,3.0,396.0,469.0,470.4166666666667,1805.21,1067.9291891273879,Predicted CLV Eligible,1067.9291891273879
13653.0,0.0,0.0,304.0,0.0,152.2,,Not Eligible - One-Time Customer,152.2
13654.0,7.0,536.0,554.0,659.0757142857143,4773.51,2750.22286836232,Predicted CLV Eligible,2750.22286836232
13655.0,4.0,350.0,408.0,302.02750000000003,1731.19,999.0058900743244,Predicted CLV Eligible,999.0058900743244
13656.0,2.0,258.0,412.0,268.375,861.9,484.5483446121615,Predicted CLV Eligible,484.5483446121615
13657.0,0.0,0.0,18.0,0.0,152.34,,Not Eligible - One-Time Customer,152.34
13658.0,4.0,468.0,489.0,834.3425,4319.63,2343.7293251265023,Predicted CLV Eligible,2343.7293251265023
13659.0,10.0,455.0,477.0,446.36499999999995,4884.68,2980.4931328287857,Predicted CLV Eligible,2980.4931328287857
13660.0,0.0,0.0,217.0,0.0,306.64,,Not Eligible - One-Time Customer,306.64
13661.0,0.0,0.0,420.0,0.0,325.24,,Not Eligible - One-Time Customer,325.24
13662.0,5.0,446.0,475.0,313.66400000000004,1868.79,1108.302135427738,Predicted CLV Eligible,1108.302135427738
13663.0,3.0,266.0,463.0,437.53000000000003,1858.04,975.8820652417184,Predicted CLV Eligible,975.8820652417184
13665.0,2.0,118.0,321.0,539.425,1711.6599999999999,1123.6315868741824,Predicted CLV Eligible,1123.6315868741824
13666.0,2.0,448.0,552.0,43.9,107.3,68.83262402498542,Predicted CLV Eligible,68.83262402498542
13668.0,25.0,541.0,545.0,402.36120000000005,10674.33,5774.337248786098,Predicted CLV Eligible,5774.337248786098
13669.0,0.0,0.0,224.0,0.0,195.0,,Not Eligible - One-Time Customer,195.0
13671.0,0.0,0.0,211.0,0.0,172.6,,Not Eligible - One-Time Customer,172.6
13672.0,2.0,429.0,547.0,93.19500000000001,419.9200000000001,137.90829749479911,Predicted CLV Eligible,137.90829749479911
13674.0,0.0,0.0,249.0,0.0,240.68,,Not Eligible - One-Time Customer,240.68
13675.0,0.0,0.0,101.0,0.0,308.44,,Not Eligible - One-Time Customer,308.44
13676.0,1.0,80.0,436.0,115.60000000000001,243.90000000000003,82.66474533204985,Predicted CLV Eligible,82.66474533204985
13677.0,1.0,116.0,337.0,277.28,551.24,293.48569736496125,Predicted CLV Eligible,293.48569736496125
13679.0,2.0,242.0,552.0,77.23,281.26,107.79054681310961,Predicted CLV Eligible,107.79054681310961
13680.0,9.0,398.0,552.0,1052.6522222222222,10092.140000000001,5393.802935870538,Predicted CLV Eligible,5393.802935870538
13682.0,0.0,0.0,4.0,0.0,59.5,,Not Eligible - One-Time Customer,59.5
13683.0,0.0,0.0,274.0,0.0,258.6,,Not Eligible - One-Time Customer,258.6
13684.0,3.0,336.0,438.0,134.78333333333333,594.88,330.30745361219687,Predicted CLV Eligible,330.30745361219687
13686.0,1.0,21.0,218.0,111.60000000000001,337.04,144.15876187003073,Predicted CLV Eligible,144.15876187003073
13687.0,0.0,0.0,255.0,0.0,11880.84,,Not Eligible - One-Time Customer,11880.84
13688.0,0.0,0.0,452.0,0.0,375.5,,Not Eligible - One-Time Customer,375.5
13689.0,0.0,0.0,261.0,0.0,349.5,,Not Eligible - One-Time Customer,349.5
13691.0,0.0,0.0,213.0,0.0,212.78,,Not Eligible - One-Time Customer,212.78
13692.0,3.0,207.0,237.0,457.52666666666664,2497.66,1864.5902803681927,Predicted CLV Eligible,1864.5902803681927
13693.0,8.0,358.0,549.0,229.78375,2011.8200000000002,1036.1920495895308,Predicted CLV Eligible,1036.1920495895308
13694.0,67.0,543.0,552.0,2332.3959701492536,158800.42,87392.81202591723,Predicted CLV Eligible,87392.81202591723
13695.0,5.0,388.0,394.0,125.18400000000001,892.52,528.3811799937654,Predicted CLV Eligible,528.3811799937654
13696.0,2.0,245.0,483.0,857.2,2020.4,1293.7084332785,Predicted CLV Eligible,1293.7084332785
13698.0,1.0,85.0,498.0,267.43,451.73,152.90235159495683,Predicted CLV Eligible,152.90235159495683
13699.0,0.0,0.0,367.0,0.0,455.57,,Not Eligible - One-Time Customer,455.57
13700.0,6.0,430.0,487.0,203.535,1275.51,830.6437925124563,Predicted CLV Eligible,830.6437925124563
13701.0,0.0,0.0,263.0,0.0,161.0,,Not Eligible - One-Time Customer,161.0
13702.0,0.0,0.0,262.0,0.0,135.18,,Not Eligible - One-Time Customer,135.18
13703.0,1.0,97.0,232.0,99.5,425.56,164.14736642833918,Predicted CLV Eligible,164.14736642833918
13705.0,4.0,251.0,441.0,268.255,1323.47,797.6728656534177,Predicted CLV Eligible,797.6728656534177
13706.0,1.0,324.0,443.0,330.79,631.1700000000001,317.98987703696025,Predicted CLV Eligible,317.98987703696025
13707.0,3.0,269.0,353.0,881.7866666666667,3365.86,2547.693187716384,Predicted CLV Eligible,2547.693187716384
13708.0,0.0,0.0,88.0,0.0,285.33,,Not Eligible - One-Time Customer,285.33
13709.0,4.0,382.0,514.0,352.815,1718.0,941.047609910853,Predicted CLV Eligible,941.047609910853
13710.0,1.0,189.0,429.0,101.03999999999999,329.03999999999996,97.53790473762179,Predicted CLV Eligible,97.53790473762179
13711.0,7.0,506.0,541.0,237.96571428571428,1792.26,1018.2010143457222,Predicted CLV Eligible,1018.2010143457222
13712.0,1.0,364.0,427.0,228.84,766.4200000000001,235.81974478363156,Predicted CLV Eligible,235.81974478363156
13713.0,2.0,175.0,400.0,246.39,740.76,439.0531122634879,Predicted CLV Eligible,439.0531122634879
13714.0,0.0,0.0,282.0,0.0,161.35,,Not Eligible - One-Time Customer,161.35
13715.0,15.0,357.0,455.0,488.2906666666667,8153.04,4852.529453720998,Predicted CLV Eligible,4852.529453720998
13716.0,0.0,0.0,86.0,0.0,138.28,,Not Eligible - One-Time Customer,138.28
13717.0,3.0,245.0,302.0,236.30333333333337,888.8800000000001,791.9488296092935,Predicted CLV Eligible,791.9488296092935
13718.0,1.0,49.0,112.0,192.5,306.55,539.0357093171983,Predicted CLV Eligible,539.0357093171983
13719.0,7.0,366.0,388.0,242.68285714285713,2080.14,1396.3677308470524,Predicted CLV Eligible,1396.3677308470524
13720.0,1.0,16.0,71.0,165.9,432.1,604.7690957519309,Predicted CLV Eligible,604.7690957519309
13721.0,0.0,0.0,212.0,0.0,217.39999999999998,,Not Eligible - One-Time Customer,217.39999999999998
13722.0,4.0,364.0,463.0,1014.7325000000001,4723.47,2967.750397507352,Predicted CLV Eligible,2967.750397507352
13723.0,4.0,394.0,428.0,218.4625,1194.08,697.0141223800576,Predicted CLV Eligible,697.0141223800576
13724.0,0.0,0.0,454.0,0.0,213.01,,Not Eligible - One-Time Customer,213.01
13725.0,5.0,83.0,125.0,160.79000000000002,1751.6,1659.1238012650565,Predicted CLV Eligible,1659.1238012650565
13727.0,3.0,119.0,547.0,203.35666666666668,740.6700000000001,246.19837505779734,Predicted CLV Eligible,246.19837505779734
13728.0,12.0,532.0,547.0,183.16333333333333,2332.96,1290.5565890150904,Predicted CLV Eligible,1290.5565890150904
13729.0,2.0,249.0,501.0,183.425,724.73,273.7012809658437,Predicted CLV Eligible,273.7012809658437
13731.0,1.0,27.0,63.0,302.47,610.59,1201.0521336306426,Predicted CLV Eligible,1201.0521336306426
13733.0,1.0,325.0,552.0,337.93,487.03000000000003,256.05280803349746,Predicted CLV Eligible,256.05280803349746
13734.0,2.0,94.0,419.0,3208.0450000000005,6695.690000000001,4529.155366249463,Predicted CLV Eligible,4529.155366249463
13735.0,8.0,492.0,543.0,915.595,7814.38,4394.414908910344,Predicted CLV Eligible,4394.414908910344
13736.0,4.0,473.0,550.0,417.34000000000003,2380.2,1054.2242924164384,Predicted CLV Eligible,1054.2242924164384
13737.0,0.0,0.0,17.0,0.0,339.59999999999997,,Not Eligible - One-Time Customer,339.59999999999997
13738.0,0.0,0.0,213.0,0.0,434.78000000000003,,Not Eligible - One-Time Customer,434.78000000000003
13739.0,0.0,0.0,344.0,0.0,75.3,,Not Eligible - One-Time Customer,75.3
13740.0,4.0,497.0,554.0,321.52,1582.77,809.8465759446234,Predicted CLV Eligible,809.8465759446234
13741.0,0.0,0.0,34.0,0.0,162.96,,Not Eligible - One-Time Customer,162.96
13742.0,6.0,136.0,137.0,280.4816666666667,2139.87,3227.057573365303,Predicted CLV Eligible,3227.057573365303
13743.0,1.0,42.0,76.0,211.44,353.15999999999997,778.4078066827021,Predicted CLV Eligible,778.4078066827021
13744.0,0.0,0.0,109.0,0.0,817.3199999999999,,Not Eligible - One-Time Customer,817.3199999999999
13745.0,0.0,0.0,363.0,0.0,477.32,,Not Eligible - One-Time Customer,477.32
13746.0,0.0,0.0,230.0,0.0,176.69,,Not Eligible - One-Time Customer,176.69
13747.0,1.0,51.0,241.0,79.6,169.79999999999998,112.8265774083274,Predicted CLV Eligible,112.8265774083274
13748.0,6.0,506.0,555.0,253.975,1696.95,920.5212269809698,Predicted CLV Eligible,920.5212269809698
13750.0,7.0,321.0,434.0,332.94571428571425,2643.7200000000003,1704.1475474964654,Predicted CLV Eligible,1704.1475474964654
13751.0,0.0,0.0,105.0,0.0,296.25,,Not Eligible - One-Time Customer,296.25
13752.0,4.0,343.0,344.0,222.88250000000002,1295.98,861.9916058913554,Predicted CLV Eligible,861.9916058913554
13753.0,3.0,449.0,553.0,484.1233333333333,2094.57,945.5325242870233,Predicted CLV Eligible,945.5325242870233
13754.0,1.0,120.0,254.0,156.0,320.45000000000005,234.39912765643874,Predicted CLV Eligible,234.39912765643874
13756.0,12.0,519.0,541.0,390.64916666666664,4870.04,2771.3034384787165,Predicted CLV Eligible,2771.3034384787165
13757.0,0.0,0.0,491.0,0.0,195.55,,Not Eligible - One-Time Customer,195.55
13758.0,12.0,537.0,555.0,571.9166666666666,7859.1,3962.086060199832,Predicted CLV Eligible,3962.086060199832
13760.0,3.0,337.0,410.0,304.54,1211.94,781.4861438528449,Predicted CLV Eligible,781.4861438528449
13761.0,2.0,154.0,473.0,284.81,881.52,408.5038261579568,Predicted CLV Eligible,408.5038261579568
13762.0,4.0,480.0,515.0,506.28,2472.48,1359.4975210672258,Predicted CLV Eligible,1359.4975210672258
13763.0,1.0,18.0,252.0,306.0,3502.48,298.26699271380227,Predicted CLV Eligible,298.26699271380227
13764.0,2.0,305.0,459.0,481.925,1900.0900000000001,786.6435597330259,Predicted CLV Eligible,786.6435597330259
13765.0,0.0,0.0,470.0,0.0,352.821,,Not Eligible - One-Time Customer,352.821
13766.0,0.0,0.0,312.0,0.0,190.35,,Not Eligible - One-Time Customer,190.35
13767.0,45.0,535.0,555.0,505.0377777777778,23924.5,12689.172465809623,Predicted CLV Eligible,12689.172465809623
13768.0,1.0,4.0,547.0,356.55,875.97,75.84222956579521,Predicted CLV Eligible,75.84222956579521
13769.0,13.0,516.0,540.0,301.1823076923077,4129.62,2311.8572759915937,Predicted CLV Eligible,2311.8572759915937
13770.0,3.0,308.0,547.0,203.67999999999998,785.37,393.34127495660795,Predicted CLV Eligible,393.34127495660795
13771.0,5.0,453.0,469.0,737.932,4559.22,2627.9545092035096,Predicted CLV Eligible,2627.9545092035096
13772.0,4.0,415.0,471.0,410.8025,2205.81,1194.5288092921814,Predicted CLV Eligible,1194.5288092921814
13773.0,1.0,263.0,476.0,210.14000000000001,301.54,183.62059156604215,Predicted CLV Eligible,183.62059156604215
13775.0,0.0,0.0,407.0,0.0,1049.66,,Not Eligible - One-Time Customer,1049.66
13776.0,0.0,0.0,245.0,0.0,623.98,,Not Eligible - One-Time Customer,623.98
13777.0,35.0,553.0,554.0,824.7828571428572,35017.42,16219.15116505374,Predicted CLV Eligible,16219.15116505374
13778.0,2.0,74.0,382.0,296.54,945.79,444.57790349697154,Predicted CLV Eligible,444.57790349697154
13779.0,0.0,0.0,332.0,0.0,161.13,,Not Eligible - One-Time Customer,161.13
13780.0,0.0,0.0,224.0,0.0,372.06,,Not Eligible - One-Time Customer,372.06
13781.0,2.0,471.0,538.0,232.195,778.83,338.3486443701401,Predicted CLV Eligible,338.3486443701401
13782.0,8.0,499.0,550.0,138.265,1238.52,661.8585228024803,Predicted CLV Eligible,661.8585228024803
13783.0,3.0,186.0,490.0,351.06999999999994,1542.09,678.7893335935165,Predicted CLV Eligible,678.7893335935165
13784.0,8.0,265.0,267.0,135.83499999999998,1475.87,1223.5115514339532,Predicted CLV Eligible,1223.5115514339532
13785.0,2.0,32.0,277.0,231.13,542.49,419.2166379173528,Predicted CLV Eligible,419.2166379173528
13786.0,5.0,369.0,553.0,480.98,3127.99,1441.2681796415206,Predicted CLV Eligible,1441.2681796415206
13787.0,4.0,330.0,511.0,213.88,1019.86,568.8854521153369,Predicted CLV Eligible,568.8854521153369
13788.0,0.0,0.0,322.0,0.0,3.75,,Not Eligible - One-Time Customer,3.75
13789.0,0.0,0.0,205.0,0.0,239.45999999999998,,Not Eligible - One-Time Customer,239.45999999999998
13792.0,1.0,135.0,239.0,74.60000000000001,263.0,130.9419547590653,Predicted CLV Eligible,130.9419547590653
13793.0,0.0,0.0,463.0,0.0,96.0,,Not Eligible - One-Time Customer,96.0
13794.0,0.0,0.0,363.0,0.0,126.03,,Not Eligible - One-Time Customer,126.03
13795.0,3.0,249.0,454.0,204.6,836.3,466.27903642358933,Predicted CLV Eligible,466.27903642358933
13796.0,0.0,0.0,316.0,0.0,289.7,,Not Eligible - One-Time Customer,289.7
13797.0,2.0,211.0,464.0,412.48,1179.45,640.4257054492439,Predicted CLV Eligible,640.4257054492439
13798.0,74.0,545.0,548.0,818.8208108108108,61076.74,34101.29791890742,Predicted CLV Eligible,34101.29791890742
13799.0,7.0,350.0,461.0,296.8728571428572,2456.41,1445.3486207128624,Predicted CLV Eligible,1445.3486207128624
13800.0,2.0,427.0,553.0,600.4300000000001,1679.56,835.0817464397654,Predicted CLV Eligible,835.0817464397654
13802.0,16.0,407.0,478.0,1524.1243749999999,24790.75,15750.559347017355,Predicted CLV Eligible,15750.559347017355
13803.0,2.0,363.0,435.0,452.68999999999994,1338.9099999999999,786.6250036630491,Predicted CLV Eligible,786.6250036630491
13804.0,2.0,147.0,253.0,376.815,1296.3600000000001,1021.2998554761693,Predicted CLV Eligible,1021.2998554761693
13807.0,2.0,368.0,552.0,157.125,422.2,222.58791151009845,Predicted CLV Eligible,222.58791151009845
13809.0,2.0,155.0,277.0,276.325,679.7,696.0402394433845,Predicted CLV Eligible,696.0402394433845
13811.0,1.0,4.0,56.0,222.75,481.5,890.6663360494297,Predicted CLV Eligible,890.6663360494297
13813.0,3.0,206.0,550.0,371.82,1398.6100000000001,639.9106291074842,Predicted CLV Eligible,639.9106291074842
13814.0,0.0,0.0,344.0,0.0,678.2,,Not Eligible - One-Time Customer,678.2
13815.0,4.0,347.0,482.0,930.3825,4460.39,2609.7409102315582,Predicted CLV Eligible,2609.7409102315582
13817.0,0.0,0.0,168.0,0.0,128.7,,Not Eligible - One-Time Customer,128.7
13818.0,0.0,0.0,246.0,0.0,61.28,,Not Eligible - One-Time Customer,61.28
13819.0,5.0,437.0,555.0,404.05,2642.35,1228.7295702541505,Predicted CLV Eligible,1228.7295702541505
13820.0,2.0,262.0,497.0,212.76500000000001,652.75,320.85988699811577,Predicted CLV Eligible,320.85988699811577
13821.0,4.0,443.0,521.0,245.23499999999999,1263.59,653.4746167862176,Predicted CLV Eligible,653.4746167862176
13823.0,4.0,344.0,541.0,513.56,2445.79,1284.1571750185708,Predicted CLV Eligible,1284.1571750185708
13824.0,9.0,434.0,454.0,305.76,2848.8,1934.2913802780415,Predicted CLV Eligible,1934.2913802780415
13825.0,1.0,109.0,547.0,112.23,255.59000000000003,65.38440819319877,Predicted CLV Eligible,65.38440819319877
13829.0,0.0,0.0,238.0,0.0,102.0,,Not Eligible - One-Time Customer,102.0
13830.0,0.0,0.0,398.0,0.0,156.85000000000002,,Not Eligible - One-Time Customer,156.85000000000002
13831.0,14.0,529.0,546.0,326.41285714285715,5480.54,2663.8187211967925,Predicted CLV Eligible,2663.8187211967925
13832.0,0.0,0.0,239.0,0.0,557.6899999999999,,Not Eligible - One-Time Customer,557.6899999999999
13833.0,0.0,0.0,221.0,0.0,316.56,,Not Eligible - One-Time Customer,316.56
13834.0,1.0,93.0,486.0,121.74,324.19,78.46997606596811,Predicted CLV Eligible,78.46997606596811
13835.0,3.0,430.0,462.0,154.9,589.15,363.6760896711217,Predicted CLV Eligible,363.6760896711217
13836.0,1.0,15.0,231.0,299.5,620.37,319.65013197140087,Predicted CLV Eligible,319.65013197140087
13837.0,1.0,106.0,134.0,157.54000000000002,266.59000000000003,419.81448701251287,Predicted CLV Eligible,419.81448701251287
13838.0,3.0,210.0,396.0,335.1566666666667,1245.91,852.9621059508023,Predicted CLV Eligible,852.9621059508023
13839.0,0.0,0.0,303.0,0.0,139.95000000000002,,Not Eligible - One-Time Customer,139.95000000000002
13840.0,0.0,0.0,233.0,0.0,651.4,,Not Eligible - One-Time Customer,651.4
13841.0,0.0,0.0,69.0,0.0,85.0,,Not Eligible - One-Time Customer,85.0
13842.0,12.0,462.0,478.0,283.17083333333335,3762.19,2248.423294474778,Predicted CLV Eligible,2248.423294474778
13843.0,0.0,0.0,198.0,0.0,319.75,,Not Eligible - One-Time Customer,319.75
13846.0,2.0,157.0,216.0,331.965,1106.66,1039.9981626853055,Predicted CLV Eligible,1039.9981626853055
13847.0,0.0,0.0,536.0,0.0,310.72,,Not Eligible - One-Time Customer,310.72
13848.0,6.0,433.0,547.0,369.1666666666667,2695.0,1342.316582461377,Predicted CLV Eligible,1342.316582461377
13849.0,2.0,227.0,441.0,710.8499999999999,1931.35,1168.4495056980822,Predicted CLV Eligible,1168.4495056980822
13851.0,4.0,391.0,496.0,500.50500000000005,2201.32,1380.485480703821,Predicted CLV Eligible,1380.485480703821
13852.0,0.0,0.0,427.0,0.0,187.35000000000002,,Not Eligible - One-Time Customer,187.35000000000002
13854.0,28.0,504.0,517.0,313.0682142857143,8994.58,5264.580781149705,Predicted CLV Eligible,5264.580781149705
13855.0,3.0,231.0,548.0,332.2966666666667,1310.3400000000001,598.2986949928136,Predicted CLV Eligible,598.2986949928136
13856.0,8.0,416.0,436.0,92.54375,847.9300000000001,549.3839190380039,Predicted CLV Eligible,549.3839190380039
13857.0,4.0,178.0,388.0,196.565,1001.01,624.5525046743836,Predicted CLV Eligible,624.5525046743836
13859.0,1.0,203.0,346.0,201.16,515.86,236.95990679863885,Predicted CLV Eligible,236.95990679863885
13861.0,1.0,101.0,347.0,144.82999999999998,273.26,147.99578219392183,Predicted CLV Eligible,147.99578219392183
13862.0,4.0,202.0,206.0,288.1275,1499.24,1696.022385584127,Predicted CLV Eligible,1696.022385584127
13863.0,3.0,346.0,410.0,311.6766666666667,1239.55,800.4776797233357,Predicted CLV Eligible,800.4776797233357
13864.0,0.0,0.0,203.0,0.0,662.4000000000001,,Not Eligible - One-Time Customer,662.4000000000001
13865.0,1.0,103.0,106.0,159.22,282.52,507.37910561132895,Predicted CLV Eligible,507.37910561132895
13867.0,0.0,0.0,35.0,0.0,138.85,,Not Eligible - One-Time Customer,138.85
13869.0,8.0,429.0,508.0,656.6875,6486.38,3337.014139692601,Predicted CLV Eligible,3337.014139692601
13870.0,6.0,382.0,486.0,478.93833333333333,3485.17,1934.4025226328204,Predicted CLV Eligible,1934.4025226328204
13871.0,8.0,513.0,536.0,415.54125,3878.33,2025.549586197426,Predicted CLV Eligible,2025.549586197426
13872.0,2.0,198.0,542.0,333.725,919.5699999999999,431.769768938336,Predicted CLV Eligible,431.769768938336
13873.0,6.0,428.0,463.0,121.695,879.72,523.7994905177476,Predicted CLV Eligible,523.7994905177476
13874.0,6.0,315.0,490.0,316.4666666666667,2049.15,1235.2818095367475,Predicted CLV Eligible,1235.2818095367475
13875.0,10.0,538.0,539.0,393.087,4095.46,2354.6040375932903,Predicted CLV Eligible,2354.6040375932903
13877.0,1.0,219.0,506.0,177.61,332.44000000000005,140.00693188895497,Predicted CLV Eligible,140.00693188895497
13878.0,2.0,57.0,421.0,282.175,1145.33,324.33178870466907,Predicted CLV Eligible,324.33178870466907
13879.0,0.0,0.0,462.0,0.0,395.5,,Not Eligible - One-Time Customer,395.5
13880.0,9.0,376.0,379.0,243.12111111111113,2413.66,1806.745062852971,Predicted CLV Eligible,1806.745062852971
13881.0,19.0,432.0,462.0,1505.4494736842105,31589.04,19122.059526418838,Predicted CLV Eligible,19122.059526418838
13883.0,10.0,513.0,548.0,560.367,5628.32,3298.1645757473284,Predicted CLV Eligible,3298.1645757473284
13884.0,5.0,193.0,287.0,197.046,1233.68,1061.7913498580713,Predicted CLV Eligible,1061.7913498580713
13885.0,1.0,11.0,17.0,107.65,506.79999999999995,784.5738825490997,Predicted CLV Eligible,784.5738825490997
13887.0,0.0,0.0,21.0,0.0,349.55,,Not Eligible - One-Time Customer,349.55
13888.0,3.0,357.0,392.0,450.83666666666664,1635.48,1203.2022803647112,Predicted CLV Eligible,1203.2022803647112
13889.0,4.0,304.0,503.0,313.7375,1574.33,835.2288647154578,Predicted CLV Eligible,835.2288647154578
13890.0,4.0,375.0,550.0,255.06750000000002,1233.92,637.0442018286282,Predicted CLV Eligible,637.0442018286282
13891.0,2.0,204.0,399.0,230.405,859.21,420.8813626617726,Predicted CLV Eligible,420.8813626617726
13892.0,2.0,329.0,392.0,81.97999999999999,689.2,165.1812783913074,Predicted CLV Eligible,165.1812783913074
13893.0,0.0,0.0,114.0,0.0,821.1,,Not Eligible - One-Time Customer,821.1
13894.0,0.0,0.0,127.0,0.0,160.85,,Not Eligible - One-Time Customer,160.85
13895.0,1.0,221.0,553.0,584.4499999999999,1415.4499999999998,397.0639661063864,Predicted CLV Eligible,397.0639661063864
13896.0,0.0,0.0,442.0,0.0,388.55,,Not Eligible - One-Time Customer,388.55
13897.0,1.0,239.0,494.0,366.89,849.56,294.20692815239846,Predicted CLV Eligible,294.20692815239846
13898.0,1.0,86.0,228.0,155.93,686.4000000000001,246.28692412997304,Predicted CLV Eligible,246.28692412997304
13899.0,0.0,0.0,91.0,0.0,298.5,,Not Eligible - One-Time Customer,298.5
13900.0,4.0,432.0,441.0,335.39750000000004,1602.0900000000001,1039.0909961636942,Predicted CLV Eligible,1039.0909961636942
13901.0,8.0,447.0,520.0,397.29125,3457.44,1981.8952058189225,Predicted CLV Eligible,1981.8952058189225
13902.0,4.0,92.0,541.0,8416.4,34095.259999999995,4995.015706696919,Predicted CLV Eligible,4995.015706696919
13903.0,0.0,0.0,217.0,0.0,165.45000000000002,,Not Eligible - One-Time Customer,165.45000000000002
13904.0,0.0,0.0,111.0,0.0,201.12,,Not Eligible - One-Time Customer,201.12
13905.0,0.0,0.0,549.0,0.0,312.65,,Not Eligible - One-Time Customer,312.65
13906.0,0.0,0.0,226.0,0.0,42.0,,Not Eligible - One-Time Customer,42.0
13907.0,0.0,0.0,508.0,0.0,136.8,,Not Eligible - One-Time Customer,136.8
13908.0,1.0,62.0,93.0,335.11,831.11,1084.099340778942,Predicted CLV Eligible,1084.099340778942
13909.0,1.0,98.0,338.0,170.39,282.84999999999997,176.31595334711207,Predicted CLV Eligible,176.31595334711207
13911.0,15.0,451.0,465.0,214.45,3357.99,2163.755907590258,Predicted CLV Eligible,2163.755907590258
13912.0,0.0,0.0,240.0,0.0,124.95,,Not Eligible - One-Time Customer,124.95
13913.0,0.0,0.0,323.0,0.0,42.22,,Not Eligible - One-Time Customer,42.22
13915.0,0.0,0.0,211.0,0.0,70.80000000000001,,Not Eligible - One-Time Customer,70.80000000000001
13916.0,3.0,212.0,492.0,303.77,1275.81,609.4936092884974,Predicted CLV Eligible,609.4936092884974
13917.0,0.0,0.0,8.0,0.0,65.38,,Not Eligible - One-Time Customer,65.38
13918.0,0.0,0.0,70.0,0.0,198.2,,Not Eligible - One-Time Customer,198.2
13919.0,1.0,116.0,357.0,358.6,975.87,351.19579434556954,Predicted CLV Eligible,351.19579434556954
13920.0,3.0,131.0,379.0,417.01,1774.68,994.5164644460185,Predicted CLV Eligible,994.5164644460185
13921.0,3.0,319.0,538.0,209.3166666666667,730.7,412.9818816451402,Predicted CLV Eligible,412.9818816451402
13922.0,2.0,116.0,284.0,221.0,865.2,529.0854259975544,Predicted CLV Eligible,529.0854259975544
13927.0,0.0,0.0,254.0,0.0,359.27,,Not Eligible - One-Time Customer,359.27
13929.0,7.0,368.0,511.0,412.0857142857143,3064.3,1812.163418547519,Predicted CLV Eligible,1812.163418547519
13931.0,6.0,456.0,553.0,530.3933333333333,4398.06,1911.9280349035967,Predicted CLV Eligible,1911.9280349035967
13932.0,0.0,0.0,111.0,0.0,307.4,,Not Eligible - One-Time Customer,307.4
13934.0,0.0,0.0,80.0,0.0,922.1,,Not Eligible - One-Time Customer,922.1
13935.0,2.0,56.0,469.0,1898.4450000000002,6116.92,1746.3463615774376,Predicted CLV Eligible,1746.3463615774376
13936.0,1.0,32.0,231.0,154.9,563.08,195.91991384456776,Predicted CLV Eligible,195.91991384456776
13937.0,0.0,0.0,219.0,0.0,721.28,,Not Eligible - One-Time Customer,721.28
13939.0,4.0,301.0,429.0,252.8825,1176.9099999999999,792.0546135267132,Predicted CLV Eligible,792.0546135267132
13941.0,10.0,426.0,540.0,625.208,7033.179999999999,3674.400810973426,Predicted CLV Eligible,3674.400810973426
13942.0,0.0,0.0,351.0,0.0,320.0,,Not Eligible - One-Time Customer,320.0
13943.0,0.0,0.0,394.0,0.0,246.54,,Not Eligible - One-Time Customer,246.54
13944.0,0.0,0.0,470.0,0.0,200.43,,Not Eligible - One-Time Customer,200.43
13945.0,1.0,85.0,296.0,338.5,854.15,383.2095978711549,Predicted CLV Eligible,383.2095978711549
13946.0,4.0,534.0,552.0,380.1075,1800.63,961.447986781856,Predicted CLV Eligible,961.447986781856
13948.0,3.0,375.0,552.0,131.03666666666666,548.76,258.8590940864099,Predicted CLV Eligible,258.8590940864099
13950.0,0.0,0.0,63.0,0.0,179.30999999999997,,Not Eligible - One-Time Customer,179.30999999999997
13951.0,1.0,58.0,111.0,303.49,516.05,853.9773998984541,Predicted CLV Eligible,853.9773998984541
13952.0,10.0,506.0,540.0,1159.6731,12823.520999999999,6909.9092965483305,Predicted CLV Eligible,6909.9092965483305
13953.0,7.0,518.0,545.0,625.0,4875.0,2646.205715029186,Predicted CLV Eligible,2646.205715029186
13955.0,1.0,70.0,192.0,205.1,426.21,366.4101138260601,Predicted CLV Eligible,366.4101138260601
13956.0,1.0,28.0,88.0,172.3,290.32,556.8394944159317,Predicted CLV Eligible,556.8394944159317
13957.0,2.0,241.0,475.0,177.70499999999998,458.25,279.3578441935718,Predicted CLV Eligible,279.3578441935718
13958.0,4.0,355.0,551.0,974.4200000000001,4709.23,2393.787046720891,Predicted CLV Eligible,2393.787046720891
13959.0,4.0,230.0,328.0,191.23000000000002,808.1700000000001,760.0693648867187,Predicted CLV Eligible,760.0693648867187
13961.0,0.0,0.0,209.0,0.0,538.4,,Not Eligible - One-Time Customer,538.4
13962.0,1.0,190.0,252.0,117.6,310.85,195.8712883689212,Predicted CLV Eligible,195.8712883689212
13963.0,16.0,289.0,414.0,159.70250000000001,2860.57,1586.3413638650206,Predicted CLV Eligible,1586.3413638650206
13964.0,1.0,43.0,247.0,133.25,438.9,167.25078463333705,Predicted CLV Eligible,167.25078463333705
13965.0,2.0,227.0,520.0,204.14999999999998,996.61,287.7044786637766,Predicted CLV Eligible,287.7044786637766
13966.0,0.0,0.0,252.0,0.0,384.26,,Not Eligible - One-Time Customer,384.26
13967.0,0.0,0.0,213.0,0.0,85.6,,Not Eligible - One-Time Customer,85.6
13968.0,0.0,0.0,240.0,0.0,123.66,,Not Eligible - One-Time Customer,123.66
13969.0,20.0,406.0,441.0,254.57600000000002,5452.47,3545.6728386347095,Predicted CLV Eligible,3545.6728386347095
13970.0,1.0,51.0,254.0,558.0,846.55,660.8850503027295,Predicted CLV Eligible,660.8850503027295
13971.0,8.0,468.0,499.0,327.07625,2883.83,1701.2198343423847,Predicted CLV Eligible,1701.2198343423847
13972.0,0.0,0.0,18.0,0.0,145.9,,Not Eligible - One-Time Customer,145.9
13973.0,0.0,0.0,104.0,0.0,264.7,,Not Eligible - One-Time Customer,264.7
13974.0,0.0,0.0,399.0,0.0,264.13,,Not Eligible - One-Time Customer,264.13
13975.0,7.0,460.0,492.0,457.89428571428573,3749.17,2127.210243655039,Predicted CLV Eligible,2127.210243655039
13976.0,3.0,462.0,485.0,305.65000000000003,1192.3600000000001,679.2787301680105,Predicted CLV Eligible,679.2787301680105
13977.0,0.0,0.0,228.0,0.0,519.8100000000001,,Not Eligible - One-Time Customer,519.8100000000001
13979.0,4.0,343.0,553.0,576.57,2510.06,1407.3679178619245,Predicted CLV Eligible,1407.3679178619245
13980.0,3.0,217.0,473.0,117.26,568.6800000000001,252.7853214234151,Predicted CLV Eligible,252.7853214234151
13981.0,0.0,0.0,232.0,0.0,331.14,,Not Eligible - One-Time Customer,331.14
13982.0,6.0,362.0,505.0,368.9216666666666,2986.2799999999997,1427.4952036513516,Predicted CLV Eligible,1427.4952036513516
13983.0,14.0,543.0,547.0,403.9692857142857,5831.52,3291.522709666953,Predicted CLV Eligible,3291.522709666953
13984.0,8.0,483.0,549.0,178.8775,1690.52,854.4435342624048,Predicted CLV Eligible,854.4435342624048
13985.0,9.0,484.0,485.0,433.52,4126.03,2584.69141756748,Predicted CLV Eligible,2584.69141756748
13987.0,1.0,21.0,217.0,305.08,682.54,372.5369189811093,Predicted CLV Eligible,372.5369189811093
13988.0,3.0,425.0,442.0,551.9066666666666,1965.9199999999998,1325.255423113169,Predicted CLV Eligible,1325.255423113169
13989.0,3.0,324.0,380.0,431.6566666666667,1656.65,1181.34637346392,Predicted CLV Eligible,1181.34637346392
13990.0,0.0,0.0,30.0,0.0,311.3,,Not Eligible - One-Time Customer,311.3
13992.0,1.0,83.0,280.0,66.8,142.7,91.15977812888838,Predicted CLV Eligible,91.15977812888838
13993.0,12.0,531.0,553.0,353.785,4802.17,2461.0392825619574,Predicted CLV Eligible,2461.0392825619574
13995.0,9.0,476.0,538.0,297.23,2818.77,1609.743460716568,Predicted CLV Eligible,1609.743460716568
13996.0,1.0,13.0,216.0,403.38,895.76,457.2670925625263,Predicted CLV Eligible,457.2670925625263
13997.0,1.0,31.0,367.0,232.91,376.46000000000004,149.52785138278713,Predicted CLV Eligible,149.52785138278713
13998.0,2.0,130.0,393.0,151.32500000000002,566.7,263.85124420051136,Predicted CLV Eligible,263.85124420051136
13999.0,20.0,520.0,551.0,324.836,6847.27,3707.884056059734,Predicted CLV Eligible,3707.884056059734
14000.0,4.0,526.0,554.0,463.58500000000004,2046.3400000000001,1166.5519587353062,Predicted CLV Eligible,1166.5519587353062
14001.0,6.0,261.0,310.0,499.0566666666667,3494.91,2999.4233856071137,Predicted CLV Eligible,2999.4233856071137
14003.0,0.0,0.0,549.0,0.0,209.41,,Not Eligible - One-Time Customer,209.41
14004.0,2.0,147.0,252.0,867.3399999999999,2575.83,2338.8324531605854,Predicted CLV Eligible,2338.8324531605854
14005.0,0.0,0.0,32.0,0.0,187.16,,Not Eligible - One-Time Customer,187.16
14006.0,5.0,411.0,469.0,313.182,1896.57,1116.6460972554569,Predicted CLV Eligible,1116.6460972554569
14007.0,0.0,0.0,329.0,0.0,79.48,,Not Eligible - One-Time Customer,79.48
14008.0,0.0,0.0,249.0,0.0,509.04,,Not Eligible - One-Time Customer,509.04
14009.0,2.0,264.0,279.0,347.805,1099.91,893.7180111024305,Predicted CLV Eligible,893.7180111024305
14010.0,0.0,0.0,382.0,0.0,445.15,,Not Eligible - One-Time Customer,445.15
14011.0,1.0,127.0,424.0,165.48000000000002,457.82,139.49417042739205,Predicted CLV Eligible,139.49417042739205
14012.0,0.0,0.0,94.0,0.0,328.8,,Not Eligible - One-Time Customer,328.8
14013.0,2.0,348.0,440.0,277.925,730.05,480.5941211048593,Predicted CLV Eligible,480.5941211048593
14014.0,1.0,200.0,393.0,1166.37,1443.0299999999997,1139.7012671595717,Predicted CLV Eligible,1139.7012671595717
14016.0,9.0,493.0,517.0,1026.2633333333333,10426.83,5760.948028825765,Predicted CLV Eligible,5760.948028825765
14017.0,0.0,0.0,388.0,0.0,229.75,,Not Eligible - One-Time Customer,229.75
14018.0,0.0,0.0,462.0,0.0,367.15000000000003,,Not Eligible - One-Time Customer,367.15000000000003
14020.0,1.0,53.0,346.0,301.53,606.21,245.3951358573177,Predicted CLV Eligible,245.3951358573177
14021.0,5.0,381.0,409.0,257.058,1586.38,1038.64432007615,Predicted CLV Eligible,1038.64432007615
14022.0,1.0,261.0,303.0,440.0,792.1500000000001,596.6656359446148,Predicted CLV Eligible,596.6656359446148
14023.0,0.0,0.0,67.0,0.0,273.14,,Not Eligible - One-Time Customer,273.14
14024.0,0.0,0.0,207.0,0.0,318.04,,Not Eligible - One-Time Customer,318.04
14025.0,7.0,119.0,400.0,546.35,4057.9,586.7708811077687,Predicted CLV Eligible,586.7708811077687
14026.0,1.0,155.0,442.0,326.58,713.11,268.1416717368009,Predicted CLV Eligible,268.1416717368009
14028.0,0.0,0.0,367.0,0.0,10396.5,,Not Eligible - One-Time Customer,10396.5
14030.0,12.0,486.0,546.0,489.8775,6597.9800000000005,3432.907222771905,Predicted CLV Eligible,3432.907222771905
14031.0,31.0,540.0,553.0,875.1958064516128,29637.21,15290.080218640593,Predicted CLV Eligible,15290.080218640593
14032.0,9.0,519.0,542.0,310.7877777777778,3106.39,1676.7521425713985,Predicted CLV Eligible,1676.7521425713985
14033.0,0.0,0.0,372.0,0.0,109.44,,Not Eligible - One-Time Customer,109.44
14035.0,5.0,345.0,429.0,374.11,2067.31,1436.248159207143,Predicted CLV Eligible,1436.248159207143
14036.0,0.0,0.0,101.0,0.0,626.65,,Not Eligible - One-Time Customer,626.65
14037.0,4.0,368.0,549.0,145.805,801.55,367.19917511726527,Predicted CLV Eligible,367.19917511726527
14038.0,2.0,466.0,490.0,760.635,2225.82,1189.1475982162083,Predicted CLV Eligible,1189.1475982162083
14039.0,0.0,0.0,392.0,0.0,115.08000000000001,,Not Eligible - One-Time Customer,115.08000000000001
14040.0,25.0,523.0,555.0,390.74559999999997,10401.97,5504.738833769992,Predicted CLV Eligible,5504.738833769992
14041.0,0.0,0.0,83.0,0.0,141.41,,Not Eligible - One-Time Customer,141.41
14042.0,0.0,0.0,542.0,0.0,431.98,,Not Eligible - One-Time Customer,431.98
14043.0,1.0,238.0,546.0,138.29,302.6,103.52192369872361,Predicted CLV Eligible,103.52192369872361
14044.0,5.0,375.0,501.0,473.09800000000007,2601.72,1571.045049615364,Predicted CLV Eligible,1571.045049615364
14045.0,12.0,363.0,517.0,848.5524999999999,10578.63,5800.812484375205,Predicted CLV Eligible,5800.812484375205
14046.0,0.0,0.0,101.0,0.0,154.99,,Not Eligible - One-Time Customer,154.99
14047.0,9.0,477.0,493.0,307.4644444444445,3295.42,1807.42536734313,Predicted CLV Eligible,1807.42536734313
14048.0,1.0,77.0,199.0,409.93,748.69,698.7266308720765,Predicted CLV Eligible,698.7266308720765
14049.0,7.0,417.0,434.0,1371.52,10462.49,7113.832999984821,Predicted CLV Eligible,7113.832999984821
14051.0,22.0,523.0,553.0,503.705,11994.07,6284.392955461057,Predicted CLV Eligible,6284.392955461057
14052.0,0.0,0.0,207.0,0.0,241.3,,Not Eligible - One-Time Customer,241.3
14053.0,1.0,89.0,303.0,141.25,312.05,164.690909995938,Predicted CLV Eligible,164.690909995938
14055.0,1.0,146.0,540.0,521.0,795.3199999999999,320.1873332857762,Predicted CLV Eligible,320.1873332857762
14056.0,10.0,100.0,101.0,307.146,3653.83,6994.435401338958,Predicted CLV Eligible,6994.435401338958
14057.0,10.0,537.0,553.0,468.56899999999996,4805.23,2739.2926579364103,Predicted CLV Eligible,2739.2926579364103
14058.0,1.0,68.0,347.0,147.96,469.19000000000005,134.47900602275908,Predicted CLV Eligible,134.47900602275908
14059.0,0.0,0.0,83.0,0.0,183.6,,Not Eligible - One-Time Customer,183.6
14060.0,18.0,433.0,455.0,308.17611111111114,5714.92,3774.5256083372456,Predicted CLV Eligible,3774.5256083372456
14061.0,2.0,231.0,555.0,271.5,917.4300000000001,354.63096821467065,Predicted CLV Eligible,354.63096821467065
14062.0,15.0,490.0,546.0,1272.1213333333333,19955.43,11032.60694776918,Predicted CLV Eligible,11032.60694776918
14063.0,7.0,293.0,548.0,2893.9485714285715,22710.199999999997,10312.60190634344,Predicted CLV Eligible,10312.60190634344
14064.0,11.0,476.0,504.0,214.17363636363635,2768.06,1493.4413181450038,Predicted CLV Eligible,1493.4413181450038
14065.0,2.0,42.0,248.0,290.075,891.02,656.7976232290811,Predicted CLV Eligible,656.7976232290811
14066.0,0.0,0.0,83.0,0.0,152.55,,Not Eligible - One-Time Customer,152.55
14068.0,3.0,357.0,494.0,342.98333333333335,1516.72,739.2232243850644,Predicted CLV Eligible,739.2232243850644
14069.0,1.0,47.0,378.0,110.44,225.81,81.14730777836542,Predicted CLV Eligible,81.14730777836542
14070.0,0.0,0.0,501.0,0.0,321.6,,Not Eligible - One-Time Customer,321.6
14071.0,1.0,4.0,81.0,131.41,356.81,414.6852339291589,Predicted CLV Eligible,414.6852339291589
14072.0,0.0,0.0,483.0,0.0,390.85,,Not Eligible - One-Time Customer,390.85
14074.0,0.0,0.0,440.0,0.0,219.39999999999998,,Not Eligible - One-Time Customer,219.39999999999998
14075.0,3.0,280.0,358.0,363.51,1100.53,1045.4808599711992,Predicted CLV Eligible,1045.4808599711992
14077.0,2.0,170.0,212.0,99.805,315.27,331.68462278481474,Predicted CLV Eligible,331.68462278481474
14078.0,7.0,437.0,438.0,138.22,1332.01,719.4470235143406,Predicted CLV Eligible,719.4470235143406
14079.0,0.0,0.0,499.0,0.0,243.63,,Not Eligible - One-Time Customer,243.63
14080.0,3.0,324.0,554.0,278.40333333333336,1070.08,531.4360703089442,Predicted CLV Eligible,531.4360703089442
14081.0,7.0,427.0,546.0,582.8071428571428,4867.57,2436.749405122396,Predicted CLV Eligible,2436.749405122396
14082.0,1.0,28.0,209.0,182.25,413.36,251.37777775332106,Predicted CLV Eligible,251.37777775332106
14083.0,5.0,522.0,538.0,97.812,553.23,314.2931779886973,Predicted CLV Eligible,314.2931779886973
14084.0,0.0,0.0,329.0,0.0,150.5,,Not Eligible - One-Time Customer,150.5
14085.0,23.0,533.0,548.0,333.3782608695652,8084.54,4386.987937120966,Predicted CLV Eligible,4386.987937120966
14086.0,0.0,0.0,279.0,0.0,39.95,,Not Eligible - One-Time Customer,39.95
14087.0,1.0,331.0,552.0,402.56,638.0,304.4886905033033,Predicted CLV Eligible,304.4886905033033
14088.0,3.0,231.0,238.0,5401.5633333333335,28899.83,21835.32934809804,Predicted CLV Eligible,21835.32934809804
14090.0,0.0,0.0,141.0,0.0,76.32000000000001,,Not Eligible - One-Time Customer,76.32000000000001
14091.0,1.0,44.0,515.0,4010.08,9530.08,1597.8919233278896,Predicted CLV Eligible,1597.8919233278896
14092.0,15.0,527.0,540.0,320.9206666666667,4950.01,2827.59090939709,Predicted CLV Eligible,2827.59090939709
14094.0,0.0,0.0,256.0,0.0,311.77,,Not Eligible - One-Time Customer,311.77
14095.0,0.0,0.0,539.0,0.0,2.95,,Not Eligible - One-Time Customer,2.95
14097.0,1.0,164.0,462.0,290.86,422.86,230.82877864429906,Predicted CLV Eligible,230.82877864429906
14099.0,13.0,511.0,546.0,275.67,3968.2,2093.959695068664,Predicted CLV Eligible,2093.959695068664
14101.0,10.0,424.0,438.0,748.781,8144.53,5390.955119281291,Predicted CLV Eligible,5390.955119281291
14104.0,2.0,171.0,377.0,184.425,527.3199999999999,351.0636548806397,Predicted CLV Eligible,351.0636548806397
14105.0,4.0,482.0,538.0,1335.6325000000002,5988.83,3430.963440427387,Predicted CLV Eligible,3430.963440427387
14106.0,0.0,0.0,554.0,0.0,214.79999999999998,,Not Eligible - One-Time Customer,214.79999999999998
14107.0,7.0,510.0,547.0,497.9842857142857,3649.15,2101.6699535719026,Predicted CLV Eligible,2101.6699535719026
14108.0,1.0,7.0,555.0,194.75,447.05,43.84896666749125,Predicted CLV Eligible,43.84896666749125
14110.0,21.0,518.0,555.0,415.29809523809524,9006.32,4933.034194516557,Predicted CLV Eligible,4933.034194516557
14111.0,0.0,0.0,58.0,0.0,94.2,,Not Eligible - One-Time Customer,94.2
14112.0,6.0,451.0,471.0,506.3983333333333,4071.94,2122.9578603084656,Predicted CLV Eligible,2122.9578603084656
14113.0,11.0,377.0,548.0,464.0954545454546,5685.6900000000005,2771.4419428651986,Predicted CLV Eligible,2771.4419428651986
14114.0,6.0,333.0,423.0,175.05666666666664,1364.09,805.9844195828618,Predicted CLV Eligible,805.9844195828618
14115.0,1.0,165.0,483.0,504.87,622.6700000000001,373.6218287290491,Predicted CLV Eligible,373.6218287290491
14118.0,0.0,0.0,245.0,0.0,458.45,,Not Eligible - One-Time Customer,458.45
14119.0,1.0,343.0,535.0,116.89,183.37,98.50438552307816,Predicted CLV Eligible,98.50438552307816
14122.0,2.0,331.0,554.0,136.36,362.42,191.707222738813,Predicted CLV Eligible,191.707222738813
14123.0,0.0,0.0,550.0,0.0,436.18,,Not Eligible - One-Time Customer,436.18
14126.0,0.0,0.0,261.0,0.0,466.33000000000004,,Not Eligible - One-Time Customer,466.33000000000004
14127.0,4.0,169.0,242.0,289.87,1642.6000000000001,1478.922101995536,Predicted CLV Eligible,1478.922101995536
14128.0,1.0,296.0,368.0,305.54,592.25,351.6184425372712,Predicted CLV Eligible,351.6184425372712
14129.0,4.0,319.0,396.0,354.115,1826.3799999999999,1197.3263267175523,Predicted CLV Eligible,1197.3263267175523
14130.0,3.0,409.0,545.0,506.3,1858.77,997.3055291324176,Predicted CLV Eligible,997.3055291324176
14131.0,0.0,0.0,465.0,0.0,168.22,,Not Eligible - One-Time Customer,168.22
14133.0,1.0,418.0,550.0,318.0,623.5,253.4131803730136,Predicted CLV Eligible,253.4131803730136
14134.0,10.0,347.0,546.0,1046.219,11123.35,5450.919665851033,Predicted CLV Eligible,5450.919665851033
14135.0,16.0,551.0,554.0,365.6575,6590.82,3350.483585611592,Predicted CLV Eligible,3350.483585611592
14136.0,4.0,331.0,548.0,317.00750000000005,1570.8100000000002,780.3167583062659,Predicted CLV Eligible,780.3167583062659
14137.0,0.0,0.0,512.0,0.0,332.7,,Not Eligible - One-Time Customer,332.7
14139.0,2.0,52.0,359.0,163.32999999999998,670.98,237.92885887831193,Predicted CLV Eligible,237.92885887831193
14142.0,1.0,273.0,463.0,311.81,671.34,278.15163062626146,Predicted CLV Eligible,278.15163062626146
14144.0,0.0,0.0,303.0,0.0,30.599999999999998,,Not Eligible - One-Time Customer,30.599999999999998
14145.0,3.0,393.0,427.0,1200.95,4986.45,2958.035324122828,Predicted CLV Eligible,2958.035324122828
14146.0,6.0,441.0,512.0,1069.02,7163.03,4134.07366013771,Predicted CLV Eligible,4134.07366013771
14147.0,5.0,355.0,457.0,408.28000000000003,2289.6,1477.708026258027,Predicted CLV Eligible,1477.708026258027
14148.0,1.0,181.0,231.0,157.2,466.29,276.0627274242857,Predicted CLV Eligible,276.0627274242857
14149.0,0.0,0.0,37.0,0.0,446.62,,Not Eligible - One-Time Customer,446.62
14150.0,0.0,0.0,176.0,0.0,306.18,,Not Eligible - One-Time Customer,306.18
14151.0,1.0,43.0,533.0,327.4,679.45,125.89645904837828,Predicted CLV Eligible,125.89645904837828
14152.0,4.0,425.0,476.0,347.3125,1690.56,1002.1968382487196,Predicted CLV Eligible,1002.1968382487196
14153.0,0.0,0.0,300.0,0.0,233.4,,Not Eligible - One-Time Customer,233.4
14154.0,5.0,456.0,512.0,1186.072,6460.7,3889.836440773548,Predicted CLV Eligible,3889.836440773548
14155.0,0.0,0.0,83.0,0.0,118.75,,Not Eligible - One-Time Customer,118.75
14156.0,92.0,552.0,555.0,2608.816195652174,241077.89,133323.35890719816,Predicted CLV Eligible,133323.35890719816
14157.0,3.0,361.0,463.0,223.37666666666667,822.98,515.6666277889883,Predicted CLV Eligible,515.6666277889883
14159.0,10.0,549.0,553.0,393.793,4331.58,2304.365872537237,Predicted CLV Eligible,2304.365872537237
14160.0,6.0,88.0,515.0,794.515,8421.470000000001,97.34765318641132,Predicted CLV Eligible,97.34765318641132
14161.0,6.0,511.0,543.0,415.29999999999995,2996.93,1532.3870343301166,Predicted CLV Eligible,1532.3870343301166
14162.0,0.0,0.0,109.0,0.0,177.68,,Not Eligible - One-Time Customer,177.68
14163.0,2.0,263.0,279.0,374.895,898.5,962.0494219683545,Predicted CLV Eligible,962.0494219683545
14165.0,0.0,0.0,92.0,0.0,120.44,,Not Eligible - One-Time Customer,120.44
14166.0,1.0,121.0,443.0,141.15,251.15,112.04686334627257,Predicted CLV Eligible,112.04686334627257
14167.0,5.0,418.0,498.0,163.75,970.7,555.9590668678507,Predicted CLV Eligible,555.9590668678507
14168.0,1.0,144.0,381.0,67.5,370.45,73.56292680367302,Predicted CLV Eligible,73.56292680367302
14169.0,1.0,14.0,261.0,145.2,621.51,134.51876481922034,Predicted CLV Eligible,134.51876481922034
14170.0,2.0,20.0,212.0,210.65499999999997,570.18,500.968717617084,Predicted CLV Eligible,500.968717617084
14171.0,0.0,0.0,547.0,0.0,135.0,,Not Eligible - One-Time Customer,135.0
14172.0,2.0,37.0,459.0,124.33500000000001,369.02,98.11491726501049,Predicted CLV Eligible,98.11491726501049
14173.0,2.0,511.0,547.0,112.80000000000001,249.2,166.5866556119289,Predicted CLV Eligible,166.5866556119289
14175.0,5.0,298.0,444.0,785.4399999999999,4779.16,2867.615877155151,Predicted CLV Eligible,2867.615877155151
14176.0,3.0,84.0,198.0,192.30000000000004,756.46,866.0140019295893,Predicted CLV Eligible,866.0140019295893
14177.0,5.0,270.0,468.0,237.548,1660.23,809.0227182471672,Predicted CLV Eligible,809.0227182471672
14180.0,22.0,363.0,365.0,215.94545454545457,4802.6,3909.7140292379286,Predicted CLV Eligible,3909.7140292379286
14181.0,1.0,152.0,379.0,94.45,308.35,100.54539884355763,Predicted CLV Eligible,100.54539884355763
14182.0,3.0,153.0,413.0,173.82333333333335,678.77,396.4172145149777,Predicted CLV Eligible,396.4172145149777
14183.0,1.0,70.0,298.0,138.76,278.34000000000003,155.32647142860569,Predicted CLV Eligible,155.32647142860569
14185.0,0.0,0.0,148.0,0.0,197.65,,Not Eligible - One-Time Customer,197.65
14186.0,4.0,217.0,461.0,336.5725,1550.63,913.9008681835625,Predicted CLV Eligible,913.9008681835625
14187.0,0.0,0.0,290.0,0.0,123.5,,Not Eligible - One-Time Customer,123.5
14188.0,1.0,96.0,127.0,362.9,760.9,960.7660149602397,Predicted CLV Eligible,960.7660149602397
14189.0,7.0,188.0,205.0,308.01000000000005,3005.14,3009.980076930548,Predicted CLV Eligible,3009.980076930548
14190.0,0.0,0.0,483.0,0.0,79.9,,Not Eligible - One-Time Customer,79.9
14191.0,4.0,544.0,545.0,225.925,919.6,581.5708871477095,Predicted CLV Eligible,581.5708871477095
14192.0,0.0,0.0,205.0,0.0,293.74,,Not Eligible - One-Time Customer,293.74
14193.0,1.0,127.0,213.0,422.53999999999996,779.3399999999999,730.24521752525,Predicted CLV Eligible,730.24521752525
14194.0,13.0,506.0,519.0,772.24,10728.94,6136.396223526161,Predicted CLV Eligible,6136.396223526161
14195.0,4.0,433.0,451.0,452.1,2615.6,1369.26843294938,Predicted CLV Eligible,1369.26843294938
14197.0,0.0,0.0,227.0,0.0,390.05,,Not Eligible - One-Time Customer,390.05
14198.0,5.0,464.0,520.0,183.276,1051.63,599.1540893675684,Predicted CLV Eligible,599.1540893675684
14199.0,3.0,312.0,347.0,290.34999999999997,1091.6999999999998,865.1264021735428,Predicted CLV Eligible,865.1264021735428
14200.0,0.0,0.0,434.0,0.0,379.2,,Not Eligible - One-Time Customer,379.2
14201.0,6.0,402.0,405.0,112.54166666666667,857.2,547.0365175401403,Predicted CLV Eligible,547.0365175401403
14202.0,2.0,243.0,441.0,303.28,847.76,507.9246738532136,Predicted CLV Eligible,507.9246738532136
14203.0,0.0,0.0,214.0,0.0,339.34,,Not Eligible - One-Time Customer,339.34
14204.0,2.0,315.0,554.0,251.475,874.22,345.101786317055,Predicted CLV Eligible,345.101786317055
14205.0,6.0,378.0,459.0,322.9583333333333,2170.4,1380.0303302859925,Predicted CLV Eligible,1380.0303302859925
14206.0,2.0,163.0,219.0,321.28,1185.0099999999998,997.2575267606525,Predicted CLV Eligible,997.2575267606525
14207.0,0.0,0.0,504.0,0.0,157.8,,Not Eligible - One-Time Customer,157.8
14208.0,0.0,0.0,368.0,0.0,415.31,,Not Eligible - One-Time Customer,415.31
14209.0,11.0,473.0,503.0,340.5490909090909,4002.99,2374.2007553645176,Predicted CLV Eligible,2374.2007553645176
14210.0,13.0,505.0,519.0,355.5746153846154,5250.38,2829.194966573293,Predicted CLV Eligible,2829.194966573293
14211.0,11.0,523.0,547.0,262.1163636363636,3071.08,1696.5252862684513,Predicted CLV Eligible,1696.5252862684513
14212.0,0.0,0.0,262.0,0.0,1119.6599999999999,,Not Eligible - One-Time Customer,1119.6599999999999
14213.0,0.0,0.0,221.0,0.0,1192.2,,Not Eligible - One-Time Customer,1192.2
14214.0,0.0,0.0,94.0,0.0,638.65,,Not Eligible - One-Time Customer,638.65
14215.0,6.0,545.0,548.0,355.54833333333335,2558.88,1303.867849810019,Predicted CLV Eligible,1303.867849810019
14216.0,0.0,0.0,231.0,0.0,310.74,,Not Eligible - One-Time Customer,310.74
14217.0,13.0,343.0,344.0,143.55846153846153,2282.86,1649.0730751053084,Predicted CLV Eligible,1649.0730751053084
14219.0,1.0,84.0,310.0,148.25,543.89,165.0952912818629,Predicted CLV Eligible,165.0952912818629
14220.0,3.0,322.0,386.0,402.3666666666666,1515.0,1085.966104108653,Predicted CLV Eligible,1085.966104108653
14221.0,9.0,422.0,429.0,477.0133333333333,4738.52,3170.5740361693083,Predicted CLV Eligible,3170.5740361693083
14223.0,0.0,0.0,81.0,0.0,304.9,,Not Eligible - One-Time Customer,304.9
14224.0,6.0,329.0,361.0,160.5533333333333,1324.05,856.4558486627386,Predicted CLV Eligible,856.4558486627386
14225.0,3.0,262.0,513.0,462.5233333333333,2031.07,922.9043546764366,Predicted CLV Eligible,922.9043546764366
14226.0,2.0,231.0,258.0,846.0,2462.34,2292.0835473071515,Predicted CLV Eligible,2292.0835473071515
14227.0,7.0,473.0,486.0,711.3199999999999,5417.27,3340.3716274682374,Predicted CLV Eligible,3340.3716274682374
14228.0,2.0,109.0,363.0,332.225,745.5,597.59862837231,Predicted CLV Eligible,597.59862837231
14229.0,4.0,180.0,288.0,354.8325,1808.97,1548.4271473270612,Predicted CLV Eligible,1548.4271473270612
14230.0,1.0,113.0,365.0,504.3,979.8,473.04686116200514,Predicted CLV Eligible,473.04686116200514
14231.0,2.0,218.0,267.0,308.975,927.86,820.34666581956,Predicted CLV Eligible,820.34666581956
14232.0,1.0,78.0,81.0,310.79,1003.97,1132.1231416296278,Predicted CLV Eligible,1132.1231416296278
14233.0,5.0,433.0,461.0,395.07000000000005,2400.65,1431.5594981573513,Predicted CLV Eligible,1431.5594981573513
14235.0,4.0,393.0,436.0,615.875,2837.6800000000003,1915.2436209425687,Predicted CLV Eligible,1915.2436209425687
14236.0,3.0,133.0,322.0,317.34999999999997,1253.78,928.454133365401,Predicted CLV Eligible,928.454133365401
14237.0,1.0,217.0,407.0,161.0,471.14,163.47384156569447,Predicted CLV Eligible,163.47384156569447
14238.0,2.0,408.0,551.0,137.565,434.23,197.68083867259622,Predicted CLV Eligible,197.68083867259622
14239.0,15.0,534.0,551.0,202.70733333333334,3177.36,1755.8229377742632,Predicted CLV Eligible,1755.8229377742632
14240.0,1.0,198.0,240.0,226.85,584.0,380.3698427944462,Predicted CLV Eligible,380.3698427944462
14241.0,0.0,0.0,513.0,0.0,120.0,,Not Eligible - One-Time Customer,120.0
14242.0,1.0,91.0,142.0,142.2,280.54999999999995,357.6973121992429,Predicted CLV Eligible,357.6973121992429
14243.0,11.0,231.0,293.0,325.6045454545455,6142.05,3587.83532422608,Predicted CLV Eligible,3587.83532422608
14244.0,0.0,0.0,477.0,0.0,366.41999999999996,,Not Eligible - One-Time Customer,366.41999999999996
14245.0,1.0,44.0,80.0,688.35,1693.45,2365.5496086150374,Predicted CLV Eligible,2365.5496086150374
14246.0,0.0,0.0,62.0,0.0,449.64,,Not Eligible - One-Time Customer,449.64
14247.0,4.0,273.0,368.0,142.3025,753.56,516.773646272568,Predicted CLV Eligible,516.773646272568
14248.0,2.0,197.0,332.0,360.485,1032.95,778.2113178557732,Predicted CLV Eligible,778.2113178557732
14249.0,7.0,269.0,496.0,724.6444285714286,5400.461,2889.41537951391,Predicted CLV Eligible,2889.41537951391
14252.0,0.0,0.0,198.0,0.0,350.99,,Not Eligible - One-Time Customer,350.99
14253.0,1.0,130.0,440.0,158.05,363.40000000000003,128.4208426621976,Predicted CLV Eligible,128.4208426621976
14254.0,0.0,0.0,249.0,0.0,601.03,,Not Eligible - One-Time Customer,601.03
14255.0,0.0,0.0,363.0,0.0,1000.63,,Not Eligible - One-Time Customer,1000.63
14256.0,3.0,434.0,511.0,506.83,2460.79,1065.0084448392345,Predicted CLV Eligible,1065.0084448392345
14257.0,5.0,464.0,465.0,539.196,3885.32,1938.652560707084,Predicted CLV Eligible,1938.652560707084
14258.0,18.0,536.0,552.0,1429.3433333333332,26989.18,14698.817477957058,Predicted CLV Eligible,14698.817477957058
14260.0,1.0,77.0,365.0,285.48,824.28,243.1862105431169,Predicted CLV Eligible,243.1862105431169
14262.0,0.0,0.0,57.0,0.0,240.0,,Not Eligible - One-Time Customer,240.0
14263.0,0.0,0.0,240.0,0.0,322.93,,Not Eligible - One-Time Customer,322.93
14264.0,4.0,366.0,428.0,204.12750000000003,1299.09,650.1707910316188,Predicted CLV Eligible,650.1707910316188
14265.0,1.0,148.0,429.0,590.65,843.17,488.801965655216,Predicted CLV Eligible,488.801965655216
14266.0,0.0,0.0,245.0,0.0,40.56,,Not Eligible - One-Time Customer,40.56
14267.0,0.0,0.0,77.0,0.0,836.36,,Not Eligible - One-Time Customer,836.36
14268.0,0.0,0.0,287.0,0.0,354.85,,Not Eligible - One-Time Customer,354.85
14269.0,0.0,0.0,256.0,0.0,295.73,,Not Eligible - One-Time Customer,295.73
14270.0,0.0,0.0,148.0,0.0,492.65000000000003,,Not Eligible - One-Time Customer,492.65000000000003
14271.0,1.0,184.0,226.0,112.32,214.18,207.28835954156534,Predicted CLV Eligible,207.28835954156534
14272.0,2.0,328.0,399.0,220.175,614.94,418.12129896864315,Predicted CLV Eligible,418.12129896864315
14273.0,1.0,25.0,59.0,105.9,218.7,466.26259003950213,Predicted CLV Eligible,466.26259003950213
14274.0,0.0,0.0,503.0,0.0,256.6,,Not Eligible - One-Time Customer,256.6
14275.0,4.0,212.0,424.0,252.945,1189.38,757.8048006020673,Predicted CLV Eligible,757.8048006020673
14276.0,3.0,371.0,477.0,338.75,1324.1399999999999,756.8964154262172,Predicted CLV Eligible,756.8964154262172
14277.0,5.0,514.0,543.0,2881.044,14638.64,8967.110500824601,Predicted CLV Eligible,8967.110500824601
14278.0,0.0,0.0,226.0,0.0,205.83,,Not Eligible - One-Time Customer,205.83
14279.0,1.0,161.0,498.0,81.36,191.86,64.27764644990025,Predicted CLV Eligible,64.27764644990025
14280.0,0.0,0.0,13.0,0.0,134.04,,Not Eligible - One-Time Customer,134.04
14281.0,0.0,0.0,225.0,0.0,245.15,,Not Eligible - One-Time Customer,245.15
14282.0,14.0,459.0,479.0,316.6857142857143,5330.6,2907.4076004989092,Predicted CLV Eligible,2907.4076004989092
14283.0,3.0,106.0,386.0,131.79666666666665,628.44,284.2969651750199,Predicted CLV Eligible,284.2969651750199
14284.0,0.0,0.0,470.0,0.0,704.4,,Not Eligible - One-Time Customer,704.4
14285.0,3.0,218.0,548.0,407.7366666666667,1374.4099999999999,719.1772282350229,Predicted CLV Eligible,719.1772282350229
14286.0,3.0,493.0,552.0,1430.1899999999998,5901.09,2794.426419005775,Predicted CLV Eligible,2794.426419005775
14287.0,0.0,0.0,15.0,0.0,83.28,,Not Eligible - One-Time Customer,83.28
14288.0,0.0,0.0,30.0,0.0,426.6,,Not Eligible - One-Time Customer,426.6
14289.0,2.0,90.0,106.0,135.99,594.22,739.9136381326298,Predicted CLV Eligible,739.9136381326298
14290.0,3.0,370.0,548.0,702.9466666666667,2979.4700000000003,1364.2846858646499,Predicted CLV Eligible,1364.2846858646499
14291.0,8.0,520.0,547.0,653.225,5634.31,3121.487915827094,Predicted CLV Eligible,3121.487915827094
14292.0,6.0,426.0,447.0,795.8249999999999,5479.53,3490.163687612332,Predicted CLV Eligible,3490.163687612332
14293.0,5.0,424.0,546.0,325.354,2364.4700000000003,1004.6412256359991,Predicted CLV Eligible,1004.6412256359991
14294.0,0.0,0.0,224.0,0.0,375.34,,Not Eligible - One-Time Customer,375.34
14295.0,3.0,293.0,548.0,728.9033333333333,2196.71,1375.437775568276,Predicted CLV Eligible,1375.437775568276
14296.0,1.0,153.0,391.0,288.15,456.4,274.3293057222019,Predicted CLV Eligible,274.3293057222019
14297.0,0.0,0.0,91.0,0.0,232.6,,Not Eligible - One-Time Customer,232.6
14298.0,34.0,538.0,545.0,1999.6288235294119,70161.18000000001,38769.50089568417,Predicted CLV Eligible,38769.50089568417
14299.0,19.0,419.0,554.0,506.23421052631585,11670.57,4837.398520157275,Predicted CLV Eligible,4837.398520157275
14301.0,2.0,250.0,483.0,522.395,1352.04,793.8672499724898,Predicted CLV Eligible,793.8672499724898
14302.0,2.0,307.0,554.0,314.15000000000003,742.9000000000001,427.9218551492655,Predicted CLV Eligible,427.9218551492655
14303.0,1.0,27.0,251.0,115.34,277.94,129.60353299179246,Predicted CLV Eligible,129.60353299179246
14304.0,2.0,348.0,387.0,526.52,1725.01,1015.5458765322295,Predicted CLV Eligible,1015.5458765322295
14306.0,3.0,299.0,494.0,252.00000000000003,1058.0800000000002,536.8880175321035,Predicted CLV Eligible,536.8880175321035
14307.0,6.0,513.0,549.0,457.5133333333333,2987.18,1670.3380664707558,Predicted CLV Eligible,1670.3380664707558
14308.0,0.0,0.0,366.0,0.0,1147.02,,Not Eligible - One-Time Customer,1147.02
14309.0,5.0,316.0,367.0,339.98400000000004,2364.16,1502.7265388279768,Predicted CLV Eligible,1502.7265388279768
14310.0,0.0,0.0,249.0,0.0,492.1,,Not Eligible - One-Time Customer,492.1
14311.0,1.0,325.0,384.0,310.26,516.45,346.17489934839796,Predicted CLV Eligible,346.17489934839796
14312.0,8.0,318.0,321.0,193.495,2333.29,1488.2722607866478,Predicted CLV Eligible,1488.2722607866478
14314.0,0.0,0.0,247.0,0.0,109.80000000000001,,Not Eligible - One-Time Customer,109.80000000000001
14315.0,3.0,443.0,451.0,402.4866666666667,1572.8899999999999,952.3571662456096,Predicted CLV Eligible,952.3571662456096
14316.0,3.0,208.0,447.0,328.32,1370.34,732.2724254609855,Predicted CLV Eligible,732.2724254609855
14318.0,0.0,0.0,277.0,0.0,158.02,,Not Eligible - One-Time Customer,158.02
14319.0,0.0,0.0,241.0,0.0,494.85,,Not Eligible - One-Time Customer,494.85
14320.0,4.0,481.0,504.0,282.6325,1346.75,777.8927664469945,Predicted CLV Eligible,777.8927664469945
14321.0,2.0,140.0,290.0,318.505,1014.13,758.492400252326,Predicted CLV Eligible,758.492400252326
14322.0,3.0,230.0,476.0,118.63333333333333,474.1,256.9719888512653,Predicted CLV Eligible,256.9719888512653
14323.0,0.0,0.0,55.0,0.0,299.82,,Not Eligible - One-Time Customer,299.82
14324.0,1.0,284.0,510.0,339.8,701.61,273.64543305077177,Predicted CLV Eligible,273.64543305077177
14325.0,0.0,0.0,386.0,0.0,245.48000000000002,,Not Eligible - One-Time Customer,245.48000000000002
14326.0,2.0,290.0,349.0,316.765,940.98,670.8430381896645,Predicted CLV Eligible,670.8430381896645
14327.0,4.0,318.0,517.0,313.66499999999996,1583.28,816.60032166698,Predicted CLV Eligible,816.60032166698
14328.0,0.0,0.0,255.0,0.0,445.05,,Not Eligible - One-Time Customer,445.05
14329.0,9.0,450.0,540.0,746.37,7037.98,4001.393554480531,Predicted CLV Eligible,4001.393554480531
14330.0,0.0,0.0,440.0,0.0,200.63,,Not Eligible - One-Time Customer,200.63
14332.0,1.0,35.0,233.0,515.7,1077.2,625.1392481919952,Predicted CLV Eligible,625.1392481919952
14334.0,8.0,365.0,385.0,370.95125,3444.5,2427.7416839678253,Predicted CLV Eligible,2427.7416839678253
14336.0,2.0,78.0,93.0,289.985,1114.39,1678.309730471816,Predicted CLV Eligible,1678.309730471816
14338.0,1.0,340.0,353.0,579.97,919.85,695.0232343447932,Predicted CLV Eligible,695.0232343447932
14339.0,1.0,186.0,245.0,309.52,620.27,498.4381441838726,Predicted CLV Eligible,498.4381441838726
14340.0,0.0,0.0,35.0,0.0,134.7,,Not Eligible - One-Time Customer,134.7
14341.0,8.0,523.0,555.0,338.29625,2988.19,1598.3211374834584,Predicted CLV Eligible,1598.3211374834584
14342.0,2.0,262.0,289.0,199.10000000000002,559.48,502.139679135169,Predicted CLV Eligible,502.139679135169
14343.0,3.0,269.0,507.0,276.50333333333333,1079.66,564.4673800453701,Predicted CLV Eligible,564.4673800453701
14344.0,17.0,420.0,443.0,140.7870588235294,2749.0,1674.973780833956,Predicted CLV Eligible,1674.973780833956
14346.0,2.0,200.0,314.0,441.84000000000003,1556.61,1003.259134454571,Predicted CLV Eligible,1003.259134454571
14347.0,0.0,0.0,553.0,0.0,82.6,,Not Eligible - One-Time Customer,82.6
14348.0,0.0,0.0,77.0,0.0,409.57,,Not Eligible - One-Time Customer,409.57
14350.0,2.0,156.0,247.0,294.19,972.03,821.7664085880941,Predicted CLV Eligible,821.7664085880941
14352.0,1.0,39.0,90.0,614.02,845.3199999999999,1918.9232553489692,Predicted CLV Eligible,1918.9232553489692
14353.0,2.0,216.0,248.0,95.72999999999999,376.5,282.02567702138657,Predicted CLV Eligible,282.02567702138657
14355.0,2.0,262.0,444.0,269.45500000000004,840.0500000000001,452.743086908664,Predicted CLV Eligible,452.743086908664
14358.0,1.0,39.0,245.0,150.6,400.05999999999995,185.03400966598613,Predicted CLV Eligible,185.03400966598613
14361.0,0.0,0.0,395.0,0.0,214.70999999999998,,Not Eligible - One-Time Customer,214.70999999999998
14363.0,1.0,49.0,268.0,149.32,227.47,173.1222559856809,Predicted CLV Eligible,173.1222559856809
14364.0,2.0,24.0,28.0,721.35,2161.8500000000004,7377.665469931037,Predicted CLV Eligible,7377.665469931037
14365.0,1.0,287.0,498.0,310.18,634.6800000000001,257.8880149170669,Predicted CLV Eligible,257.8880149170669
14366.0,0.0,0.0,342.0,0.0,136.0,,Not Eligible - One-Time Customer,136.0
14367.0,4.0,92.0,93.0,783.4025,4116.77,8074.119900787948,Predicted CLV Eligible,8074.119900787948
14368.0,0.0,0.0,136.0,0.0,155.0,,Not Eligible - One-Time Customer,155.0
14369.0,1.0,19.0,478.0,299.44,469.13,106.55608650971274,Predicted CLV Eligible,106.55608650971274
14370.0,4.0,226.0,493.0,229.6825,1175.78,582.3857948460221,Predicted CLV Eligible,582.3857948460221
14371.0,0.0,0.0,112.0,0.0,100.5,,Not Eligible - One-Time Customer,100.5
14372.0,1.0,156.0,416.0,269.73,860.08,240.48192880841106,Predicted CLV Eligible,240.48192880841106
14373.0,0.0,0.0,175.0,0.0,76.55,,Not Eligible - One-Time Customer,76.55
14374.0,0.0,0.0,358.0,0.0,108.0,,Not Eligible - One-Time Customer,108.0
14375.0,2.0,356.0,358.0,382.93499999999995,1106.82,796.4668689866829,Predicted CLV Eligible,796.4668689866829
14376.0,0.0,0.0,500.0,0.0,215.46,,Not Eligible - One-Time Customer,215.46
14377.0,1.0,71.0,79.0,302.45,617.05,1113.4931556073348,Predicted CLV Eligible,1113.4931556073348
14378.0,0.0,0.0,438.0,0.0,131.25,,Not Eligible - One-Time Customer,131.25
14379.0,2.0,185.0,297.0,355.515,1028.04,847.6775562171841,Predicted CLV Eligible,847.6775562171841
14380.0,0.0,0.0,499.0,0.0,48.96,,Not Eligible - One-Time Customer,48.96
14381.0,0.0,0.0,268.0,0.0,423.26,,Not Eligible - One-Time Customer,423.26
14382.0,0.0,0.0,207.0,0.0,578.14,,Not Eligible - One-Time Customer,578.14
14384.0,0.0,0.0,317.0,0.0,58.5,,Not Eligible - One-Time Customer,58.5
14386.0,0.0,0.0,113.0,0.0,142.4,,Not Eligible - One-Time Customer,142.4
14388.0,10.0,485.0,505.0,402.62600000000003,4348.55,2555.4649525498967,Predicted CLV Eligible,2555.4649525498967
14389.0,3.0,400.0,407.0,312.43,1165.69,811.7171815297964,Predicted CLV Eligible,811.7171815297964
14390.0,5.0,214.0,242.0,372.23199999999997,2541.59,2337.3576116964127,Predicted CLV Eligible,2337.3576116964127
14391.0,0.0,0.0,393.0,0.0,135.6,,Not Eligible - One-Time Customer,135.6
14392.0,0.0,0.0,249.0,0.0,266.4,,Not Eligible - One-Time Customer,266.4
14393.0,0.0,0.0,35.0,0.0,67.95,,Not Eligible - One-Time Customer,67.95
14394.0,0.0,0.0,381.0,0.0,93.8,,Not Eligible - One-Time Customer,93.8
14395.0,14.0,378.0,417.0,384.36857142857144,5947.96,3979.983691864233,Predicted CLV Eligible,3979.983691864233
14396.0,4.0,366.0,554.0,271.0675,1591.74,669.7942003597302,Predicted CLV Eligible,669.7942003597302
14397.0,1.0,15.0,30.0,76.8,242.24,484.5831817397503,Predicted CLV Eligible,484.5831817397503
14398.0,1.0,126.0,344.0,261.3,707.79,276.31607777640505,Predicted CLV Eligible,276.31607777640505
14399.0,7.0,280.0,491.0,236.3942857142857,2108.21,993.5141033639011,Predicted CLV Eligible,993.5141033639011
14400.0,1.0,223.0,448.0,501.52,1157.77,438.98149638406403,Predicted CLV Eligible,438.98149638406403
14401.0,10.0,410.0,542.0,267.687,3296.54,1558.310828497335,Predicted CLV Eligible,1558.310828497335
14402.0,0.0,0.0,469.0,0.0,285.6,,Not Eligible - One-Time Customer,285.6
14403.0,3.0,422.0,456.0,401.43666666666667,1380.71,938.9767780748323,Predicted CLV Eligible,938.9767780748323
14404.0,8.0,460.0,536.0,216.8125,1973.3899999999999,1055.4307169729989,Predicted CLV Eligible,1055.4307169729989
14405.0,0.0,0.0,203.0,0.0,195.0,,Not Eligible - One-Time Customer,195.0
14407.0,1.0,71.0,93.0,645.5,1002.6800000000001,2079.4894673965528,Predicted CLV Eligible,2079.4894673965528
14408.0,6.0,543.0,549.0,377.33833333333337,2585.03,1380.8921290324952,Predicted CLV Eligible,1380.8921290324952
14409.0,4.0,249.0,384.0,358.4725,2033.94,1224.7731213020847,Predicted CLV Eligible,1224.7731213020847
14410.0,6.0,231.0,254.0,308.73333333333335,2305.63,2203.0936874821023,Predicted CLV Eligible,2203.0936874821023
14411.0,0.0,0.0,127.0,0.0,1063.0,,Not Eligible - One-Time Customer,1063.0
14412.0,0.0,0.0,241.0,0.0,656.16,,Not Eligible - One-Time Customer,656.16
14413.0,3.0,327.0,506.0,213.94000000000003,764.52,450.23620057138186,Predicted CLV Eligible,450.23620057138186
14414.0,1.0,16.0,191.0,217.2,1119.55,303.08801976429595,Predicted CLV Eligible,303.08801976429595
14415.0,14.0,525.0,540.0,570.1671428571428,8490.32,4695.206557782326,Predicted CLV Eligible,4695.206557782326
14417.0,0.0,0.0,204.0,0.0,524.65,,Not Eligible - One-Time Customer,524.65
14419.0,2.0,130.0,199.0,153.57,509.99,520.6946456262908,Predicted CLV Eligible,520.6946456262908
14420.0,2.0,295.0,508.0,425.425,1251.65,627.2711080446022,Predicted CLV Eligible,627.2711080446022
14421.0,4.0,480.0,508.0,284.11,2111.44,776.1582268383296,Predicted CLV Eligible,776.1582268383296
14422.0,13.0,455.0,539.0,460.6753846153846,6409.1900000000005,3506.755582292377,Predicted CLV Eligible,3506.755582292377
14423.0,2.0,476.0,511.0,335.905,916.6099999999999,510.1926080920162,Predicted CLV Eligible,510.1926080920162
14425.0,2.0,303.0,554.0,219.14499999999998,661.39,300.4191564558921,Predicted CLV Eligible,300.4191564558921
14426.0,8.0,369.0,462.0,1038.07625,8741.85,5713.169171891104,Predicted CLV Eligible,5713.169171891104
14427.0,1.0,137.0,448.0,305.08,900.1800000000001,238.0509727481543,Predicted CLV Eligible,238.0509727481543
14428.0,1.0,86.0,142.0,127.07000000000001,330.62,320.37096236042004,Predicted CLV Eligible,320.37096236042004
14429.0,0.0,0.0,220.0,0.0,516.28,,Not Eligible - One-Time Customer,516.28
14430.0,1.0,96.0,424.0,585.4000000000001,1220.9,429.5970598764405,Predicted CLV Eligible,429.5970598764405
14431.0,3.0,385.0,504.0,692.3166666666666,2614.2,1462.2117364782753,Predicted CLV Eligible,1462.2117364782753
14433.0,0.0,0.0,282.0,0.0,280.7,,Not Eligible - One-Time Customer,280.7
14435.0,0.0,0.0,318.0,0.0,90.42,,Not Eligible - One-Time Customer,90.42
14436.0,0.0,0.0,370.0,0.0,182.64000000000001,,Not Eligible - One-Time Customer,182.64000000000001
14437.0,4.0,218.0,400.0,126.965,873.34,413.6966532576443,Predicted CLV Eligible,413.6966532576443
14438.0,0.0,0.0,123.0,0.0,131.9,,Not Eligible - One-Time Customer,131.9
14439.0,4.0,368.0,504.0,1733.995,9443.039999999999,4670.733109433175,Predicted CLV Eligible,4670.733109433175
14440.0,8.0,421.0,554.0,484.38125,4810.06,2252.1811678139616,Predicted CLV Eligible,2252.1811678139616
14441.0,7.0,435.0,507.0,412.3142857142857,3255.64,1858.570008053719,Predicted CLV Eligible,1858.570008053719
14442.0,5.0,486.0,507.0,905.6539999999999,5367.0199999999995,3005.3011663402463,Predicted CLV Eligible,3005.3011663402463
14443.0,2.0,69.0,196.0,304.2,1271.17,971.122810445787,Predicted CLV Eligible,971.122810445787
14444.0,0.0,0.0,273.0,0.0,120.44,,Not Eligible - One-Time Customer,120.44
14445.0,0.0,0.0,272.0,0.0,221.65,,Not Eligible - One-Time Customer,221.65
14446.0,1.0,140.0,203.0,303.04,492.97,561.3946940450064,Predicted CLV Eligible,561.3946940450064
14447.0,2.0,204.0,217.0,300.515,1149.53,949.8658222873362,Predicted CLV Eligible,949.8658222873362
14448.0,0.0,0.0,181.0,0.0,102.35000000000001,,Not Eligible - One-Time Customer,102.35000000000001
14449.0,4.0,190.0,253.0,373.0525,1745.07,1839.316087573989,Predicted CLV Eligible,1839.316087573989
14450.0,5.0,367.0,427.0,143.71200000000002,914.64,561.4004753962942,Predicted CLV Eligible,561.4004753962942
14451.0,10.0,497.0,508.0,286.435,2974.78,1811.2899040686862,Predicted CLV Eligible,1811.2899040686862
14452.0,1.0,126.0,338.0,273.85,399.90000000000003,294.96511864508824,Predicted CLV Eligible,294.96511864508824
14453.0,0.0,0.0,7.0,0.0,119.93,,Not Eligible - One-Time Customer,119.93
14454.0,4.0,357.0,550.0,212.84,977.3,529.8384683020329,Predicted CLV Eligible,529.8384683020329
14455.0,3.0,63.0,312.0,130.45333333333335,617.72,298.5332671547094,Predicted CLV Eligible,298.5332671547094
14457.0,0.0,0.0,127.0,0.0,113.64,,Not Eligible - One-Time Customer,113.64
14458.0,0.0,0.0,197.0,0.0,228.07,,Not Eligible - One-Time Customer,228.07
14459.0,0.0,0.0,468.0,0.0,3537.821,,Not Eligible - One-Time Customer,3537.821
14460.0,6.0,414.0,541.0,88.96999999999998,689.16,331.2029202516907,Predicted CLV Eligible,331.2029202516907
14461.0,9.0,429.0,507.0,560.5155555555556,5350.08,3187.221601805962,Predicted CLV Eligible,3187.221601805962
14462.0,5.0,247.0,249.0,223.454,1379.51,1380.6781261726744,Predicted CLV Eligible,1380.6781261726744
14463.0,1.0,294.0,316.0,115.92,372.87,164.16690162663184,Predicted CLV Eligible,164.16690162663184
14464.0,1.0,59.0,444.0,51.0,111.0,35.426358080026546,Predicted CLV Eligible,35.426358080026546
14465.0,9.0,455.0,518.0,404.59222222222223,3925.85,2264.063579236028,Predicted CLV Eligible,2264.063579236028
14466.0,9.0,539.0,543.0,346.9611111111111,3340.45,1869.5601450534243,Predicted CLV Eligible,1869.5601450534243
14467.0,8.0,425.0,554.0,203.605,1738.68,951.9361324235971,Predicted CLV Eligible,951.9361324235971
14468.0,0.0,0.0,550.0,0.0,204.24,,Not Eligible - One-Time Customer,204.24
14469.0,3.0,263.0,496.0,557.3366666666667,2093.46,1152.520351242253,Predicted CLV Eligible,1152.520351242253
14470.0,1.0,143.0,247.0,297.64,548.49,458.4497255701365,Predicted CLV Eligible,458.4497255701365
14471.0,1.0,141.0,549.0,192.12,400.95,118.27712757565006,Predicted CLV Eligible,118.27712757565006
14472.0,5.0,502.0,506.0,291.442,1723.26,974.9028595039541,Predicted CLV Eligible,974.9028595039541
14473.0,0.0,0.0,99.0,0.0,85.0,,Not Eligible - One-Time Customer,85.0
14474.0,0.0,0.0,396.0,0.0,711.23,,Not Eligible - One-Time Customer,711.23
14475.0,2.0,222.0,225.0,311.08500000000004,847.47,956.1290257164684,Predicted CLV Eligible,956.1290257164684
14476.0,0.0,0.0,74.0,0.0,193.0,,Not Eligible - One-Time Customer,193.0
14477.0,4.0,520.0,521.0,254.5,1183.0,681.3762706707474,Predicted CLV Eligible,681.3762706707474
14478.0,3.0,356.0,555.0,331.46,1276.6599999999999,636.8498953321221,Predicted CLV Eligible,636.8498953321221
14479.0,3.0,480.0,550.0,256.52666666666664,1124.71,508.68835801667745,Predicted CLV Eligible,508.68835801667745
14480.0,2.0,316.0,535.0,358.31000000000006,1020.47,506.1889161231543,Predicted CLV Eligible,506.1889161231543
14481.0,3.0,390.0,494.0,516.5733333333333,1951.04,1115.023938502277,Predicted CLV Eligible,1115.023938502277
14482.0,4.0,231.0,287.0,497.15250000000003,2522.01,2210.8898279627806,Predicted CLV Eligible,2210.8898279627806
14483.0,1.0,455.0,553.0,137.1,257.1,115.14309839424617,Predicted CLV Eligible,115.14309839424617
14484.0,2.0,321.0,539.0,156.805,749.06,224.75211657278638,Predicted CLV Eligible,224.75211657278638
14486.0,1.0,42.0,370.0,78.0,175.5,59.34769929113027,Predicted CLV Eligible,59.34769929113027
14487.0,1.0,11.0,196.0,125.10000000000001,225.89000000000001,167.6334195134838,Predicted CLV Eligible,167.6334195134838
14489.0,3.0,405.0,429.0,374.6933333333333,1574.93,926.3939913030893,Predicted CLV Eligible,926.3939913030893
14490.0,1.0,22.0,245.0,796.39,1273.47,817.5863980943737,Predicted CLV Eligible,817.5863980943737
14491.0,0.0,0.0,189.0,0.0,127.2,,Not Eligible - One-Time Customer,127.2
14492.0,6.0,189.0,436.0,284.6333333333333,1921.91,960.9272903496784,Predicted CLV Eligible,960.9272903496784
14493.0,4.0,251.0,458.0,537.73,2704.62,1525.5923226549764,Predicted CLV Eligible,1525.5923226549764
14494.0,1.0,330.0,548.0,147.6,261.9,117.97223442248742,Predicted CLV Eligible,117.97223442248742
14495.0,0.0,0.0,476.0,0.0,51.0,,Not Eligible - One-Time Customer,51.0
14496.0,6.0,322.0,450.0,268.2716666666667,2363.89,1153.5296195333547,Predicted CLV Eligible,1153.5296195333547
14497.0,1.0,364.0,490.0,475.37,697.06,414.15866744028733,Predicted CLV Eligible,414.15866744028733
14498.0,6.0,364.0,367.0,325.92833333333334,2256.75,1707.2806446990346,Predicted CLV Eligible,1707.2806446990346
14499.0,4.0,191.0,286.0,264.77750000000003,1416.22,1172.9235388937666,Predicted CLV Eligible,1172.9235388937666
14500.0,0.0,0.0,6.0,0.0,284.85,,Not Eligible - One-Time Customer,284.85
14501.0,0.0,0.0,136.0,0.0,66.93,,Not Eligible - One-Time Customer,66.93
14502.0,4.0,79.0,130.0,226.96749999999997,1059.94,1854.50503229905,Predicted CLV Eligible,1854.50503229905
14504.0,2.0,35.0,95.0,197.74,542.71,1101.0631097899002,Predicted CLV Eligible,1101.0631097899002
14505.0,12.0,526.0,547.0,690.7608333333333,9179.51,4846.648102727275,Predicted CLV Eligible,4846.648102727275
14506.0,3.0,316.0,416.0,387.42,1553.76,974.9810631421038,Predicted CLV Eligible,974.9810631421038
14507.0,6.0,514.0,546.0,382.1116666666667,2464.17,1403.4872720147853,Predicted CLV Eligible,1403.4872720147853
14508.0,1.0,164.0,357.0,263.06,554.87,283.4576410619944,Predicted CLV Eligible,283.4576410619944
14509.0,0.0,0.0,351.0,0.0,110.95,,Not Eligible - One-Time Customer,110.95
14510.0,1.0,61.0,253.0,505.75,979.85,628.9881535522416,Predicted CLV Eligible,628.9881535522416
14512.0,6.0,545.0,549.0,177.115,1215.97,651.9832349821309,Predicted CLV Eligible,651.9832349821309
14513.0,4.0,362.0,385.0,94.5775,649.77,337.11477175622286,Predicted CLV Eligible,337.11477175622286
14514.0,7.0,525.0,543.0,423.5157142857143,3792.9500000000003,1802.2131112672355,Predicted CLV Eligible,1802.2131112672355
14515.0,6.0,359.0,367.0,369.4533333333333,2412.82,1933.348698332918,Predicted CLV Eligible,1933.348698332918
14516.0,0.0,0.0,333.0,0.0,151.17,,Not Eligible - One-Time Customer,151.17
14519.0,1.0,45.0,545.0,80.19,203.14,33.444791014173276,Predicted CLV Eligible,33.444791014173276
14520.0,0.0,0.0,107.0,0.0,165.0,,Not Eligible - One-Time Customer,165.0
14521.0,0.0,0.0,308.0,0.0,199.45000000000002,,Not Eligible - One-Time Customer,199.45000000000002
14522.0,4.0,486.0,501.0,213.07750000000001,1052.5100000000002,591.840986095406,Predicted CLV Eligible,591.840986095406
14524.0,4.0,180.0,233.0,272.27,1819.76,1441.984258733594,Predicted CLV Eligible,1441.984258733594
14525.0,12.0,541.0,543.0,445.24,5742.68,3149.8853992908184,Predicted CLV Eligible,3149.8853992908184
14526.0,0.0,0.0,206.0,0.0,258.65,,Not Eligible - One-Time Customer,258.65
14527.0,92.0,553.0,554.0,232.37304347826085,22302.11,11901.77641730371,Predicted CLV Eligible,11901.77641730371
14530.0,12.0,502.0,504.0,377.63916666666665,4723.8,2858.7728878813527,Predicted CLV Eligible,2858.7728878813527
14531.0,0.0,0.0,296.0,0.0,376.34,,Not Eligible - One-Time Customer,376.34
14532.0,10.0,462.0,515.0,356.983,3845.78,2221.1710876864427,Predicted CLV Eligible,2221.1710876864427
14533.0,4.0,258.0,427.0,368.6725,1950.15,1136.0894797708886,Predicted CLV Eligible,1136.0894797708886
14534.0,16.0,448.0,451.0,205.05375,3652.56,2264.0686116165,Predicted CLV Eligible,2264.0686116165
14535.0,6.0,405.0,470.0,577.8183333333333,3971.26,2416.8081176121727,Predicted CLV Eligible,2416.8081176121727
14536.0,0.0,0.0,76.0,0.0,170.95,,Not Eligible - One-Time Customer,170.95
14537.0,0.0,0.0,440.0,0.0,285.84000000000003,,Not Eligible - One-Time Customer,285.84000000000003
14538.0,3.0,427.0,500.0,212.16333333333333,1089.0900000000001,459.5699705667639,Predicted CLV Eligible,459.5699705667639
14540.0,8.0,423.0,549.0,349.5475,2952.88,1643.9220392919246,Predicted CLV Eligible,1643.9220392919246
14541.0,10.0,487.0,518.0,184.075,2043.48,1145.0628368620983,Predicted CLV Eligible,1145.0628368620983
14542.0,0.0,0.0,2.0,0.0,103.25,,Not Eligible - One-Time Customer,103.25
14543.0,28.0,548.0,555.0,468.5407142857143,13413.09,7388.346430160351,Predicted CLV Eligible,7388.346430160351
14544.0,1.0,109.0,287.0,1101.77,2036.0,1338.6962648217034,Predicted CLV Eligible,1338.6962648217034
14545.0,0.0,0.0,491.0,0.0,349.25,,Not Eligible - One-Time Customer,349.25
14546.0,7.0,532.0,550.0,419.90142857142854,3485.79,1766.2784113622643,Predicted CLV Eligible,1766.2784113622643
14548.0,4.0,416.0,550.0,404.6775,2214.89,1015.3459737208163,Predicted CLV Eligible,1015.3459737208163
14549.0,3.0,426.0,554.0,200.11,913.6,393.47259930124517,Predicted CLV Eligible,393.47259930124517
14550.0,1.0,95.0,300.0,298.18,587.69,343.1071855631796,Predicted CLV Eligible,343.1071855631796
14551.0,3.0,477.0,498.0,222.81333333333336,817.29,485.91627560163136,Predicted CLV Eligible,485.91627560163136
14552.0,1.0,212.0,409.0,169.99,343.71000000000004,170.23719008114517,Predicted CLV Eligible,170.23719008114517
14553.0,4.0,291.0,326.0,198.20999999999998,1271.65,801.5807902314278,Predicted CLV Eligible,801.5807902314278
14555.0,4.0,419.0,538.0,471.795,2177.83,1208.7552457794543,Predicted CLV Eligible,1208.7552457794543
14556.0,2.0,92.0,505.0,242.14,815.69,261.91165343855096,Predicted CLV Eligible,261.91165343855096
14558.0,2.0,77.0,548.0,174.52499999999998,655.5,149.3415441892132,Predicted CLV Eligible,149.3415441892132
14559.0,0.0,0.0,207.0,0.0,75.6,,Not Eligible - One-Time Customer,75.6
14560.0,26.0,541.0,554.0,186.2176923076923,5108.26,2738.4374420234576,Predicted CLV Eligible,2738.4374420234576
14561.0,0.0,0.0,1.0,0.0,222.07,,Not Eligible - One-Time Customer,222.07
14562.0,9.0,438.0,487.0,266.5422222222222,2521.98,1581.2544632725053,Predicted CLV Eligible,1581.2544632725053
14563.0,1.0,83.0,409.0,147.15,640.54,114.24782074386596,Predicted CLV Eligible,114.24782074386596
14564.0,1.0,301.0,552.0,1616.44,2605.62,1173.474663737648,Predicted CLV Eligible,1173.474663737648
14565.0,2.0,268.0,290.0,938.7750000000001,2637.65,2309.323562012457,Predicted CLV Eligible,2309.323562012457
14566.0,2.0,116.0,350.0,907.5,2660.0,1706.9522566490189,Predicted CLV Eligible,1706.9522566490189
14568.0,0.0,0.0,252.0,0.0,919.7,,Not Eligible - One-Time Customer,919.7
14569.0,2.0,151.0,420.0,94.07,369.94,160.6065514869077,Predicted CLV Eligible,160.6065514869077
14570.0,1.0,163.0,260.0,218.06,613.75,330.33182316704386,Predicted CLV Eligible,330.33182316704386
14571.0,0.0,0.0,242.0,0.0,160.0,,Not Eligible - One-Time Customer,160.0
14572.0,5.0,367.0,438.0,683.326,3795.67,2573.874314220269,Predicted CLV Eligible,2573.874314220269
14573.0,8.0,500.0,517.0,206.475,1888.6,1043.7998997394554,Predicted CLV Eligible,1043.7998997394554
14574.0,0.0,0.0,549.0,0.0,143.70000000000002,,Not Eligible - One-Time Customer,143.70000000000002
14575.0,0.0,0.0,305.0,0.0,420.22,,Not Eligible - One-Time Customer,420.22
14576.0,0.0,0.0,189.0,0.0,35.400000000000006,,Not Eligible - One-Time Customer,35.400000000000006
14577.0,4.0,496.0,545.0,188.7775,972.45,485.9127092410707,Predicted CLV Eligible,485.9127092410707
14579.0,0.0,0.0,249.0,0.0,105.56,,Not Eligible - One-Time Customer,105.56
14580.0,0.0,0.0,335.0,0.0,14.850000000000001,,Not Eligible - One-Time Customer,14.850000000000001
14581.0,0.0,0.0,361.0,0.0,271.05,,Not Eligible - One-Time Customer,271.05
14583.0,4.0,436.0,438.0,177.5025,948.94,557.7239469693437,Predicted CLV Eligible,557.7239469693437
14584.0,5.0,463.0,477.0,197.054,1179.9,697.312490441816,Predicted CLV Eligible,697.312490441816
14585.0,3.0,34.0,233.0,254.85666666666665,986.22,696.2566133059369,Predicted CLV Eligible,696.2566133059369
14586.0,0.0,0.0,93.0,0.0,237.36,,Not Eligible - One-Time Customer,237.36
14587.0,7.0,147.0,148.0,177.8042857142857,1452.68,2237.3055461921986,Predicted CLV Eligible,2237.3055461921986
14588.0,0.0,0.0,395.0,0.0,135.39,,Not Eligible - One-Time Customer,135.39
14589.0,0.0,0.0,188.0,0.0,39.75,,Not Eligible - One-Time Customer,39.75
14590.0,18.0,308.0,549.0,160.27611111111113,2993.37,115.03065659670175,Predicted CLV Eligible,115.03065659670175
14591.0,0.0,0.0,30.0,0.0,204.02,,Not Eligible - One-Time Customer,204.02
14593.0,6.0,532.0,547.0,494.9866666666667,3387.97,1814.5193828439653,Predicted CLV Eligible,1814.5193828439653
14594.0,0.0,0.0,190.0,0.0,255.0,,Not Eligible - One-Time Customer,255.0
14595.0,2.0,375.0,505.0,192.65,587.65,296.11380610831367,Predicted CLV Eligible,296.11380610831367
14596.0,0.0,0.0,443.0,0.0,222.22000000000003,,Not Eligible - One-Time Customer,222.22000000000003
14597.0,3.0,246.0,254.0,460.9966666666666,1483.4899999999998,1780.8799195654303,Predicted CLV Eligible,1780.8799195654303
14598.0,0.0,0.0,386.0,0.0,162.07,,Not Eligible - One-Time Customer,162.07
14599.0,1.0,119.0,326.0,279.0,457.89,308.76885648835565,Predicted CLV Eligible,308.76885648835565
14600.0,1.0,88.0,210.0,393.33000000000004,865.1700000000001,650.6875327672775,Predicted CLV Eligible,650.6875327672775
14602.0,0.0,0.0,473.0,0.0,205.35999999999999,,Not Eligible - One-Time Customer,205.35999999999999
14603.0,0.0,0.0,91.0,0.0,660.0,,Not Eligible - One-Time Customer,660.0
14604.0,0.0,0.0,450.0,0.0,143.85999999999999,,Not Eligible - One-Time Customer,143.85999999999999
14605.0,2.0,357.0,548.0,356.48,921.5600000000001,497.208253571195,Predicted CLV Eligible,497.208253571195
14606.0,138.0,551.0,553.0,178.35797101449276,24828.4,13697.439314008307,Predicted CLV Eligible,13697.439314008307
14607.0,7.0,463.0,541.0,818.3471428571429,8048.63,3471.1700778311147,Predicted CLV Eligible,3471.1700778311147
14608.0,6.0,371.0,550.0,260.02833333333336,1771.79,924.0050205434756,Predicted CLV Eligible,924.0050205434756
14609.0,6.0,372.0,485.0,162.56,1028.6399999999999,661.6111694150998,Predicted CLV Eligible,661.6111694150998
14610.0,1.0,119.0,331.0,10.9,24.35,23.59163233074667,Predicted CLV Eligible,23.59163233074667
14611.0,1.0,155.0,415.0,312.93,604.3299999999999,277.72023260512765,Predicted CLV Eligible,277.72023260512765
14612.0,0.0,0.0,232.0,0.0,877.7,,Not Eligible - One-Time Customer,877.7
14613.0,0.0,0.0,497.0,0.0,76.32000000000001,,Not Eligible - One-Time Customer,76.32000000000001
14614.0,0.0,0.0,203.0,0.0,295.13,,Not Eligible - One-Time Customer,295.13
14615.0,4.0,154.0,365.0,162.0275,951.76,530.0944966799341,Predicted CLV Eligible,530.0944966799341
14616.0,4.0,306.0,365.0,121.32000000000001,527.78,448.1969585646875,Predicted CLV Eligible,448.1969585646875
14617.0,1.0,13.0,232.0,109.0,190.47000000000003,120.78292954859826,Predicted CLV Eligible,120.78292954859826
14618.0,3.0,209.0,363.0,251.65,1000.6800000000001,701.5895235384514,Predicted CLV Eligible,701.5895235384514
14619.0,1.0,296.0,358.0,394.44,1291.24,462.7335078643,Predicted CLV Eligible,462.7335078643
14620.0,1.0,78.0,100.0,177.43,412.78,572.2180968976838,Predicted CLV Eligible,572.2180968976838
14621.0,5.0,496.0,500.0,266.034,1848.52,900.1916582436518,Predicted CLV Eligible,900.1916582436518
14622.0,0.0,0.0,1.0,0.0,320.58000000000004,,Not Eligible - One-Time Customer,320.58000000000004
14623.0,6.0,416.0,419.0,211.55166666666665,1528.14,990.0423658492688,Predicted CLV Eligible,990.0423658492688
14624.0,3.0,189.0,421.0,112.56333333333333,588.22,269.0521811349897,Predicted CLV Eligible,269.0521811349897
14625.0,9.0,527.0,540.0,434.8644444444444,4497.88,2352.3667259634544,Predicted CLV Eligible,2352.3667259634544
14626.0,7.0,496.0,546.0,395.7357142857142,3206.55,1672.8624800691775,Predicted CLV Eligible,1672.8624800691775
14627.0,0.0,0.0,196.0,0.0,462.75,,Not Eligible - One-Time Customer,462.75
14628.0,3.0,441.0,500.0,426.16333333333336,1657.62,915.9171020340677,Predicted CLV Eligible,915.9171020340677
14630.0,0.0,0.0,301.0,0.0,338.65,,Not Eligible - One-Time Customer,338.65
14631.0,4.0,252.0,304.0,332.71000000000004,1648.79,1415.5056761809947,Predicted CLV Eligible,1415.5056761809947
14632.0,0.0,0.0,79.0,0.0,114.56,,Not Eligible - One-Time Customer,114.56
14633.0,0.0,0.0,83.0,0.0,344.90000000000003,,Not Eligible - One-Time Customer,344.90000000000003
14634.0,3.0,104.0,358.0,148.04,2124.46,353.6525916771689,Predicted CLV Eligible,353.6525916771689
14635.0,0.0,0.0,270.0,0.0,215.22,,Not Eligible - One-Time Customer,215.22
14636.0,0.0,0.0,85.0,0.0,300.19,,Not Eligible - One-Time Customer,300.19
14637.0,0.0,0.0,494.0,0.0,106.67999999999999,,Not Eligible - One-Time Customer,106.67999999999999
14639.0,4.0,370.0,478.0,621.0325,3229.6,1766.8196350296514,Predicted CLV Eligible,1766.8196350296514
14640.0,4.0,459.0,503.0,412.8875,1937.73,1133.2221429698845,Predicted CLV Eligible,1133.2221429698845
14643.0,3.0,370.0,545.0,331.11333333333334,1344.02,650.1473298405737,Predicted CLV Eligible,650.1473298405737
14644.0,4.0,438.0,553.0,316.49,1604.46,794.058820009127,Predicted CLV Eligible,794.058820009127
14645.0,1.0,359.0,451.0,240.10000000000002,519.9000000000001,232.98651816924578,Predicted CLV Eligible,232.98651816924578
14646.0,65.0,546.0,554.0,5520.328923076923,364532.42,200066.89036301026,Predicted CLV Eligible,200066.89036301026
14647.0,1.0,322.0,340.0,236.04000000000002,506.04,299.99012115408266,Predicted CLV Eligible,299.99012115408266
14648.0,12.0,313.0,546.0,355.95166666666665,4466.65,1423.580846743038,Predicted CLV Eligible,1423.580846743038
14649.0,5.0,476.0,505.0,462.76599999999996,2830.72,1544.2003355032186,Predicted CLV Eligible,1544.2003355032186
14650.0,0.0,0.0,406.0,0.0,62.5,,Not Eligible - One-Time Customer,62.5
14651.0,6.0,420.0,448.0,235.06500000000003,1787.24,1034.387505482629,Predicted CLV Eligible,1034.387505482629
14653.0,5.0,399.0,554.0,335.626,2011.22,1015.795905644113,Predicted CLV Eligible,1015.795905644113
14654.0,0.0,0.0,555.0,0.0,246.86,,Not Eligible - One-Time Customer,246.86
14655.0,3.0,374.0,413.0,594.7666666666667,2756.84,1512.8366412697549,Predicted CLV Eligible,1512.8366412697549
14656.0,3.0,320.0,420.0,162.82000000000002,632.0600000000001,411.9621657560926,Predicted CLV Eligible,411.9621657560926
14657.0,3.0,153.0,252.0,301.37333333333333,1126.3700000000001,1150.1616533287481,Predicted CLV Eligible,1150.1616533287481
14659.0,4.0,128.0,132.0,197.1475,1381.76,1625.762363751271,Predicted CLV Eligible,1625.762363751271
14662.0,5.0,502.0,553.0,207.32799999999997,1147.34,640.5176749699143,Predicted CLV Eligible,640.5176749699143
14663.0,0.0,0.0,247.0,0.0,490.6,,Not Eligible - One-Time Customer,490.6
14665.0,3.0,296.0,409.0,455.33666666666664,1645.6100000000001,1158.0759936200318,Predicted CLV Eligible,1158.0759936200318
14667.0,36.0,523.0,554.0,412.87166666666667,15114.55,8326.559929532574,Predicted CLV Eligible,8326.559929532574
14668.0,0.0,0.0,262.0,0.0,111.63,,Not Eligible - One-Time Customer,111.63
14669.0,4.0,496.0,554.0,601.3125,3216.7799999999997,1508.1252064302748,Predicted CLV Eligible,1508.1252064302748
14670.0,1.0,452.0,549.0,392.86,583.33,315.1447894844242,Predicted CLV Eligible,315.1447894844242
14671.0,1.0,19.0,385.0,183.5,1127.45,97.17582405462818,Predicted CLV Eligible,97.17582405462818
14672.0,3.0,446.0,497.0,319.0933333333333,1113.1399999999999,692.0576597977872,Predicted CLV Eligible,692.0576597977872
14673.0,2.0,42.0,226.0,560.375,1674.4099999999999,1408.0725039706228,Predicted CLV Eligible,1408.0725039706228
14674.0,0.0,0.0,326.0,0.0,173.66,,Not Eligible - One-Time Customer,173.66
14675.0,0.0,0.0,205.0,0.0,419.22,,Not Eligible - One-Time Customer,419.22
14676.0,8.0,432.0,456.0,787.6437500000001,6957.07,4430.588863990941,Predicted CLV Eligible,4430.588863990941
14677.0,0.0,0.0,409.0,0.0,184.91,,Not Eligible - One-Time Customer,184.91
14678.0,0.0,0.0,396.0,0.0,403.39,,Not Eligible - One-Time Customer,403.39
14679.0,2.0,350.0,548.0,425.34999999999997,1289.44,590.7192045825293,Predicted CLV Eligible,590.7192045825293
14680.0,43.0,537.0,552.0,952.2879069767441,41468.27,22997.018706717994,Predicted CLV Eligible,22997.018706717994
14681.0,3.0,442.0,470.0,230.5666666666667,770.1500000000001,528.9721919196293,Predicted CLV Eligible,528.9721919196293
14682.0,5.0,485.0,489.0,225.558,1514.81,779.8438287714075,Predicted CLV Eligible,779.8438287714075
14683.0,0.0,0.0,405.0,0.0,146.56,,Not Eligible - One-Time Customer,146.56
14684.0,2.0,175.0,207.0,246.72,721.96,809.7689833688712,Predicted CLV Eligible,809.7689833688712
14685.0,4.0,150.0,543.0,810.9325,4536.64,1200.5571416605646,Predicted CLV Eligible,1200.5571416605646
14686.0,1.0,245.0,476.0,549.61,852.53,457.65814240412317,Predicted CLV Eligible,457.65814240412317
14687.0,1.0,151.0,368.0,462.02000000000004,773.6800000000001,463.4465781913466,Predicted CLV Eligible,463.4465781913466
14688.0,16.0,258.0,273.0,252.40437500000002,4397.75,4287.43352155409,Predicted CLV Eligible,4287.43352155409
14689.0,0.0,0.0,25.0,0.0,112.8,,Not Eligible - One-Time Customer,112.8
14690.0,1.0,18.0,227.0,180.51,422.63,207.86664239031,Predicted CLV Eligible,207.86664239031
14691.0,0.0,0.0,29.0,0.0,439.6,,Not Eligible - One-Time Customer,439.6
14692.0,10.0,382.0,434.0,143.502,1603.89,1044.554389443829,Predicted CLV Eligible,1044.554389443829
14693.0,6.0,261.0,342.0,177.26,1165.3600000000001,980.2745495904649,Predicted CLV Eligible,980.2745495904649
14694.0,0.0,0.0,434.0,0.0,244.31,,Not Eligible - One-Time Customer,244.31
14695.0,1.0,213.0,549.0,622.5400000000001,1534.2200000000003,421.76690352806463,Predicted CLV Eligible,421.76690352806463
14696.0,4.0,234.0,238.0,292.8475,1565.72,1535.8180675224487,Predicted CLV Eligible,1535.8180675224487
14697.0,0.0,0.0,35.0,0.0,188.60999999999999,,Not Eligible - One-Time Customer,188.60999999999999
14699.0,3.0,311.0,342.0,153.38000000000002,702.6,468.4062199676427,Predicted CLV Eligible,468.4062199676427
14700.0,3.0,296.0,302.0,693.5633333333334,2422.06,2314.207947427285,Predicted CLV Eligible,2314.207947427285
14701.0,8.0,437.0,501.0,402.84250000000003,3694.92,2079.7979723307226,Predicted CLV Eligible,2079.7979723307226
14702.0,17.0,448.0,546.0,218.7641176470588,4302.6900000000005,2105.910147194716,Predicted CLV Eligible,2105.910147194716
14704.0,1.0,200.0,441.0,146.82,258.96,134.64977478593505,Predicted CLV Eligible,134.64977478593505
14705.0,0.0,0.0,15.0,0.0,179.0,,Not Eligible - One-Time Customer,179.0
14706.0,0.0,0.0,435.0,0.0,367.54,,Not Eligible - One-Time Customer,367.54
14707.0,1.0,141.0,393.0,69.6,139.2,72.39142344777898,Predicted CLV Eligible,72.39142344777898
14708.0,2.0,87.0,272.0,390.25,1085.9099999999999,923.4818149430318,Predicted CLV Eligible,923.4818149430318
14709.0,15.0,547.0,551.0,376.8086666666667,5908.33,3259.920428856036,Predicted CLV Eligible,3259.920428856036
14710.0,8.0,357.0,553.0,157.63875,1300.31,704.8077323496208,Predicted CLV Eligible,704.8077323496208
14711.0,5.0,77.0,79.0,279.156,1596.3,3899.134672447387,Predicted CLV Eligible,3899.134672447387
14712.0,0.0,0.0,235.0,0.0,411.0,,Not Eligible - One-Time Customer,411.0
14713.0,16.0,550.0,553.0,233.90687499999999,3903.2,2149.198499446812,Predicted CLV Eligible,2149.198499446812
14714.0,2.0,280.0,504.0,298.525,746.05,443.7886139192037,Predicted CLV Eligible,443.7886139192037
14715.0,5.0,391.0,506.0,183.818,1205.52,611.191027031271,Predicted CLV Eligible,611.191027031271
14716.0,0.0,0.0,261.0,0.0,235.77,,Not Eligible - One-Time Customer,235.77
14717.0,0.0,0.0,550.0,0.0,81.3,,Not Eligible - One-Time Customer,81.3
14718.0,0.0,0.0,227.0,0.0,226.42,,Not Eligible - One-Time Customer,226.42
14719.0,0.0,0.0,66.0,0.0,223.46,,Not Eligible - One-Time Customer,223.46
14721.0,0.0,0.0,196.0,0.0,109.07,,Not Eligible - One-Time Customer,109.07
14722.0,1.0,9.0,303.0,120.05000000000001,309.1,84.81360868978697,Predicted CLV Eligible,84.81360868978697
14723.0,6.0,377.0,552.0,165.78666666666666,1136.35,590.9969814049824,Predicted CLV Eligible,590.9969814049824
14724.0,0.0,0.0,407.0,0.0,341.9,,Not Eligible - One-Time Customer,341.9
14725.0,1.0,140.0,351.0,330.35,597.1600000000001,346.9805755927066,Predicted CLV Eligible,346.9805755927066
14726.0,0.0,0.0,471.0,0.0,116.5,,Not Eligible - One-Time Customer,116.5
14727.0,1.0,272.0,363.0,268.58,463.73,311.27502995445894,Predicted CLV Eligible,311.27502995445894
14728.0,0.0,0.0,230.0,0.0,190.58,,Not Eligible - One-Time Customer,190.58
14729.0,1.0,252.0,442.0,313.49,586.24,289.65677379884863,Predicted CLV Eligible,289.65677379884863
14730.0,2.0,44.0,93.0,139.215,529.3,805.4408734505425,Predicted CLV Eligible,805.4408734505425
14731.0,1.0,7.0,29.0,123.36,251.01999999999998,733.8287416814107,Predicted CLV Eligible,733.8287416814107
14732.0,13.0,544.0,547.0,298.3253846153846,4097.78,2265.659964047255,Predicted CLV Eligible,2265.659964047255
14733.0,10.0,198.0,219.0,1006.268,12656.82,12989.938222141718,Predicted CLV Eligible,12989.938222141718
14734.0,3.0,126.0,368.0,286.02000000000004,1056.42,702.1747424077349,Predicted CLV Eligible,702.1747424077349
14735.0,28.0,539.0,552.0,298.50107142857144,8729.880000000001,4731.195033646635,Predicted CLV Eligible,4731.195033646635
14736.0,0.0,0.0,302.0,0.0,374.05,,Not Eligible - One-Time Customer,374.05
14737.0,1.0,47.0,217.0,434.0,2823.62,611.6459871283678,Predicted CLV Eligible,611.6459871283678
14738.0,5.0,533.0,549.0,144.388,1033.14,452.0939429185182,Predicted CLV Eligible,452.0939429185182
14739.0,20.0,518.0,554.0,418.02650000000006,8978.960000000001,4743.792166858906,Predicted CLV Eligible,4743.792166858906
14740.0,10.0,455.0,469.0,404.581,4161.06,2744.6216067414507,Predicted CLV Eligible,2744.6216067414507
14741.0,2.0,56.0,234.0,247.65,808.05,641.6594960839177,Predicted CLV Eligible,641.6594960839177
14742.0,0.0,0.0,252.0,0.0,579.85,,Not Eligible - One-Time Customer,579.85
14743.0,0.0,0.0,409.0,0.0,50.48,,Not Eligible - One-Time Customer,50.48
14744.0,9.0,273.0,387.0,375.0211111111111,3488.13,2637.776427167165,Predicted CLV Eligible,2637.776427167165
14745.0,7.0,453.0,454.0,213.93142857142857,1912.82,1074.0425964084036,Predicted CLV Eligible,1074.0425964084036
14746.0,2.0,17.0,240.0,158.7,593.5,307.3925144520955,Predicted CLV Eligible,307.3925144520955
14747.0,0.0,0.0,66.0,0.0,328.2,,Not Eligible - One-Time Customer,328.2
14748.0,6.0,433.0,462.0,278.9533333333333,2037.28,1192.7849149156093,Predicted CLV Eligible,1192.7849149156093
14749.0,0.0,0.0,296.0,0.0,310.15,,Not Eligible - One-Time Customer,310.15
14750.0,0.0,0.0,553.0,0.0,112.03,,Not Eligible - One-Time Customer,112.03
14751.0,1.0,42.0,543.0,61.349999999999994,126.45,26.01710927742281,Predicted CLV Eligible,26.01710927742281
14753.0,0.0,0.0,277.0,0.0,306.36,,Not Eligible - One-Time Customer,306.36
14754.0,4.0,395.0,507.0,195.385,1138.15,532.7940698201992,Predicted CLV Eligible,532.7940698201992
14755.0,14.0,529.0,553.0,455.6878571428571,6824.780000000001,3672.0289321563523,Predicted CLV Eligible,3672.0289321563523
14756.0,1.0,42.0,241.0,529.1,1914.8000000000002,639.7509878559047,Predicted CLV Eligible,639.7509878559047
14758.0,5.0,405.0,427.0,429.07,2587.85,1663.854991093568,Predicted CLV Eligible,1663.854991093568
14759.0,0.0,0.0,49.0,0.0,572.25,,Not Eligible - One-Time Customer,572.25
14760.0,0.0,0.0,114.0,0.0,89.2,,Not Eligible - One-Time Customer,89.2
14761.0,1.0,110.0,261.0,97.5,289.52,145.87859316169911,Predicted CLV Eligible,145.87859316169911
14762.0,1.0,363.0,443.0,300.52,417.57,294.71348564037544,Predicted CLV Eligible,294.71348564037544
14766.0,7.0,338.0,368.0,535.5771428571428,5068.57,3212.406112263233,Predicted CLV Eligible,3212.406112263233
14767.0,0.0,0.0,291.0,0.0,382.81,,Not Eligible - One-Time Customer,382.81
14769.0,12.0,522.0,540.0,813.4766666666668,10731.380000000001,5774.304215577041,Predicted CLV Eligible,5774.304215577041
14770.0,7.0,420.0,469.0,385.9085714285714,3637.64,1869.7706498499508,Predicted CLV Eligible,1869.7706498499508
14771.0,1.0,115.0,553.0,307.25,594.62,169.2695855826708,Predicted CLV Eligible,169.2695855826708
14773.0,0.0,0.0,409.0,0.0,140.55,,Not Eligible - One-Time Customer,140.55
14774.0,0.0,0.0,345.0,0.0,241.45,,Not Eligible - One-Time Customer,241.45
14775.0,0.0,0.0,189.0,0.0,406.56,,Not Eligible - One-Time Customer,406.56
14776.0,6.0,228.0,263.0,326.15000000000003,2244.6,2257.1278969636223,Predicted CLV Eligible,2257.1278969636223
14777.0,0.0,0.0,220.0,0.0,307.56,,Not Eligible - One-Time Customer,307.56
14778.0,0.0,0.0,125.0,0.0,334.05,,Not Eligible - One-Time Customer,334.05
14779.0,2.0,43.0,140.0,61.8,386.15,273.4202676676121,Predicted CLV Eligible,273.4202676676121
14782.0,0.0,0.0,136.0,0.0,200.10000000000002,,Not Eligible - One-Time Customer,200.10000000000002
14783.0,0.0,0.0,476.0,0.0,307.3,,Not Eligible - One-Time Customer,307.3
14784.0,1.0,66.0,206.0,114.68,274.62,196.47013721302505,Predicted CLV Eligible,196.47013721302505
14786.0,0.0,0.0,367.0,0.0,90.96,,Not Eligible - One-Time Customer,90.96
14787.0,0.0,0.0,288.0,0.0,110.65,,Not Eligible - One-Time Customer,110.65
14788.0,0.0,0.0,413.0,0.0,476.88,,Not Eligible - One-Time Customer,476.88
14790.0,6.0,475.0,545.0,270.8183333333333,1933.72,995.6378923685435,Predicted CLV Eligible,995.6378923685435
14791.0,0.0,0.0,423.0,0.0,303.63,,Not Eligible - One-Time Customer,303.63
14793.0,0.0,0.0,352.0,0.0,396.91,,Not Eligible - One-Time Customer,396.91
14794.0,6.0,284.0,304.0,198.65666666666667,1313.53,1225.6952693650987,Predicted CLV Eligible,1225.6952693650987
14796.0,18.0,508.0,542.0,299.9288888888889,5664.74,3136.964975573568,Predicted CLV Eligible,3136.964975573568
14797.0,0.0,0.0,324.0,0.0,300.31,,Not Eligible - One-Time Customer,300.31
14798.0,5.0,338.0,465.0,87.776,626.25,317.59062768125915,Predicted CLV Eligible,317.59062768125915
14799.0,0.0,0.0,554.0,0.0,180.45,,Not Eligible - One-Time Customer,180.45
14800.0,10.0,244.0,252.0,579.035,6245.65,6691.519700774408,Predicted CLV Eligible,6691.519700774408
14802.0,0.0,0.0,255.0,0.0,1502.98,,Not Eligible - One-Time Customer,1502.98
14803.0,1.0,17.0,109.0,188.64,730.79,484.29770346539044,Predicted CLV Eligible,484.29770346539044
14805.0,3.0,308.0,438.0,149.20666666666668,645.4,362.6693702998769,Predicted CLV Eligible,362.6693702998769
14806.0,0.0,0.0,256.0,0.0,110.03999999999999,,Not Eligible - One-Time Customer,110.03999999999999
14807.0,1.0,259.0,466.0,154.5,504.14,140.41507671207975,Predicted CLV Eligible,140.41507671207975
14809.0,0.0,0.0,438.0,0.0,686.76,,Not Eligible - One-Time Customer,686.76
14810.0,9.0,231.0,246.0,157.2111111111111,1544.85,1686.059316935496,Predicted CLV Eligible,1686.059316935496
14811.0,0.0,0.0,204.0,0.0,170.5,,Not Eligible - One-Time Customer,170.5
14812.0,0.0,0.0,415.0,0.0,178.85,,Not Eligible - One-Time Customer,178.85
14813.0,2.0,241.0,427.0,226.625,888.9100000000001,394.13687041314387,Predicted CLV Eligible,394.13687041314387
14814.0,0.0,0.0,398.0,0.0,154.21,,Not Eligible - One-Time Customer,154.21
14816.0,0.0,0.0,14.0,0.0,271.85,,Not Eligible - One-Time Customer,271.85
14817.0,6.0,427.0,444.0,568.9716666666667,3959.86,2513.2790261669693,Predicted CLV Eligible,2513.2790261669693
14818.0,3.0,394.0,464.0,169.48666666666668,614.01,394.2319172844823,Predicted CLV Eligible,394.2319172844823
14819.0,2.0,526.0,535.0,119.635,269.06,180.09647194974983,Predicted CLV Eligible,180.09647194974983
14820.0,4.0,297.0,494.0,163.0675,767.47,444.7005096464696,Predicted CLV Eligible,444.7005096464696
14821.0,4.0,310.0,493.0,285.175,1230.1499999999999,778.2713675553535,Predicted CLV Eligible,778.2713675553535
14822.0,0.0,0.0,302.0,0.0,157.70000000000002,,Not Eligible - One-Time Customer,157.70000000000002
14823.0,0.0,0.0,11.0,0.0,210.65,,Not Eligible - One-Time Customer,210.65
14824.0,5.0,258.0,454.0,419.94000000000005,2895.2000000000003,1458.2304365084556,Predicted CLV Eligible,1458.2304365084556
14825.0,16.0,408.0,429.0,204.55875,3534.0400000000004,2358.3648592129416,Predicted CLV Eligible,2358.3648592129416
14826.0,1.0,114.0,512.0,207.3,385.20000000000005,129.26639907923965,Predicted CLV Eligible,129.26639907923965
14828.0,12.0,536.0,549.0,763.0883333333333,9839.46,5337.823974692392,Predicted CLV Eligible,5337.823974692392
14829.0,4.0,252.0,253.0,236.01250000000002,1289.95,1180.7575302578346,Predicted CLV Eligible,1180.7575302578346
14831.0,1.0,57.0,554.0,842.82,1676.5700000000002,334.30228958232766,Predicted CLV Eligible,334.30228958232766
14832.0,0.0,0.0,447.0,0.0,322.69,,Not Eligible - One-Time Customer,322.69
14833.0,0.0,0.0,315.0,0.0,94.8,,Not Eligible - One-Time Customer,94.8
14834.0,1.0,167.0,224.0,243.69,729.55,425.26641244929027,Predicted CLV Eligible,425.26641244929027
14835.0,1.0,89.0,434.0,118.8,297.0,88.60065730534615,Predicted CLV Eligible,88.60065730534615
14837.0,5.0,483.0,501.0,405.08000000000004,2303.08,1363.2107498227926,Predicted CLV Eligible,1363.2107498227926
14838.0,1.0,313.0,553.0,650.82,769.9200000000001,480.5007237234882,Predicted CLV Eligible,480.5007237234882
14839.0,2.0,286.0,521.0,245.11,915.28,354.5629482858634,Predicted CLV Eligible,354.5629482858634
14840.0,1.0,272.0,356.0,62.85,362.71000000000004,84.4457352808989,Predicted CLV Eligible,84.4457352808989
14841.0,10.0,463.0,554.0,505.16900000000004,5649.09,2924.0591403977724,Predicted CLV Eligible,2924.0591403977724
14842.0,1.0,117.0,125.0,1378.48,1688.48,3680.0497077025175,Predicted CLV Eligible,3680.0497077025175
14843.0,0.0,0.0,253.0,0.0,211.79999999999998,,Not Eligible - One-Time Customer,211.79999999999998
14844.0,4.0,365.0,423.0,806.6275,4387.17,2569.558633078168,Predicted CLV Eligible,2569.558633078168
14845.0,0.0,0.0,416.0,0.0,150.0,,Not Eligible - One-Time Customer,150.0
14846.0,0.0,0.0,244.0,0.0,437.4,,Not Eligible - One-Time Customer,437.4
14847.0,1.0,157.0,381.0,734.75,1039.55,708.256886220127,Predicted CLV Eligible,708.256886220127
14848.0,0.0,0.0,221.0,0.0,310.56,,Not Eligible - One-Time Customer,310.56
14849.0,15.0,485.0,515.0,626.1853333333333,9889.98,5745.386919006052,Predicted CLV Eligible,5745.386919006052
14850.0,3.0,257.0,385.0,432.5466666666666,1770.96,1154.0608071806128,Predicted CLV Eligible,1154.0608071806128
14851.0,1.0,374.0,447.0,206.13,524.19,204.5578505847716,Predicted CLV Eligible,204.5578505847716
14852.0,7.0,392.0,461.0,479.87142857142857,3786.14,2353.204302507864,Predicted CLV Eligible,2353.204302507864
14853.0,3.0,394.0,422.0,231.69999999999996,1115.5700000000002,584.7395509376744,Predicted CLV Eligible,584.7395509376744
14854.0,6.0,459.0,503.0,408.7166666666667,2754.36,1614.5384814395347,Predicted CLV Eligible,1614.5384814395347
14855.0,2.0,136.0,427.0,2125.425,5874.650000000001,3281.0220962119647,Predicted CLV Eligible,3281.0220962119647
14857.0,2.0,192.0,451.0,817.63,2478.7309999999998,1280.0900245769233,Predicted CLV Eligible,1280.0900245769233
14858.0,0.0,0.0,322.0,0.0,180.75,,Not Eligible - One-Time Customer,180.75
14859.0,1.0,350.0,371.0,296.86,648.76,346.4003331288703,Predicted CLV Eligible,346.4003331288703
14861.0,7.0,351.0,548.0,148.56285714285715,1254.94,599.3852894899777,Predicted CLV Eligible,599.3852894899777
14865.0,2.0,366.0,555.0,23.160000000000004,77.52000000000001,39.39454906131322,Predicted CLV Eligible,39.39454906131322
14866.0,6.0,104.0,287.0,1075.0533333333333,6460.32,4530.818478278917,Predicted CLV Eligible,4530.818478278917
14867.0,14.0,549.0,551.0,196.33857142857144,2952.06,1592.801591622698,Predicted CLV Eligible,1592.801591622698
14868.0,3.0,187.0,237.0,354.5,1669.75,1442.7104182552735,Predicted CLV Eligible,1442.7104182552735
14869.0,3.0,335.0,540.0,561.7366666666667,2056.69,1097.5393524703413,Predicted CLV Eligible,1097.5393524703413
14870.0,4.0,422.0,500.0,376.6,1838.95,1036.8078366839406,Predicted CLV Eligible,1036.8078366839406
14871.0,6.0,483.0,555.0,135.17333333333332,956.04,492.29219219646745,Predicted CLV Eligible,492.29219219646745
14872.0,2.0,150.0,450.0,256.31,816.6,388.47046468378556,Predicted CLV Eligible,388.47046468378556
14873.0,1.0,423.0,450.0,519.68,854.1299999999999,503.34815633399273,Predicted CLV Eligible,503.34815633399273
14874.0,0.0,0.0,352.0,0.0,116.18,,Not Eligible - One-Time Customer,116.18
14875.0,1.0,179.0,258.0,362.0,1759.08,548.9068766198122,Predicted CLV Eligible,548.9068766198122
14876.0,1.0,40.0,378.0,53.1,256.7,40.885897151060846,Predicted CLV Eligible,40.885897151060846
14877.0,1.0,224.0,459.0,219.15,425.85,192.28503184576417,Predicted CLV Eligible,192.28503184576417
14878.0,15.0,455.0,473.0,200.074,3452.15,1988.2269831481447,Predicted CLV Eligible,1988.2269831481447
14879.0,0.0,0.0,501.0,0.0,185.06,,Not Eligible - One-Time Customer,185.06
14880.0,1.0,103.0,105.0,218.47,347.66999999999996,688.0543307550626,Predicted CLV Eligible,688.0543307550626
14882.0,9.0,229.0,436.0,309.45000000000005,2956.95,1440.591240455548,Predicted CLV Eligible,1440.591240455548
14883.0,0.0,0.0,28.0,0.0,310.56,,Not Eligible - One-Time Customer,310.56
14884.0,0.0,0.0,486.0,0.0,120.6,,Not Eligible - One-Time Customer,120.6
14885.0,1.0,38.0,282.0,591.6,832.8,569.8186887259405,Predicted CLV Eligible,569.8186887259405
14886.0,0.0,0.0,69.0,0.0,364.8,,Not Eligible - One-Time Customer,364.8
14888.0,0.0,0.0,24.0,0.0,369.2,,Not Eligible - One-Time Customer,369.2
14889.0,0.0,0.0,153.0,0.0,135.9,,Not Eligible - One-Time Customer,135.9
14890.0,2.0,406.0,476.0,257.73,817.25,417.7713183401235,Predicted CLV Eligible,417.7713183401235
14891.0,2.0,249.0,253.0,400.365,1001.73,1114.3420564129628,Predicted CLV Eligible,1114.3420564129628
14892.0,0.0,0.0,507.0,0.0,202.35000000000002,,Not Eligible - One-Time Customer,202.35000000000002
14893.0,0.0,0.0,434.0,0.0,571.76,,Not Eligible - One-Time Customer,571.76
14894.0,1.0,294.0,554.0,537.36,837.0600000000001,392.0823199012389,Predicted CLV Eligible,392.0823199012389
14895.0,15.0,525.0,546.0,1075.622,17900.61,9362.877932576148,Predicted CLV Eligible,9362.877932576148
14896.0,7.0,529.0,550.0,218.25,1826.0,921.2826394498466,Predicted CLV Eligible,921.2826394498466
14897.0,4.0,428.0,541.0,412.125,1949.6599999999999,1052.4893441729946,Predicted CLV Eligible,1052.4893441729946
14898.0,11.0,496.0,553.0,217.56363636363633,2707.57,1391.7439969589905,Predicted CLV Eligible,1391.7439969589905
14899.0,0.0,0.0,212.0,0.0,1331.38,,Not Eligible - One-Time Customer,1331.38
14900.0,0.0,0.0,339.0,0.0,13.919999999999998,,Not Eligible - One-Time Customer,13.919999999999998
14901.0,5.0,138.0,315.0,164.28,994.76,725.2509158587021,Predicted CLV Eligible,725.2509158587021
14902.0,1.0,158.0,370.0,304.56,702.96,310.78371856818325,Predicted CLV Eligible,310.78371856818325
14903.0,2.0,78.0,95.0,633.5250000000001,1796.93,3576.5631106494525,Predicted CLV Eligible,3576.5631106494525
14904.0,1.0,19.0,244.0,238.04999999999998,605.05,247.418308314128,Predicted CLV Eligible,247.418308314128
14905.0,6.0,503.0,553.0,234.28166666666667,1663.79,852.4075706024357,Predicted CLV Eligible,852.4075706024357
14906.0,0.0,0.0,262.0,0.0,68.44,,Not Eligible - One-Time Customer,68.44
14907.0,7.0,242.0,419.0,387.5128571428572,3007.31,1899.117383471972,Predicted CLV Eligible,1899.117383471972
14908.0,0.0,0.0,280.0,0.0,104.10000000000001,,Not Eligible - One-Time Customer,104.10000000000001
14909.0,2.0,226.0,480.0,526.0899999999999,1404.6799999999998,793.7275941755654,Predicted CLV Eligible,793.7275941755654
14911.0,171.0,554.0,555.0,1107.4642105263158,190110.01,104926.6720533637,Predicted CLV Eligible,104926.6720533637
14912.0,3.0,436.0,499.0,488.17333333333335,1504.19,1049.4910125929184,Predicted CLV Eligible,1049.4910125929184
14913.0,5.0,212.0,302.0,562.014,3461.53,2890.757518236816,Predicted CLV Eligible,2890.757518236816
14915.0,8.0,459.0,553.0,180.49875,1646.05,853.2671845306434,Predicted CLV Eligible,853.2671845306434
14916.0,4.0,293.0,434.0,342.13750000000005,2069.02,1053.7295690590895,Predicted CLV Eligible,1053.7295690590895
14917.0,0.0,0.0,413.0,0.0,1123.75,,Not Eligible - One-Time Customer,1123.75
14918.0,5.0,206.0,427.0,698.062,4345.66,2405.331061283962,Predicted CLV Eligible,2405.331061283962
14919.0,0.0,0.0,356.0,0.0,359.35,,Not Eligible - One-Time Customer,359.35
14920.0,1.0,353.0,382.0,977.77,1607.17,1080.356093683637,Predicted CLV Eligible,1080.356093683637
14921.0,0.0,0.0,18.0,0.0,903.01,,Not Eligible - One-Time Customer,903.01
14922.0,1.0,114.0,324.0,303.45,843.74,333.6395798743937,Predicted CLV Eligible,333.6395798743937
14924.0,2.0,394.0,456.0,310.435,931.01,521.1881879298451,Predicted CLV Eligible,521.1881879298451
14926.0,1.0,217.0,415.0,139.2,359.4,139.8017992263954,Predicted CLV Eligible,139.8017992263954
14927.0,0.0,0.0,213.0,0.0,308.2,,Not Eligible - One-Time Customer,308.2
14928.0,0.0,0.0,444.0,0.0,223.91000000000003,,Not Eligible - One-Time Customer,223.91000000000003
14929.0,0.0,0.0,238.0,0.0,612.8100000000001,,Not Eligible - One-Time Customer,612.8100000000001
14930.0,3.0,332.0,423.0,1017.0266666666666,3977.9,2510.852370802626,Predicted CLV Eligible,2510.852370802626
14931.0,1.0,34.0,57.0,293.0,586.0,1258.7096613141457,Predicted CLV Eligible,1258.7096613141457
14932.0,1.0,20.0,202.0,363.53,666.13,478.9450326430444,Predicted CLV Eligible,478.9450326430444
14933.0,1.0,1.0,261.0,885.0,1770.0,647.1390767033388,Predicted CLV Eligible,647.1390767033388
14934.0,2.0,159.0,258.0,730.5350000000001,2441.4,1942.2666458552708,Predicted CLV Eligible,1942.2666458552708
14935.0,1.0,322.0,436.0,1784.71,2849.83,1694.2327157356135,Predicted CLV Eligible,1694.2327157356135
14936.0,3.0,308.0,400.0,1551.89,5850.15,4015.4760803670133,Predicted CLV Eligible,4015.4760803670133
14938.0,0.0,0.0,379.0,0.0,2322.43,,Not Eligible - One-Time Customer,2322.43
14940.0,1.0,316.0,550.0,349.48,531.49,264.08147723347895,Predicted CLV Eligible,264.08147723347895
14941.0,0.0,0.0,395.0,0.0,182.1,,Not Eligible - One-Time Customer,182.1
14942.0,3.0,328.0,546.0,212.40333333333334,746.56,414.0004102344645,Predicted CLV Eligible,414.0004102344645
14943.0,0.0,0.0,480.0,0.0,107.62,,Not Eligible - One-Time Customer,107.62
14944.0,7.0,474.0,477.0,653.35,5716.45,3122.0034699816842,Predicted CLV Eligible,3122.0034699816842
14945.0,0.0,0.0,230.0,0.0,179.4,,Not Eligible - One-Time Customer,179.4
14947.0,3.0,236.0,441.0,145.45666666666668,758.97,341.6604484793274,Predicted CLV Eligible,341.6604484793274
14948.0,0.0,0.0,36.0,0.0,278.4,,Not Eligible - One-Time Customer,278.4
14949.0,3.0,252.0,538.0,142.84666666666666,515.0,273.09221160419855,Predicted CLV Eligible,273.09221160419855
14952.0,19.0,530.0,553.0,669.8194736842105,13064.470000000001,7248.160817776727,Predicted CLV Eligible,7248.160817776727
14953.0,1.0,17.0,252.0,416.02,685.65,397.6452870072981,Predicted CLV Eligible,397.6452870072981
14954.0,0.0,0.0,520.0,0.0,167.27,,Not Eligible - One-Time Customer,167.27
14955.0,0.0,0.0,549.0,0.0,163.77,,Not Eligible - One-Time Customer,163.77
14956.0,0.0,0.0,238.0,0.0,1325.0,,Not Eligible - One-Time Customer,1325.0
14957.0,1.0,391.0,461.0,58.49,261.69,64.24770872546534,Predicted CLV Eligible,64.24770872546534
14958.0,4.0,551.0,553.0,162.0575,834.59,413.7462355452765,Predicted CLV Eligible,413.7462355452765
14959.0,1.0,81.0,113.0,243.72,422.38,706.5831912023503,Predicted CLV Eligible,706.5831912023503
14961.0,14.0,503.0,552.0,820.4807142857143,12545.130000000001,6602.710239601951,Predicted CLV Eligible,6602.710239601951
14962.0,3.0,314.0,401.0,81.73333333333333,366.91,220.73275851923006,Predicted CLV Eligible,220.73275851923006
14963.0,5.0,146.0,342.0,292.314,1651.23,1166.644476284403,Predicted CLV Eligible,1166.644476284403
14964.0,0.0,0.0,64.0,0.0,206.21,,Not Eligible - One-Time Customer,206.21
14966.0,3.0,337.0,541.0,248.07000000000002,881.24,488.304764590235,Predicted CLV Eligible,488.304764590235
14967.0,2.0,295.0,553.0,641.28,1518.81,862.8948717134987,Predicted CLV Eligible,862.8948717134987
14968.0,0.0,0.0,275.0,0.0,353.65,,Not Eligible - One-Time Customer,353.65
14969.0,0.0,0.0,520.0,0.0,906.23,,Not Eligible - One-Time Customer,906.23
14970.0,7.0,411.0,480.0,530.5342857142857,4109.54,2509.477389119273,Predicted CLV Eligible,2509.477389119273
14972.0,0.0,0.0,198.0,0.0,30.300000000000004,,Not Eligible - One-Time Customer,30.300000000000004
14973.0,0.0,0.0,42.0,0.0,654.6,,Not Eligible - One-Time Customer,654.6
14975.0,0.0,0.0,238.0,0.0,192.45,,Not Eligible - One-Time Customer,192.45
14976.0,2.0,130.0,143.0,147.155,450.26,650.4678562624961,Predicted CLV Eligible,650.4678562624961
14977.0,0.0,0.0,542.0,0.0,31.929999999999996,,Not Eligible - One-Time Customer,31.929999999999996
14978.0,8.0,355.0,407.0,308.50125,2718.05,1918.487220179744,Predicted CLV Eligible,1918.487220179744
14979.0,0.0,0.0,552.0,0.0,429.66,,Not Eligible - One-Time Customer,429.66
14980.0,0.0,0.0,554.0,0.0,150.68,,Not Eligible - One-Time Customer,150.68
14981.0,1.0,177.0,240.0,102.12,372.92,178.94833296255788,Predicted CLV Eligible,178.94833296255788
14982.0,0.0,0.0,389.0,0.0,237.78,,Not Eligible - One-Time Customer,237.78
14983.0,0.0,0.0,506.0,0.0,183.20000000000002,,Not Eligible - One-Time Customer,183.20000000000002
14984.0,2.0,309.0,514.0,470.57,1058.1399999999999,687.952950123631,Predicted CLV Eligible,687.952950123631
14985.0,1.0,160.0,175.0,172.24,292.01,380.39815698102814,Predicted CLV Eligible,380.39815698102814
14986.0,1.0,308.0,501.0,239.72,563.1,202.86735787958145,Predicted CLV Eligible,202.86735787958145
14987.0,5.0,372.0,554.0,236.11999999999998,1387.4499999999998,710.5718878716733,Predicted CLV Eligible,710.5718878716733
14988.0,6.0,391.0,419.0,278.01,2038.65,1296.2292614235912,Predicted CLV Eligible,1296.2292614235912
14989.0,0.0,0.0,478.0,0.0,342.4,,Not Eligible - One-Time Customer,342.4
14990.0,1.0,118.0,547.0,103.93,304.16999999999996,62.98510181296355,Predicted CLV Eligible,62.98510181296355
14991.0,0.0,0.0,247.0,0.0,314.67,,Not Eligible - One-Time Customer,314.67
14992.0,0.0,0.0,259.0,0.0,210.5,,Not Eligible - One-Time Customer,210.5
14993.0,0.0,0.0,380.0,0.0,36.13,,Not Eligible - One-Time Customer,36.13
14994.0,4.0,241.0,440.0,191.255,946.72,568.1500812659015,Predicted CLV Eligible,568.1500812659015
14995.0,0.0,0.0,97.0,0.0,119.31,,Not Eligible - One-Time Customer,119.31
14996.0,0.0,0.0,298.0,0.0,442.28999999999996,,Not Eligible - One-Time Customer,442.28999999999996
14997.0,0.0,0.0,472.0,0.0,230.4,,Not Eligible - One-Time Customer,230.4
14998.0,2.0,364.0,422.0,204.23,521.95,370.76265447333435,Predicted CLV Eligible,370.76265447333435
14999.0,0.0,0.0,409.0,0.0,129.48000000000002,,Not Eligible - One-Time Customer,129.48000000000002
15001.0,0.0,0.0,211.0,0.0,199.10999999999999,,Not Eligible - One-Time Customer,199.10999999999999
15002.0,7.0,400.0,513.0,423.7342857142857,3643.91,1876.1213389941859,Predicted CLV Eligible,1876.1213389941859
15003.0,5.0,209.0,499.0,133.064,1027.03,361.8567197827604,Predicted CLV Eligible,361.8567197827604
15005.0,40.0,551.0,555.0,252.03000000000003,10400.58,5647.937742569575,Predicted CLV Eligible,5647.937742569575
15006.0,0.0,0.0,270.0,0.0,277.4,,Not Eligible - One-Time Customer,277.4
15008.0,1.0,157.0,454.0,240.0,360.0,193.75670188319708,Predicted CLV Eligible,193.75670188319708
15011.0,1.0,21.0,233.0,193.6,416.6,220.18655292463086,Predicted CLV Eligible,220.18655292463086
15012.0,1.0,203.0,393.0,188.56,429.78,194.34088315586752,Predicted CLV Eligible,194.34088315586752
15013.0,9.0,190.0,494.0,155.19444444444446,1610.82,153.82658308802445,Predicted CLV Eligible,153.82658308802445
15015.0,10.0,224.0,542.0,222.53699999999998,2354.97,188.11239469522747,Predicted CLV Eligible,188.11239469522747
15016.0,2.0,150.0,360.0,155.27,450.85,305.9102094098711,Predicted CLV Eligible,305.9102094098711
15018.0,1.0,115.0,184.0,180.09,291.34000000000003,364.88706371237527,Predicted CLV Eligible,364.88706371237527
15019.0,0.0,0.0,83.0,0.0,252.81,,Not Eligible - One-Time Customer,252.81
15020.0,0.0,0.0,196.0,0.0,198.47,,Not Eligible - One-Time Customer,198.47
15021.0,5.0,280.0,315.0,211.702,1293.58,1072.6947901677927,Predicted CLV Eligible,1072.6947901677927
15022.0,0.0,0.0,494.0,0.0,281.05,,Not Eligible - One-Time Customer,281.05
15023.0,11.0,456.0,491.0,631.7309090909091,7633.62,4492.3562295561915,Predicted CLV Eligible,4492.3562295561915
15024.0,6.0,128.0,241.0,306.8333333333333,2603.55,2125.5585850971056,Predicted CLV Eligible,2125.5585850971056
15025.0,0.0,0.0,385.0,0.0,617.83,,Not Eligible - One-Time Customer,617.83
15026.0,3.0,208.0,265.0,146.57666666666668,810.67,552.6272855984357,Predicted CLV Eligible,552.6272855984357
15027.0,6.0,405.0,441.0,376.37166666666667,2783.5699999999997,1673.2792353392251,Predicted CLV Eligible,1673.2792353392251
15028.0,2.0,26.0,211.0,184.685,521.78,467.1484149968331,Predicted CLV Eligible,467.1484149968331
15029.0,0.0,0.0,436.0,0.0,365.1,,Not Eligible - One-Time Customer,365.1
15030.0,6.0,377.0,462.0,203.62,1614.39,867.5953745718051,Predicted CLV Eligible,867.5953745718051
15031.0,8.0,449.0,548.0,293.92625,2600.58,1395.1409520089555,Predicted CLV Eligible,1395.1409520089555
15032.0,6.0,473.0,546.0,1584.1083333333333,11010.05,5778.064456842286,Predicted CLV Eligible,5778.064456842286
15033.0,2.0,121.0,146.0,299.53499999999997,1155.62,1274.949621379363,Predicted CLV Eligible,1274.949621379363
15034.0,9.0,345.0,394.0,655.3944444444445,6597.42,4672.552100111845,Predicted CLV Eligible,4672.552100111845
15037.0,0.0,0.0,193.0,0.0,397.76,,Not Eligible - One-Time Customer,397.76
15038.0,6.0,238.0,242.0,156.79833333333332,958.49,1173.3652258049242,Predicted CLV Eligible,1173.3652258049242
15039.0,64.0,545.0,546.0,517.9278125,33351.23,18742.485145076862,Predicted CLV Eligible,18742.485145076862
15040.0,0.0,0.0,358.0,0.0,7.49,,Not Eligible - One-Time Customer,7.49
15041.0,0.0,0.0,261.0,0.0,109.47,,Not Eligible - One-Time Customer,109.47
15042.0,1.0,396.0,412.0,135.93,315.45000000000005,151.5660827300874,Predicted CLV Eligible,151.5660827300874
15043.0,4.0,70.0,350.0,479.78499999999997,2333.3199999999997,827.2224213071325,Predicted CLV Eligible,827.2224213071325
15044.0,21.0,516.0,540.0,560.6476190476191,12845.15,6833.371098444199,Predicted CLV Eligible,6833.371098444199
15045.0,0.0,0.0,74.0,0.0,388.9,,Not Eligible - One-Time Customer,388.9
15046.0,17.0,500.0,511.0,256.88529411764705,4809.98,2686.3759061066385,Predicted CLV Eligible,2686.3759061066385
15047.0,0.0,0.0,86.0,0.0,343.62,,Not Eligible - One-Time Customer,343.62
15048.0,1.0,148.0,185.0,155.55,254.25,326.7423036157111,Predicted CLV Eligible,326.7423036157111
15049.0,0.0,0.0,90.0,0.0,121.17000000000002,,Not Eligible - One-Time Customer,121.17000000000002
15050.0,1.0,59.0,297.0,1062.41,2349.5,1063.775905023061,Predicted CLV Eligible,1063.775905023061
15051.0,5.0,359.0,555.0,392.706,2543.55,1168.3584901166178,Predicted CLV Eligible,1168.3584901166178
15052.0,0.0,0.0,136.0,0.0,207.73000000000002,,Not Eligible - One-Time Customer,207.73000000000002
15053.0,0.0,0.0,98.0,0.0,222.65,,Not Eligible - One-Time Customer,222.65
15055.0,2.0,249.0,540.0,152.35,549.12,211.23637495780295,Predicted CLV Eligible,211.23637495780295
15056.0,0.0,0.0,337.0,0.0,113.64999999999999,,Not Eligible - One-Time Customer,113.64999999999999
15057.0,4.0,459.0,551.0,737.965,3255.96,1852.8040736436208,Predicted CLV Eligible,1852.8040736436208
15058.0,7.0,410.0,470.0,244.46428571428572,2014.9,1183.7911321122076,Predicted CLV Eligible,1183.7911321122076
15059.0,12.0,518.0,550.0,203.46333333333334,2722.5,1424.3633586625017,Predicted CLV Eligible,1424.3633586625017
15061.0,55.0,554.0,555.0,1815.6501818181816,103135.5,55694.299558498,Predicted CLV Eligible,55694.299558498
15062.0,6.0,393.0,427.0,304.345,2411.8,1394.0818801944356,Predicted CLV Eligible,1394.0818801944356
15063.0,0.0,0.0,30.0,0.0,370.79999999999995,,Not Eligible - One-Time Customer,370.79999999999995
15064.0,3.0,307.0,534.0,309.8066666666667,1254.41,609.3848247586499,Predicted CLV Eligible,609.3848247586499
15065.0,2.0,183.0,227.0,703.2,1575.13,2108.0843982757124,Predicted CLV Eligible,2108.0843982757124
15067.0,2.0,325.0,424.0,1100.7649999999999,2966.17,1933.2740465263116,Predicted CLV Eligible,1933.2740465263116
15068.0,2.0,365.0,438.0,263.315,861.5,458.91996297152605,Predicted CLV Eligible,458.91996297152605
15070.0,2.0,352.0,541.0,206.125,737.0500000000001,294.27473866801256,Predicted CLV Eligible,294.27473866801256
15071.0,2.0,295.0,387.0,447.96000000000004,1062.16,858.833970438239,Predicted CLV Eligible,858.833970438239
15072.0,0.0,0.0,296.0,0.0,187.51999999999998,,Not Eligible - One-Time Customer,187.51999999999998
15073.0,6.0,496.0,498.0,354.6116666666667,2606.57,1417.811029767354,Predicted CLV Eligible,1417.811029767354
15074.0,1.0,38.0,284.0,457.79999999999995,817.4599999999999,439.26056626556397,Predicted CLV Eligible,439.26056626556397
15076.0,1.0,30.0,339.0,10.95,566.8900000000001,15.489227180564889,Predicted CLV Eligible,15.489227180564889
15077.0,1.0,236.0,547.0,1554.6,2428.08,1076.2518825582129,Predicted CLV Eligible,1076.2518825582129
15078.0,24.0,545.0,552.0,471.5741666666667,11727.78,6426.1022570229425,Predicted CLV Eligible,6426.1022570229425
15079.0,7.0,519.0,548.0,412.40999999999997,3625.3999999999996,1739.6597179912083,Predicted CLV Eligible,1739.6597179912083
15080.0,1.0,74.0,318.0,184.9,546.25,190.00669354128814,Predicted CLV Eligible,190.00669354128814
15081.0,8.0,327.0,352.0,165.265,1597.82,1174.1405946585335,Predicted CLV Eligible,1174.1405946585335
15082.0,0.0,0.0,485.0,0.0,93.35000000000001,,Not Eligible - One-Time Customer,93.35000000000001
15083.0,0.0,0.0,73.0,0.0,88.2,,Not Eligible - One-Time Customer,88.2
15084.0,1.0,266.0,462.0,615.8,965.1999999999999,538.0743698249078,Predicted CLV Eligible,538.0743698249078
15085.0,0.0,0.0,546.0,0.0,347.54,,Not Eligible - One-Time Customer,347.54
15086.0,1.0,61.0,442.0,108.5,218.53,69.23350109827554,Predicted CLV Eligible,69.23350109827554
15087.0,0.0,0.0,98.0,0.0,306.94,,Not Eligible - One-Time Customer,306.94
15090.0,0.0,0.0,125.0,0.0,381.32,,Not Eligible - One-Time Customer,381.32
15091.0,0.0,0.0,491.0,0.0,565.9,,Not Eligible - One-Time Customer,565.9
15092.0,2.0,247.0,279.0,228.90500000000003,776.46,591.7926557784491,Predicted CLV Eligible,591.7926557784491
15093.0,17.0,525.0,548.0,720.7294117647059,12502.04,7058.754041920349,Predicted CLV Eligible,7058.754041920349
15094.0,1.0,181.0,461.0,33.0,83.0,35.1443614973751,Predicted CLV Eligible,35.1443614973751
15095.0,5.0,484.0,504.0,453.33000000000004,2541.54,1516.337124300572,Predicted CLV Eligible,1516.337124300572
15097.0,0.0,0.0,400.0,0.0,660.27,,Not Eligible - One-Time Customer,660.27
15100.0,6.0,368.0,518.0,329.45,2193.8999999999996,1245.0022547313479,Predicted CLV Eligible,1245.0022547313479
15101.0,4.0,231.0,407.0,284.935,1262.69,909.534897198045,Predicted CLV Eligible,909.534897198045
15102.0,1.0,16.0,363.0,198.77999999999997,554.67,111.1894364742691,Predicted CLV Eligible,111.1894364742691
15104.0,1.0,86.0,99.0,618.9,993.54,1938.6129436967733,Predicted CLV Eligible,1938.6129436967733
15105.0,1.0,196.0,443.0,465.6,795.98,401.35318380987695,Predicted CLV Eligible,401.35318380987695
15106.0,1.0,58.0,86.0,367.75,778.45,1247.7100571876103,Predicted CLV Eligible,1247.7100571876103
15107.0,8.0,140.0,268.0,93.9375,824.35,714.3514065029184,Predicted CLV Eligible,714.3514065029184
15108.0,2.0,41.0,44.0,216.025,623.45,1887.881660058094,Predicted CLV Eligible,1887.881660058094
15109.0,2.0,490.0,552.0,375.95,983.0999999999999,530.5168913744416,Predicted CLV Eligible,530.5168913744416
15110.0,2.0,167.0,302.0,188.875,679.4000000000001,445.91255835250047,Predicted CLV Eligible,445.91255835250047
15111.0,2.0,220.0,409.0,438.29,1163.3899999999999,778.4656636130414,Predicted CLV Eligible,778.4656636130414
15112.0,0.0,0.0,428.0,0.0,209.4,,Not Eligible - One-Time Customer,209.4
15114.0,4.0,204.0,238.0,235.1975,1357.47,1231.7461623128831,Predicted CLV Eligible,1231.7461623128831
15115.0,0.0,0.0,549.0,0.0,191.74,,Not Eligible - One-Time Customer,191.74
15116.0,0.0,0.0,21.0,0.0,479.65,,Not Eligible - One-Time Customer,479.65
15117.0,2.0,419.0,451.0,443.45,1246.5900000000001,749.9473301748242,Predicted CLV Eligible,749.9473301748242
15119.0,0.0,0.0,62.0,0.0,266.4,,Not Eligible - One-Time Customer,266.4
15121.0,0.0,0.0,105.0,0.0,295.15,,Not Eligible - One-Time Customer,295.15
15122.0,8.0,415.0,436.0,387.4975,3784.1000000000004,2272.970210512173,Predicted CLV Eligible,2272.970210512173
15123.0,3.0,427.0,450.0,1023.2233333333334,3526.33,2409.425690307189,Predicted CLV Eligible,2409.425690307189
15124.0,2.0,460.0,468.0,111.675,357.38,190.20530829948547,Predicted CLV Eligible,190.20530829948547
15125.0,7.0,411.0,435.0,1392.9600000000003,12807.11,7206.9799022049365,Predicted CLV Eligible,7206.9799022049365
15126.0,1.0,151.0,504.0,257.04,449.49,179.04966832486005,Predicted CLV Eligible,179.04966832486005
15127.0,0.0,0.0,336.0,0.0,304.97,,Not Eligible - One-Time Customer,304.97
15128.0,1.0,211.0,247.0,483.7,796.38,774.7949731670535,Predicted CLV Eligible,774.7949731670535
15129.0,14.0,400.0,427.0,302.31857142857143,4533.16,3072.341717773301,Predicted CLV Eligible,3072.341717773301
15131.0,0.0,0.0,211.0,0.0,80.28,,Not Eligible - One-Time Customer,80.28
15132.0,1.0,63.0,79.0,176.1,489.87,659.4906447802564,Predicted CLV Eligible,659.4906447802564
15133.0,3.0,263.0,337.0,321.2,1482.38,974.49649653525,Predicted CLV Eligible,974.49649653525
15134.0,3.0,209.0,239.0,121.34999999999998,447.75,502.7143357828639,Predicted CLV Eligible,502.7143357828639
15135.0,1.0,317.0,373.0,139.05,305.68,166.33808745690055,Predicted CLV Eligible,166.33808745690055
15137.0,1.0,160.0,497.0,430.58,823.4,305.660205687602,Predicted CLV Eligible,305.660205687602
15138.0,0.0,0.0,210.0,0.0,502.52,,Not Eligible - One-Time Customer,502.52
15139.0,1.0,97.0,153.0,56.86,178.96,150.5664547900708,Predicted CLV Eligible,150.5664547900708
15140.0,3.0,244.0,259.0,375.81666666666666,2016.89,1430.4263177858293,Predicted CLV Eligible,1430.4263177858293
15141.0,5.0,164.0,438.0,220.766,1388.47,608.6918997376889,Predicted CLV Eligible,608.6918997376889
15142.0,3.0,90.0,317.0,561.72,2121.18,1473.0864205537875,Predicted CLV Eligible,1473.0864205537875
15143.0,1.0,207.0,249.0,259.45,563.63,419.93082925128505,Predicted CLV Eligible,419.93082925128505
15144.0,13.0,509.0,543.0,531.13,7274.89,4048.5223690592834,Predicted CLV Eligible,4048.5223690592834
15145.0,1.0,21.0,65.0,301.8,724.03,1154.596384722495,Predicted CLV Eligible,1154.596384722495
15146.0,0.0,0.0,108.0,0.0,834.22,,Not Eligible - One-Time Customer,834.22
15147.0,0.0,0.0,57.0,0.0,623.5,,Not Eligible - One-Time Customer,623.5
15149.0,2.0,73.0,466.0,354.99,1033.81,386.92423501232685,Predicted CLV Eligible,386.92423501232685
15150.0,3.0,357.0,360.0,993.54,5004.68,2849.1116283429956,Predicted CLV Eligible,2849.1116283429956
15151.0,1.0,86.0,326.0,1116.26,2085.61,1101.668403112755,Predicted CLV Eligible,1101.668403112755
15152.0,1.0,514.0,518.0,756.1,1274.24,645.3231275629989,Predicted CLV Eligible,645.3231275629989
15154.0,0.0,0.0,295.0,0.0,1089.44,,Not Eligible - One-Time Customer,1089.44
15155.0,0.0,0.0,200.0,0.0,383.96999999999997,,Not Eligible - One-Time Customer,383.96999999999997
15157.0,2.0,371.0,546.0,677.65,1803.5,944.2275692854303,Predicted CLV Eligible,944.2275692854303
15158.0,0.0,0.0,218.0,0.0,204.62,,Not Eligible - One-Time Customer,204.62
15159.0,11.0,247.0,248.0,703.9154545454545,9151.59,9025.374451140446,Predicted CLV Eligible,9025.374451140446
15160.0,3.0,64.0,238.0,162.65333333333334,589.27,564.462824889832,Predicted CLV Eligible,564.462824889832
15161.0,0.0,0.0,205.0,0.0,119.92,,Not Eligible - One-Time Customer,119.92
15162.0,0.0,0.0,548.0,0.0,312.9,,Not Eligible - One-Time Customer,312.9
15163.0,0.0,0.0,9.0,0.0,155.0,,Not Eligible - One-Time Customer,155.0
15164.0,7.0,482.0,507.0,194.75428571428571,1566.76,885.4129502824608,Predicted CLV Eligible,885.4129502824608
15165.0,0.0,0.0,190.0,0.0,487.75,,Not Eligible - One-Time Customer,487.75
15166.0,0.0,0.0,284.0,0.0,167.16,,Not Eligible - One-Time Customer,167.16
15167.0,3.0,353.0,490.0,322.73,1627.62,701.0223581082985,Predicted CLV Eligible,701.0223581082985
15169.0,1.0,344.0,543.0,213.05,569.22,169.47341938408275,Predicted CLV Eligible,169.47341938408275
15170.0,0.0,0.0,223.0,0.0,81.15,,Not Eligible - One-Time Customer,81.15
15171.0,0.0,0.0,148.0,0.0,1289.5,,Not Eligible - One-Time Customer,1289.5
15172.0,1.0,40.0,53.0,179.8,526.2,833.845573323761,Predicted CLV Eligible,833.845573323761
15173.0,6.0,237.0,434.0,183.09,1494.6,757.8181779876525,Predicted CLV Eligible,757.8181779876525
15174.0,1.0,88.0,227.0,135.75,481.46,218.60578574458376,Predicted CLV Eligible,218.60578574458376
15176.0,0.0,0.0,484.0,0.0,988.04,,Not Eligible - One-Time Customer,988.04
15177.0,0.0,0.0,242.0,0.0,948.93,,Not Eligible - One-Time Customer,948.93
15178.0,0.0,0.0,77.0,0.0,40.5,,Not Eligible - One-Time Customer,40.5
15179.0,10.0,503.0,553.0,597.674,6740.09,3484.4006922740095,Predicted CLV Eligible,3484.4006922740095
15180.0,2.0,222.0,406.0,182.04500000000002,816.9300000000001,332.08195009767485,Predicted CLV Eligible,332.08195009767485
15181.0,2.0,462.0,548.0,324.0,810.72,460.2634617639561,Predicted CLV Eligible,460.2634617639561
15182.0,5.0,388.0,473.0,436.3382,2746.5820000000003,1536.013722417672,Predicted CLV Eligible,1536.013722417672
15183.0,2.0,37.0,401.0,173.95,639.9300000000001,178.49874679707693,Predicted CLV Eligible,178.49874679707693
15184.0,2.0,533.0,540.0,197.615,518.4200000000001,289.6047130240148,Predicted CLV Eligible,289.6047130240148
15186.0,2.0,222.0,513.0,414.19500000000005,991.79,581.8243548807952,Predicted CLV Eligible,581.8243548807952
15187.0,0.0,0.0,29.0,0.0,431.6,,Not Eligible - One-Time Customer,431.6
15188.0,0.0,0.0,542.0,0.0,310.43,,Not Eligible - One-Time Customer,310.43
15189.0,20.0,325.0,326.0,331.338,6829.2,6020.866531331992,Predicted CLV Eligible,6020.866531331992
15190.0,0.0,0.0,251.0,0.0,834.4399999999999,,Not Eligible - One-Time Customer,834.4399999999999
15191.0,1.0,225.0,505.0,245.3,588.05,191.82729444486935,Predicted CLV Eligible,191.82729444486935
15192.0,3.0,488.0,496.0,349.60666666666674,1360.06,760.9887655595144,Predicted CLV Eligible,760.9887655595144
15194.0,20.0,538.0,553.0,386.509,8066.18,4401.321542222818,Predicted CLV Eligible,4401.321542222818
15196.0,1.0,294.0,543.0,164.0,313.7,128.3729721259268,Predicted CLV Eligible,128.3729721259268
15197.0,4.0,476.0,545.0,363.2975,1571.15,926.8834470103203,Predicted CLV Eligible,926.8834470103203
15198.0,2.0,281.0,506.0,148.455,377.71000000000004,224.1666502742094,Predicted CLV Eligible,224.1666502742094
15199.0,7.0,340.0,392.0,315.70714285714286,2510.85,1791.923116358923,Predicted CLV Eligible,1791.923116358923
15200.0,0.0,0.0,311.0,0.0,549.05,,Not Eligible - One-Time Customer,549.05
15201.0,3.0,407.0,428.0,305.2066666666667,1208.68,758.0908085680726,Predicted CLV Eligible,758.0908085680726
15202.0,0.0,0.0,237.0,0.0,6001.49,,Not Eligible - One-Time Customer,6001.49
15203.0,9.0,533.0,548.0,334.4,3265.28,1786.4143848066083,Predicted CLV Eligible,1786.4143848066083
15204.0,0.0,0.0,174.0,0.0,316.58,,Not Eligible - One-Time Customer,316.58
15206.0,0.0,0.0,92.0,0.0,17.700000000000003,,Not Eligible - One-Time Customer,17.700000000000003
15207.0,2.0,131.0,364.0,137.96,683.92,263.5989267650714,Predicted CLV Eligible,263.5989267650714
15208.0,1.0,70.0,240.0,65.4,165.8,102.70613263673638,Predicted CLV Eligible,102.70613263673638
15209.0,0.0,0.0,547.0,0.0,178.98000000000002,,Not Eligible - One-Time Customer,178.98000000000002
15210.0,2.0,350.0,392.0,437.135,1176.19,835.3678775526519,Predicted CLV Eligible,835.3678775526519
15211.0,0.0,0.0,182.0,0.0,383.07,,Not Eligible - One-Time Customer,383.07
15212.0,1.0,135.0,193.0,101.8,208.27999999999997,211.08957143647092,Predicted CLV Eligible,211.08957143647092
15213.0,1.0,11.0,146.0,15.149999999999999,328.34999999999997,46.633730786923024,Predicted CLV Eligible,46.633730786923024
15214.0,0.0,0.0,59.0,0.0,514.9300000000001,,Not Eligible - One-Time Customer,514.9300000000001
15215.0,3.0,219.0,429.0,430.34,1687.49,1010.8573601198709,Predicted CLV Eligible,1010.8573601198709
15216.0,0.0,0.0,435.0,0.0,389.49,,Not Eligible - One-Time Customer,389.49
15217.0,0.0,0.0,380.0,0.0,426.24,,Not Eligible - One-Time Customer,426.24
15218.0,13.0,465.0,499.0,545.7576923076923,7469.2,4488.598710324647,Predicted CLV Eligible,4488.598710324647
15219.0,0.0,0.0,465.0,0.0,379.7,,Not Eligible - One-Time Customer,379.7
15220.0,2.0,77.0,97.0,271.03999999999996,858.19,1526.8877490512343,Predicted CLV Eligible,1526.8877490512343
15221.0,3.0,271.0,454.0,579.6166666666667,2062.2,1318.9526251518225,Predicted CLV Eligible,1318.9526251518225
15222.0,10.0,405.0,540.0,311.43500000000006,3550.91,1814.0045987371066,Predicted CLV Eligible,1814.0045987371066
15223.0,4.0,509.0,551.0,296.9375,1417.95,752.921835965124,Predicted CLV Eligible,752.921835965124
15224.0,4.0,335.0,510.0,196.99,871.36,526.5594054621205,Predicted CLV Eligible,526.5594054621205
15225.0,0.0,0.0,51.0,0.0,409.40000000000003,,Not Eligible - One-Time Customer,409.40000000000003
15226.0,0.0,0.0,127.0,0.0,154.41,,Not Eligible - One-Time Customer,154.41
15227.0,6.0,418.0,450.0,301.9716666666667,2145.9100000000003,1320.778555378334,Predicted CLV Eligible,1320.778555378334
15228.0,2.0,205.0,316.0,1069.0,3098.41,2398.8602580361444,Predicted CLV Eligible,2398.8602580361444
15229.0,0.0,0.0,403.0,0.0,160.5,,Not Eligible - One-Time Customer,160.5
15230.0,1.0,1.0,57.0,59.400000000000006,429.6,262.68069859986076,Predicted CLV Eligible,262.68069859986076
15231.0,0.0,0.0,438.0,0.0,250.26,,Not Eligible - One-Time Customer,250.26
15233.0,0.0,0.0,218.0,0.0,59.400000000000006,,Not Eligible - One-Time Customer,59.400000000000006
15234.0,0.0,0.0,93.0,0.0,197.0,,Not Eligible - One-Time Customer,197.0
15235.0,11.0,171.0,205.0,216.0981818181818,2772.76,3216.270840131564,Predicted CLV Eligible,3216.270840131564
15236.0,0.0,0.0,115.0,0.0,321.05,,Not Eligible - One-Time Customer,321.05
15237.0,1.0,24.0,44.0,154.73,1093.65,778.2407534489737,Predicted CLV Eligible,778.2407534489737
15238.0,0.0,0.0,1.0,0.0,300.14,,Not Eligible - One-Time Customer,300.14
15240.0,9.0,543.0,551.0,361.0022222222222,3798.79,1919.021754954854,Predicted CLV Eligible,1919.021754954854
15241.0,5.0,462.0,471.0,392.696,2259.12,1397.570666271982,Predicted CLV Eligible,1397.570666271982
15242.0,0.0,0.0,239.0,0.0,302.04,,Not Eligible - One-Time Customer,302.04
15243.0,0.0,0.0,252.0,0.0,610.6,,Not Eligible - One-Time Customer,610.6
15244.0,1.0,418.0,483.0,297.94,578.45,272.56631580164157,Predicted CLV Eligible,272.56631580164157
15245.0,6.0,408.0,412.0,553.41,3832.7200000000003,2613.6625274776507,Predicted CLV Eligible,2613.6625274776507
15246.0,2.0,317.0,372.0,257.07500000000005,780.4000000000001,517.9374445681493,Predicted CLV Eligible,517.9374445681493
15247.0,1.0,60.0,354.0,308.5,620.06,252.56104699029186,Predicted CLV Eligible,252.56104699029186
15248.0,2.0,123.0,351.0,335.51,1893.93,643.4274009308251,Predicted CLV Eligible,643.4274009308251
15249.0,9.0,427.0,440.0,515.3322222222222,5418.91,3347.609485485786,Predicted CLV Eligible,3347.609485485786
15250.0,0.0,0.0,457.0,0.0,60.0,,Not Eligible - One-Time Customer,60.0
15251.0,10.0,469.0,496.0,1306.539,13935.27,8407.098306322321,Predicted CLV Eligible,8407.098306322321
15252.0,2.0,190.0,428.0,382.295,1362.63,637.0345309770036,Predicted CLV Eligible,637.0345309770036
15253.0,2.0,183.0,403.0,362.715,1136.8899999999999,640.7584855664419,Predicted CLV Eligible,640.7584855664419
15254.0,1.0,14.0,377.0,337.65,787.99,168.76285788790184,Predicted CLV Eligible,168.76285788790184
15255.0,6.0,340.0,553.0,425.78833333333336,2815.17,1467.3025197241668,Predicted CLV Eligible,1467.3025197241668
15256.0,0.0,0.0,378.0,0.0,71.95,,Not Eligible - One-Time Customer,71.95
15257.0,1.0,131.0,231.0,317.15,685.9,513.5419872423477,Predicted CLV Eligible,513.5419872423477
15258.0,0.0,0.0,34.0,0.0,315.66,,Not Eligible - One-Time Customer,315.66
15259.0,2.0,170.0,499.0,439.91499999999996,1182.38,602.4634459011763,Predicted CLV Eligible,602.4634459011763
15260.0,17.0,547.0,550.0,469.0523529411764,8227.44,4585.531189329161,Predicted CLV Eligible,4585.531189329161
15261.0,2.0,53.0,251.0,192.425,1253.18,457.7914908903093,Predicted CLV Eligible,457.7914908903093
15262.0,2.0,165.0,305.0,145.875,418.82,343.815888795613,Predicted CLV Eligible,343.815888795613
15264.0,0.0,0.0,347.0,0.0,454.66,,Not Eligible - One-Time Customer,454.66
15265.0,2.0,503.0,555.0,1128.81,2551.76,1570.2854697903638,Predicted CLV Eligible,1570.2854697903638
15266.0,4.0,363.0,518.0,160.0525,852.21,426.0748849113117,Predicted CLV Eligible,426.0748849113117
15268.0,1.0,127.0,422.0,414.30000000000007,961.9000000000001,337.39307406474927,Predicted CLV Eligible,337.39307406474927
15269.0,1.0,10.0,207.0,335.26,816.56,392.1175209521142,Predicted CLV Eligible,392.1175209521142
15270.0,11.0,484.0,539.0,631.2654545454545,7459.12,4120.312727747726,Predicted CLV Eligible,4120.312727747726
15271.0,13.0,287.0,308.0,168.06153846153848,2770.81,2115.9173173420054,Predicted CLV Eligible,2115.9173173420054
15272.0,3.0,213.0,480.0,291.3066666666667,1309.01,602.8815036360674,Predicted CLV Eligible,602.8815036360674
15273.0,0.0,0.0,416.0,0.0,228.96,,Not Eligible - One-Time Customer,228.96
15276.0,1.0,40.0,251.0,112.72,491.16999999999996,138.40259188518425,Predicted CLV Eligible,138.40259188518425
15277.0,0.0,0.0,242.0,0.0,220.44,,Not Eligible - One-Time Customer,220.44
15278.0,1.0,104.0,482.0,238.44,496.15999999999997,155.24612193015648,Predicted CLV Eligible,155.24612193015648
15279.0,4.0,321.0,492.0,307.10249999999996,1580.54,842.908099289358,Predicted CLV Eligible,842.908099289358
15280.0,1.0,83.0,388.0,151.5,284.4,126.07384629384468,Predicted CLV Eligible,126.07384629384468
15281.0,11.0,230.0,244.0,397.38272727272727,8138.83,5162.7880787541835,Predicted CLV Eligible,5162.7880787541835
15282.0,0.0,0.0,387.0,0.0,348.59,,Not Eligible - One-Time Customer,348.59
15283.0,2.0,128.0,335.0,24.375,148.33,60.351619942620914,Predicted CLV Eligible,60.351619942620914
15284.0,0.0,0.0,317.0,0.0,24.75,,Not Eligible - One-Time Customer,24.75
15285.0,0.0,0.0,224.0,0.0,94.92,,Not Eligible - One-Time Customer,94.92
15287.0,2.0,358.0,554.0,155.57,369.34000000000003,219.1765015790732,Predicted CLV Eligible,219.1765015790732
15288.0,6.0,465.0,482.0,449.7266666666667,3032.86,1848.078365958298,Predicted CLV Eligible,1848.078365958298
15289.0,2.0,372.0,438.0,294.57,1028.76,512.6704779067574,Predicted CLV Eligible,512.6704779067574
15290.0,14.0,450.0,470.0,307.7507142857143,4585.63,2873.8737467499104,Predicted CLV Eligible,2873.8737467499104
15291.0,32.0,489.0,553.0,346.8171875,11529.05,6130.108652179415,Predicted CLV Eligible,6130.108652179415
15292.0,0.0,0.0,18.0,0.0,178.39,,Not Eligible - One-Time Customer,178.39
15293.0,0.0,0.0,482.0,0.0,247.5,,Not Eligible - One-Time Customer,247.5
15294.0,0.0,0.0,227.0,0.0,233.35,,Not Eligible - One-Time Customer,233.35
15295.0,0.0,0.0,471.0,0.0,207.04,,Not Eligible - One-Time Customer,207.04
15296.0,5.0,475.0,504.0,1443.5099999999998,8427.98,4808.918025369562,Predicted CLV Eligible,4808.918025369562
15298.0,15.0,544.0,548.0,382.37466666666666,6039.07,3324.400183778981,Predicted CLV Eligible,3324.400183778981
15299.0,4.0,433.0,513.0,838.2525,4084.5299999999997,2245.467485218046,Predicted CLV Eligible,2245.467485218046
15301.0,8.0,263.0,267.0,514.09625,4635.63,4593.666692482649,Predicted CLV Eligible,4593.666692482649
15302.0,0.0,0.0,547.0,0.0,308.0,,Not Eligible - One-Time Customer,308.0
15303.0,2.0,393.0,500.0,460.99,1224.1799999999998,705.0447496969053,Predicted CLV Eligible,705.0447496969053
15304.0,5.0,203.0,238.0,76.32000000000001,483.6,496.91468835409245,Predicted CLV Eligible,496.91468835409245
15305.0,0.0,0.0,372.0,0.0,93.6,,Not Eligible - One-Time Customer,93.6
15306.0,5.0,159.0,476.0,384.574,2310.38,815.7307928740552,Predicted CLV Eligible,815.7307928740552
15308.0,0.0,0.0,91.0,0.0,310.47,,Not Eligible - One-Time Customer,310.47
15309.0,3.0,125.0,552.0,174.73666666666668,797.96,218.151519623709,Predicted CLV Eligible,218.151519623709
15310.0,0.0,0.0,295.0,0.0,1634.64,,Not Eligible - One-Time Customer,1634.64
15311.0,149.0,553.0,555.0,584.7045637583892,87944.0,48294.17452281181,Predicted CLV Eligible,48294.17452281181
15312.0,9.0,508.0,540.0,254.62111111111113,2613.2400000000002,1378.8781390947968,Predicted CLV Eligible,1378.8781390947968
15314.0,2.0,229.0,245.0,173.88500000000002,820.45,505.3009170335932,Predicted CLV Eligible,505.3009170335932
15316.0,0.0,0.0,143.0,0.0,165.0,,Not Eligible - One-Time Customer,165.0
15317.0,0.0,0.0,494.0,0.0,129.75,,Not Eligible - One-Time Customer,129.75
15319.0,0.0,0.0,100.0,0.0,204.5,,Not Eligible - One-Time Customer,204.5
15321.0,5.0,383.0,491.0,941.8459999999999,5120.89,3187.2139386449076,Predicted CLV Eligible,3187.2139386449076
15322.0,0.0,0.0,293.0,0.0,711.18,,Not Eligible - One-Time Customer,711.18
15323.0,2.0,99.0,478.0,163.2,434.6,201.22684906666842,Predicted CLV Eligible,201.22684906666842
15324.0,0.0,0.0,518.0,0.0,140.22000000000003,,Not Eligible - One-Time Customer,140.22000000000003
15325.0,5.0,266.0,478.0,244.844,1439.72,809.3087896753535,Predicted CLV Eligible,809.3087896753535
15326.0,4.0,405.0,555.0,348.18,1700.52,865.1399692087683,Predicted CLV Eligible,865.1399692087683
15328.0,0.0,0.0,224.0,0.0,107.24,,Not Eligible - One-Time Customer,107.24
15329.0,7.0,351.0,542.0,227.25285714285715,1909.13,926.1553456599844,Predicted CLV Eligible,926.1553456599844
15331.0,1.0,110.0,426.0,402.32,767.9100000000001,309.68849150627204,Predicted CLV Eligible,309.68849150627204
15332.0,3.0,147.0,330.0,1062.1499999999999,4892.68,3062.040462698602,Predicted CLV Eligible,3062.040462698602
15333.0,0.0,0.0,25.0,0.0,1028.56,,Not Eligible - One-Time Customer,1028.56
15336.0,0.0,0.0,218.0,0.0,240.5,,Not Eligible - One-Time Customer,240.5
15337.0,0.0,0.0,228.0,0.0,373.02,,Not Eligible - One-Time Customer,373.02
15338.0,0.0,0.0,494.0,0.0,277.93,,Not Eligible - One-Time Customer,277.93
15339.0,4.0,351.0,486.0,342.36249999999995,1504.85,958.6050333760185,Predicted CLV Eligible,958.6050333760185
15340.0,0.0,0.0,378.0,0.0,105.5,,Not Eligible - One-Time Customer,105.5
15341.0,0.0,0.0,266.0,0.0,382.2,,Not Eligible - One-Time Customer,382.2
15346.0,2.0,99.0,248.0,166.82,596.12,451.02765295928845,Predicted CLV Eligible,451.02765295928845
15347.0,3.0,71.0,254.0,202.05000000000004,1162.0,663.6682428834799,Predicted CLV Eligible,663.6682428834799
15349.0,0.0,0.0,4.0,0.0,356.21,,Not Eligible - One-Time Customer,356.21
15350.0,1.0,10.0,200.0,115.65,547.6,150.5398708772672,Predicted CLV Eligible,150.5398708772672
15351.0,3.0,63.0,249.0,366.12999999999994,1770.23,1174.1534987044447,Predicted CLV Eligible,1174.1534987044447
15352.0,0.0,0.0,365.0,0.0,111.15,,Not Eligible - One-Time Customer,111.15
15353.0,6.0,483.0,554.0,420.455,2794.47,1519.0985333643175,Predicted CLV Eligible,1519.0985333643175
15354.0,0.0,0.0,420.0,0.0,284.4,,Not Eligible - One-Time Customer,284.4
15356.0,7.0,204.0,239.0,212.1342857142857,1683.2,1833.2972726592157,Predicted CLV Eligible,1833.2972726592157
15358.0,21.0,525.0,549.0,571.2061904761905,12441.73,6858.573914417134,Predicted CLV Eligible,6858.573914417134
15359.0,3.0,31.0,510.0,58.083333333333336,181.35,16.98641005616297,Predicted CLV Eligible,16.98641005616297
15361.0,3.0,182.0,360.0,205.89000000000001,689.07,570.2794913576524,Predicted CLV Eligible,570.2794913576524
15362.0,1.0,290.0,555.0,302.33,613.0799999999999,223.10289010273132,Predicted CLV Eligible,223.10289010273132
15363.0,1.0,120.0,309.0,326.0,678.11,381.9539088929412,Predicted CLV Eligible,381.9539088929412
15364.0,0.0,0.0,71.0,0.0,331.80000000000007,,Not Eligible - One-Time Customer,331.80000000000007
15365.0,3.0,358.0,490.0,708.7666666666665,2451.42,1530.979767548995,Predicted CLV Eligible,1530.979767548995
15366.0,5.0,293.0,468.0,315.104,1892.11,1090.1051082745041,Predicted CLV Eligible,1090.1051082745041
15367.0,7.0,484.0,546.0,547.7571428571429,4619.92,2310.473605703665,Predicted CLV Eligible,2310.473605703665
15368.0,0.0,0.0,211.0,0.0,275.8,,Not Eligible - One-Time Customer,275.8
15369.0,7.0,239.0,548.0,848.3285714285714,6251.259999999999,2157.1454732152138,Predicted CLV Eligible,2157.1454732152138
15370.0,3.0,207.0,227.0,375.98,2480.9,1591.5277777708457,Predicted CLV Eligible,1591.5277777708457
15371.0,0.0,0.0,479.0,0.0,59.400000000000006,,Not Eligible - One-Time Customer,59.400000000000006
15372.0,4.0,213.0,480.0,894.355,4009.66,2274.0299619056645,Predicted CLV Eligible,2274.0299619056645
15373.0,10.0,376.0,403.0,174.138,1860.38,1354.8552908474571,Predicted CLV Eligible,1354.8552908474571
15374.0,0.0,0.0,441.0,0.0,139.32,,Not Eligible - One-Time Customer,139.32
15375.0,0.0,0.0,507.0,0.0,60.959999999999994,,Not Eligible - One-Time Customer,60.959999999999994
15376.0,0.0,0.0,39.0,0.0,642.37,,Not Eligible - One-Time Customer,642.37
15377.0,2.0,33.0,232.0,453.725,1211.75,1049.5872109869217,Predicted CLV Eligible,1049.5872109869217
15378.0,1.0,39.0,318.0,136.5,246.5,119.48727491209065,Predicted CLV Eligible,119.48727491209065
15379.0,6.0,214.0,217.0,595.4150000000001,4747.04,4820.478618630726,Predicted CLV Eligible,4820.478618630726
15380.0,6.0,373.0,555.0,254.23000000000002,1788.8,895.4652707883922,Predicted CLV Eligible,895.4652707883922
15381.0,4.0,370.0,400.0,385.2675,1890.57,1297.4021813068134,Predicted CLV Eligible,1297.4021813068134
15382.0,7.0,551.0,552.0,1197.3942857142858,9904.96,5010.751864975282,Predicted CLV Eligible,5010.751864975282
15384.0,2.0,233.0,409.0,706.225,1688.95,1255.5493748121996,Predicted CLV Eligible,1255.5493748121996
15385.0,1.0,285.0,494.0,317.4,625.2,265.6722495247932,Predicted CLV Eligible,265.6722495247932
15386.0,0.0,0.0,3.0,0.0,394.14,,Not Eligible - One-Time Customer,394.14
15387.0,0.0,0.0,309.0,0.0,468.65,,Not Eligible - One-Time Customer,468.65
15388.0,0.0,0.0,87.0,0.0,140.54,,Not Eligible - One-Time Customer,140.54
15389.0,3.0,281.0,498.0,459.6666666666667,2233.8,957.1890729710196,Predicted CLV Eligible,957.1890729710196
15390.0,1.0,13.0,226.0,381.77000000000004,1216.66,408.0123788588942,Predicted CLV Eligible,408.0123788588942
15391.0,0.0,0.0,401.0,0.0,289.87,,Not Eligible - One-Time Customer,289.87
15392.0,3.0,71.0,248.0,441.22,1715.0700000000002,1479.281232141031,Predicted CLV Eligible,1479.281232141031
15393.0,3.0,443.0,541.0,198.58,783.58,400.35224935130026,Predicted CLV Eligible,400.35224935130026
15394.0,7.0,520.0,541.0,606.0428571428572,4539.7,2584.1209923723304,Predicted CLV Eligible,2584.1209923723304
15395.0,0.0,0.0,142.0,0.0,107.45,,Not Eligible - One-Time Customer,107.45
15396.0,0.0,0.0,400.0,0.0,508.20000000000005,,Not Eligible - One-Time Customer,508.20000000000005
15397.0,0.0,0.0,106.0,0.0,94.0,,Not Eligible - One-Time Customer,94.0
15400.0,4.0,376.0,377.0,212.72500000000002,1044.9,760.4974370767457,Predicted CLV Eligible,760.4974370767457
15401.0,1.0,116.0,385.0,80.75,216.95000000000002,79.96446289853174,Predicted CLV Eligible,79.96446289853174
15402.0,4.0,395.0,408.0,265.175,1644.76,881.6958342650937,Predicted CLV Eligible,881.6958342650937
15403.0,1.0,239.0,547.0,75.12,170.88,59.85860710422191,Predicted CLV Eligible,59.85860710422191
15404.0,0.0,0.0,192.0,0.0,257.06,,Not Eligible - One-Time Customer,257.06
15405.0,1.0,387.0,393.0,349.1,659.84,387.094283243733,Predicted CLV Eligible,387.094283243733
15406.0,1.0,152.0,270.0,252.29,717.4499999999999,361.3363811519166,Predicted CLV Eligible,361.3363811519166
15407.0,1.0,83.0,122.0,164.86,329.86,460.72807760432767,Predicted CLV Eligible,460.72807760432767
15408.0,0.0,0.0,81.0,0.0,267.18,,Not Eligible - One-Time Customer,267.18
15409.0,0.0,0.0,538.0,0.0,131.25,,Not Eligible - One-Time Customer,131.25
15410.0,5.0,396.0,416.0,430.858,3035.77,1709.8464955515385,Predicted CLV Eligible,1709.8464955515385
15413.0,4.0,47.0,555.0,1557.1200000000001,6798.72,187.66425603340844,Predicted CLV Eligible,187.66425603340844
15414.0,0.0,0.0,59.0,0.0,36.2,,Not Eligible - One-Time Customer,36.2
15415.0,0.0,0.0,130.0,0.0,559.61,,Not Eligible - One-Time Customer,559.61
15416.0,3.0,437.0,493.0,824.6333333333333,2862.9300000000003,1787.3680985242738,Predicted CLV Eligible,1787.3680985242738
15418.0,1.0,161.0,403.0,242.93,449.42,227.75494327749732,Predicted CLV Eligible,227.75494327749732
15420.0,5.0,300.0,551.0,129.178,743.0,374.7204394384757,Predicted CLV Eligible,374.7204394384757
15421.0,7.0,517.0,549.0,479.0414285714286,3594.34,2015.924532867543,Predicted CLV Eligible,2015.924532867543
15422.0,5.0,347.0,487.0,264.196,1619.97,899.3342080911555,Predicted CLV Eligible,899.3342080911555
15423.0,1.0,40.0,438.0,69.84,223.39,40.86656389168343,Predicted CLV Eligible,40.86656389168343
15424.0,1.0,209.0,280.0,383.34,597.78,547.4764926142025,Predicted CLV Eligible,547.4764926142025
15425.0,3.0,263.0,480.0,392.81,1941.1200000000001,843.4946384454726,Predicted CLV Eligible,843.4946384454726
15426.0,4.0,329.0,403.0,245.785,1386.4099999999999,821.8504632946507,Predicted CLV Eligible,821.8504632946507
15428.0,2.0,335.0,539.0,242.265,668.97,344.2303810785166,Predicted CLV Eligible,344.2303810785166
15430.0,1.0,61.0,345.0,118.00000000000001,954.75,106.5072637680842,Predicted CLV Eligible,106.5072637680842
15431.0,0.0,0.0,319.0,0.0,153.24,,Not Eligible - One-Time Customer,153.24
15432.0,0.0,0.0,358.0,0.0,149.57,,Not Eligible - One-Time Customer,149.57
15433.0,1.0,54.0,84.0,160.66,533.3,572.7386257756071,Predicted CLV Eligible,572.7386257756071
15434.0,6.0,484.0,501.0,257.865,1832.54,1026.842701039993,Predicted CLV Eligible,1026.842701039993
15436.0,0.0,0.0,51.0,0.0,484.1,,Not Eligible - One-Time Customer,484.1
15437.0,1.0,378.0,457.0,200.16,393.45000000000005,194.76972727788217,Predicted CLV Eligible,194.76972727788217
15439.0,2.0,249.0,470.0,260.1,1269.0500000000002,410.8278147227347,Predicted CLV Eligible,410.8278147227347
15440.0,0.0,0.0,25.0,0.0,125.8,,Not Eligible - One-Time Customer,125.8
15441.0,2.0,334.0,547.0,476.32000000000005,1254.21,658.9525528621394,Predicted CLV Eligible,658.9525528621394
15442.0,0.0,0.0,65.0,0.0,594.0,,Not Eligible - One-Time Customer,594.0
15443.0,7.0,322.0,459.0,277.0814285714286,2338.35,1338.893189162061,Predicted CLV Eligible,1338.893189162061
15445.0,1.0,326.0,407.0,113.5,284.5,126.98701840045484,Predicted CLV Eligible,126.98701840045484
15446.0,2.0,350.0,543.0,138.16,399.75,199.09645622723593,Predicted CLV Eligible,199.09645622723593
15447.0,3.0,295.0,442.0,130.52666666666667,492.88,314.59686792501844,Predicted CLV Eligible,314.59686792501844
15448.0,1.0,362.0,491.0,494.64,788.81,429.2516123985766,Predicted CLV Eligible,429.2516123985766
15449.0,1.0,76.0,78.0,301.78,647.7,1126.269950991574,Predicted CLV Eligible,1126.269950991574
15451.0,1.0,165.0,416.0,122.1,226.86,116.01675497595174,Predicted CLV Eligible,116.01675497595174
15452.0,3.0,247.0,328.0,207.31000000000003,1493.63,646.7870315700078,Predicted CLV Eligible,646.7870315700078
15453.0,0.0,0.0,4.0,0.0,194.34,,Not Eligible - One-Time Customer,194.34
15454.0,1.0,256.0,435.0,179.1,305.99,173.4692702259084,Predicted CLV Eligible,173.4692702259084
15455.0,0.0,0.0,414.0,0.0,38.25,,Not Eligible - One-Time Customer,38.25
15456.0,8.0,448.0,548.0,235.01375,2091.52,1116.675439308114,Predicted CLV Eligible,1116.675439308114
15457.0,0.0,0.0,79.0,0.0,237.07,,Not Eligible - One-Time Customer,237.07
15458.0,0.0,0.0,219.0,0.0,208.79999999999998,,Not Eligible - One-Time Customer,208.79999999999998
15459.0,1.0,80.0,314.0,105.0,202.82999999999998,117.05194555060758,Predicted CLV Eligible,117.05194555060758
15460.0,0.0,0.0,171.0,0.0,214.26,,Not Eligible - One-Time Customer,214.26
15461.0,1.0,171.0,448.0,219.7,429.7,185.42155157300664,Predicted CLV Eligible,185.42155157300664
15462.0,1.0,258.0,262.0,105.0,607.45,176.65600296499312,Predicted CLV Eligible,176.65600296499312
15464.0,0.0,0.0,155.0,0.0,1044.65,,Not Eligible - One-Time Customer,1044.65
15465.0,25.0,496.0,546.0,378.8976,9909.24,5396.878758389482,Predicted CLV Eligible,5396.878758389482
15466.0,2.0,347.0,553.0,242.735,1225.93,337.2154658008565,Predicted CLV Eligible,337.2154658008565
15468.0,0.0,0.0,209.0,0.0,962.97,,Not Eligible - One-Time Customer,962.97
15469.0,0.0,0.0,255.0,0.0,335.7,,Not Eligible - One-Time Customer,335.7
15470.0,0.0,0.0,392.0,0.0,63.419999999999995,,Not Eligible - One-Time Customer,63.419999999999995
15471.0,1.0,170.0,367.0,568.28,837.53,584.7535044891331,Predicted CLV Eligible,584.7535044891331
15473.0,0.0,0.0,261.0,0.0,274.8,,Not Eligible - One-Time Customer,274.8
15474.0,0.0,0.0,412.0,0.0,150.35,,Not Eligible - One-Time Customer,150.35
15476.0,2.0,62.0,259.0,686.275,2209.98,1594.2456707584956,Predicted CLV Eligible,1594.2456707584956
15477.0,0.0,0.0,466.0,0.0,368.4,,Not Eligible - One-Time Customer,368.4
15478.0,0.0,0.0,392.0,0.0,583.56,,Not Eligible - One-Time Customer,583.56
15479.0,0.0,0.0,550.0,0.0,147.4,,Not Eligible - One-Time Customer,147.4
15480.0,2.0,211.0,493.0,1868.56,5373.5,2687.965948278806,Predicted CLV Eligible,2687.965948278806
15481.0,0.0,0.0,218.0,0.0,1993.34,,Not Eligible - One-Time Customer,1993.34
15482.0,8.0,487.0,554.0,577.345,4799.84,2719.7594615681896,Predicted CLV Eligible,2719.7594615681896
15483.0,4.0,418.0,501.0,135.85,703.51,378.23714168533587,Predicted CLV Eligible,378.23714168533587
15484.0,1.0,194.0,551.0,372.19,1061.69,247.14735781785936,Predicted CLV Eligible,247.14735781785936
15485.0,4.0,402.0,555.0,653.1775,3514.55,1615.698830257885,Predicted CLV Eligible,1615.698830257885
15486.0,0.0,0.0,344.0,0.0,102.0,,Not Eligible - One-Time Customer,102.0
15487.0,0.0,0.0,496.0,0.0,231.32,,Not Eligible - One-Time Customer,231.32
15488.0,3.0,127.0,400.0,100.87333333333333,340.6,227.1692633669278,Predicted CLV Eligible,227.1692633669278
15489.0,5.0,482.0,510.0,283.918,1633.5900000000001,942.0856798099235,Predicted CLV Eligible,942.0856798099235
15490.0,0.0,0.0,247.0,0.0,210.85,,Not Eligible - One-Time Customer,210.85
15491.0,1.0,17.0,52.0,622.47,1644.92,2654.678611807924,Predicted CLV Eligible,2654.678611807924
15493.0,5.0,405.0,471.0,531.54,3087.72,1880.7674482188959,Predicted CLV Eligible,1880.7674482188959
15494.0,2.0,251.0,546.0,764.205,2422.02,1017.2835019214194,Predicted CLV Eligible,1017.2835019214194
15495.0,0.0,0.0,196.0,0.0,246.5,,Not Eligible - One-Time Customer,246.5
15496.0,0.0,0.0,448.0,0.0,146.14000000000001,,Not Eligible - One-Time Customer,146.14000000000001
15497.0,7.0,402.0,538.0,1156.2557142857142,8365.789999999999,4866.700898961821,Predicted CLV Eligible,4866.700898961821
15498.0,22.0,534.0,540.0,703.2995454545454,18799.31,8977.487284384722,Predicted CLV Eligible,8977.487284384722
15499.0,0.0,0.0,540.0,0.0,158.65,,Not Eligible - One-Time Customer,158.65
15501.0,1.0,11.0,232.0,166.1,399.95,174.14490549695626,Predicted CLV Eligible,174.14490549695626
15502.0,4.0,279.0,371.0,908.2975,5259.4,3222.4459859505782,Predicted CLV Eligible,3222.4459859505782
15503.0,1.0,364.0,543.0,141.04,257.3,116.35546154848846,Predicted CLV Eligible,116.35546154848846
15504.0,2.0,145.0,482.0,101.08,349.87,144.44519334971827,Predicted CLV Eligible,144.44519334971827
15506.0,2.0,96.0,294.0,431.37,1058.25,954.4072419498807,Predicted CLV Eligible,954.4072419498807
15508.0,3.0,46.0,52.0,229.61666666666667,1000.27,2576.0981466709704,Predicted CLV Eligible,2576.0981466709704
15509.0,0.0,0.0,197.0,0.0,152.41,,Not Eligible - One-Time Customer,152.41
15510.0,0.0,0.0,147.0,0.0,250.0,,Not Eligible - One-Time Customer,250.0
15512.0,2.0,317.0,493.0,136.39000000000001,311.78000000000003,214.57813372016042,Predicted CLV Eligible,214.57813372016042
15513.0,20.0,496.0,512.0,823.7395,17748.29,10047.995798481492,Predicted CLV Eligible,10047.995798481492
15514.0,10.0,510.0,552.0,437.56499999999994,4870.28,2558.694874752529,Predicted CLV Eligible,2558.694874752529
15515.0,0.0,0.0,204.0,0.0,171.81,,Not Eligible - One-Time Customer,171.81
15517.0,0.0,0.0,50.0,0.0,267.03,,Not Eligible - One-Time Customer,267.03
15518.0,9.0,504.0,536.0,333.50111111111113,3242.61,1816.0351946248875,Predicted CLV Eligible,1816.0351946248875
15519.0,1.0,63.0,263.0,197.5,344.61,244.74133376238842,Predicted CLV Eligible,244.74133376238842
15521.0,8.0,491.0,520.0,654.2625,5765.82,3272.320610259159,Predicted CLV Eligible,3272.320610259159
15523.0,13.0,349.0,554.0,1226.8753846153847,16847.18,6640.715779996234,Predicted CLV Eligible,6640.715779996234
15524.0,0.0,0.0,423.0,0.0,151.4,,Not Eligible - One-Time Customer,151.4
15525.0,1.0,9.0,199.0,274.93,430.78,337.5034695137159,Predicted CLV Eligible,337.5034695137159
15527.0,13.0,505.0,541.0,286.8107692307692,4026.4,2196.3189086152715,Predicted CLV Eligible,2196.3189086152715
15528.0,0.0,0.0,71.0,0.0,229.33,,Not Eligible - One-Time Customer,229.33
15529.0,7.0,184.0,211.0,275.7942857142857,2751.62,2631.758415732385,Predicted CLV Eligible,2631.758415732385
15530.0,1.0,266.0,329.0,548.09,859.46,683.9256416574365,Predicted CLV Eligible,683.9256416574365
15532.0,6.0,191.0,366.0,353.6466666666667,2527.92,1667.0162924061938,Predicted CLV Eligible,1667.0162924061938
15534.0,0.0,0.0,542.0,0.0,162.25,,Not Eligible - One-Time Customer,162.25
15535.0,3.0,213.0,266.0,234.77666666666667,919.36,874.5800707587127,Predicted CLV Eligible,874.5800707587127
15536.0,0.0,0.0,226.0,0.0,259.09,,Not Eligible - One-Time Customer,259.09
15538.0,5.0,126.0,480.0,562.5,3358.4,710.0878782007499,Predicted CLV Eligible,710.0878782007499
15540.0,0.0,0.0,192.0,0.0,247.38,,Not Eligible - One-Time Customer,247.38
15542.0,1.0,225.0,554.0,345.93,855.71,238.87214478996162,Predicted CLV Eligible,238.87214478996162
15543.0,1.0,171.0,276.0,127.86,242.26,190.47040850994236,Predicted CLV Eligible,190.47040850994236
15544.0,14.0,469.0,497.0,396.9592857142857,6020.65,3522.0197552340396,Predicted CLV Eligible,3522.0197552340396
15545.0,0.0,0.0,188.0,0.0,135.32999999999998,,Not Eligible - One-Time Customer,135.32999999999998
15546.0,0.0,0.0,423.0,0.0,1079.1000000000001,,Not Eligible - One-Time Customer,1079.1000000000001
15547.0,16.0,539.0,550.0,428.935625,7529.58,3953.8138487245465,Predicted CLV Eligible,3953.8138487245465
15548.0,0.0,0.0,412.0,0.0,158.09,,Not Eligible - One-Time Customer,158.09
15549.0,5.0,381.0,514.0,262.36,1583.0,853.9572888979774,Predicted CLV Eligible,853.9572888979774
15550.0,6.0,435.0,553.0,268.8283333333334,1773.3200000000002,969.2453942863841,Predicted CLV Eligible,969.2453942863841
15551.0,3.0,156.0,367.0,320.96,1243.75,839.8516341957081,Predicted CLV Eligible,839.8516341957081
15552.0,1.0,406.0,440.0,90.12,252.52,98.17747173660823,Predicted CLV Eligible,98.17747173660823
15554.0,0.0,0.0,94.0,0.0,217.2,,Not Eligible - One-Time Customer,217.2
15555.0,21.0,543.0,550.0,346.4809523809524,8223.49,4160.112823310057,Predicted CLV Eligible,4160.112823310057
15558.0,0.0,0.0,456.0,0.0,202.68,,Not Eligible - One-Time Customer,202.68
15559.0,0.0,0.0,385.0,0.0,1109.4,,Not Eligible - One-Time Customer,1109.4
15560.0,0.0,0.0,214.0,0.0,153.52,,Not Eligible - One-Time Customer,153.52
15561.0,4.0,448.0,480.0,265.82,1399.55,764.3708661325319,Predicted CLV Eligible,764.3708661325319
15562.0,2.0,375.0,543.0,156.435,671.4300000000001,225.59319208634975,Predicted CLV Eligible,225.59319208634975
15563.0,4.0,480.0,497.0,441.46000000000004,2194.64,1226.2611689385972,Predicted CLV Eligible,1226.2611689385972
15564.0,1.0,213.0,493.0,35.7,70.74000000000001,35.90036388163521,Predicted CLV Eligible,35.90036388163521
15566.0,1.0,332.0,541.0,89.65,227.87,76.22477864723567,Predicted CLV Eligible,76.22477864723567
15569.0,5.0,317.0,466.0,447.408,2496.24,1570.420574394635,Predicted CLV Eligible,1570.420574394635
15570.0,18.0,415.0,438.0,352.9988888888889,7096.39,4470.375878140644,Predicted CLV Eligible,4470.375878140644
15571.0,8.0,347.0,550.0,390.4575,3241.92,1724.1974667022864,Predicted CLV Eligible,1724.1974667022864
15572.0,4.0,356.0,421.0,501.09749999999997,2305.32,1605.1727444066364,Predicted CLV Eligible,1605.1727444066364
15573.0,2.0,111.0,546.0,159.575,597.23,169.35789212981325,Predicted CLV Eligible,169.35789212981325
15574.0,3.0,106.0,281.0,281.5566666666667,989.3399999999999,912.8694885576567,Predicted CLV Eligible,912.8694885576567
15575.0,0.0,0.0,436.0,0.0,30.1,,Not Eligible - One-Time Customer,30.1
15577.0,2.0,421.0,543.0,21.924999999999997,166.8,38.90845092207642,Predicted CLV Eligible,38.90845092207642
15579.0,3.0,119.0,249.0,158.46666666666667,1118.38,602.125420770298,Predicted CLV Eligible,602.125420770298
15580.0,7.0,294.0,487.0,182.24285714285716,1375.39,798.6510982106673,Predicted CLV Eligible,798.6510982106673
15581.0,24.0,511.0,554.0,161.82750000000001,4435.39,2194.342838152284,Predicted CLV Eligible,2194.342838152284
15582.0,0.0,0.0,37.0,0.0,303.61,,Not Eligible - One-Time Customer,303.61
15583.0,0.0,0.0,193.0,0.0,95.96,,Not Eligible - One-Time Customer,95.96
15584.0,1.0,271.0,487.0,195.35,547.34,168.09912117453922,Predicted CLV Eligible,168.09912117453922
15586.0,2.0,108.0,517.0,229.44,1139.1000000000001,258.66934503406213,Predicted CLV Eligible,258.66934503406213
15587.0,3.0,140.0,308.0,257.04,953.28,799.569161420982,Predicted CLV Eligible,799.569161420982
15588.0,0.0,0.0,494.0,0.0,579.6,,Not Eligible - One-Time Customer,579.6
15589.0,1.0,55.0,127.0,293.58,478.53,734.3969513666942,Predicted CLV Eligible,734.3969513666942
15590.0,3.0,224.0,423.0,371.8666666666666,1496.6,890.9955399799393,Predicted CLV Eligible,890.9955399799393
15591.0,2.0,91.0,490.0,88.3,217.9,103.79799502980296,Predicted CLV Eligible,103.79799502980296
15594.0,0.0,0.0,51.0,0.0,267.91,,Not Eligible - One-Time Customer,267.91
15595.0,0.0,0.0,304.0,0.0,357.6,,Not Eligible - One-Time Customer,357.6
15596.0,7.0,285.0,316.0,303.18142857142857,2710.8199999999997,2076.5634774804985,Predicted CLV Eligible,2076.5634774804985
15597.0,0.0,0.0,392.0,0.0,238.8,,Not Eligible - One-Time Customer,238.8
15598.0,0.0,0.0,244.0,0.0,307.34,,Not Eligible - One-Time Customer,307.34
15599.0,1.0,241.0,262.0,448.83,937.15,692.0487138465032,Predicted CLV Eligible,692.0487138465032
15600.0,3.0,165.0,410.0,290.2766666666667,1199.31,677.5845283073188,Predicted CLV Eligible,677.5845283073188
15601.0,21.0,535.0,555.0,579.0866666666667,12163.77,6886.934179471689,Predicted CLV Eligible,6886.934179471689
15602.0,11.0,537.0,554.0,192.88545454545454,2383.04,1236.3634088515828,Predicted CLV Eligible,1236.3634088515828
15603.0,0.0,0.0,465.0,0.0,40.0,,Not Eligible - One-Time Customer,40.0
15605.0,6.0,442.0,511.0,184.36666666666667,1233.9,720.6200662663018,Predicted CLV Eligible,720.6200662663018
15606.0,13.0,425.0,464.0,295.02153846153846,4137.18,2591.3578770871945,Predicted CLV Eligible,2591.3578770871945
15607.0,8.0,364.0,517.0,168.15375,1708.97,824.712354373633,Predicted CLV Eligible,824.712354373633
15608.0,0.0,0.0,232.0,0.0,692.3,,Not Eligible - One-Time Customer,692.3
15609.0,0.0,0.0,1.0,0.0,298.48,,Not Eligible - One-Time Customer,298.48
15611.0,15.0,492.0,500.0,110.49866666666667,1837.93,1048.6530684640773,Predicted CLV Eligible,1048.6530684640773
15613.0,0.0,0.0,427.0,0.0,433.71999999999997,,Not Eligible - One-Time Customer,433.71999999999997
15614.0,2.0,189.0,443.0,909.69,3147.36,1447.1268553300765,Predicted CLV Eligible,1447.1268553300765
15615.0,28.0,525.0,554.0,538.2210714285715,15713.29,8485.3107720853,Predicted CLV Eligible,8485.3107720853
15616.0,0.0,0.0,255.0,0.0,317.11,,Not Eligible - One-Time Customer,317.11
15617.0,2.0,111.0,324.0,311.70000000000005,828.55,640.8010008369741,Predicted CLV Eligible,640.8010008369741
15620.0,2.0,189.0,226.0,437.505,1264.19,1324.8995534266448,Predicted CLV Eligible,1324.8995534266448
15622.0,7.0,448.0,462.0,756.4728571428572,6745.05,3716.1281024366663,Predicted CLV Eligible,3716.1281024366663
15623.0,6.0,336.0,546.0,304.80333333333334,2136.02,1065.0410485267548,Predicted CLV Eligible,1065.0410485267548
15624.0,1.0,50.0,73.0,127.5,311.4,506.02806459629824,Predicted CLV Eligible,506.02806459629824
15625.0,5.0,307.0,359.0,377.868,2397.47,1700.7494645103452,Predicted CLV Eligible,1700.7494645103452
15626.0,1.0,92.0,238.0,281.88,673.6,417.6199466795572,Predicted CLV Eligible,417.6199466795572
15627.0,1.0,65.0,339.0,286.74,566.9000000000001,255.77430678810697,Predicted CLV Eligible,255.77430678810697
15628.0,9.0,471.0,543.0,318.61888888888893,3153.85,1708.698980232111,Predicted CLV Eligible,1708.698980232111
15629.0,2.0,82.0,349.0,532.3499999999999,2240.9,925.3881379016459,Predicted CLV Eligible,925.3881379016459
15630.0,1.0,440.0,461.0,396.86,691.9100000000001,379.465780405847,Predicted CLV Eligible,379.465780405847
15631.0,0.0,0.0,459.0,0.0,596.67,,Not Eligible - One-Time Customer,596.67
15632.0,2.0,49.0,91.0,423.935,1242.5,2433.459062923474,Predicted CLV Eligible,2433.459062923474
15633.0,12.0,222.0,548.0,345.33916666666664,4335.96,82.18721985141893,Predicted CLV Eligible,82.18721985141893
15634.0,0.0,0.0,200.0,0.0,311.1,,Not Eligible - One-Time Customer,311.1
15635.0,0.0,0.0,212.0,0.0,100.35,,Not Eligible - One-Time Customer,100.35
15636.0,2.0,287.0,386.0,318.78999999999996,1026.52,614.8888255947838,Predicted CLV Eligible,614.8888255947838
15637.0,3.0,311.0,541.0,95.11666666666667,574.23,190.0681910420055,Predicted CLV Eligible,190.0681910420055
15638.0,4.0,232.0,427.0,509.45,2265.2,1537.793961335543,Predicted CLV Eligible,1537.793961335543
15639.0,1.0,154.0,422.0,245.51999999999998,639.76,215.30444550697814,Predicted CLV Eligible,215.30444550697814
15640.0,17.0,540.0,542.0,960.5629411764705,17785.77,9509.413768719498,Predicted CLV Eligible,9509.413768719498
15641.0,10.0,473.0,550.0,461.33299999999997,4763.7300000000005,2695.3545380721457,Predicted CLV Eligible,2695.3545380721457
15642.0,0.0,0.0,546.0,0.0,105.78000000000002,,Not Eligible - One-Time Customer,105.78000000000002
15643.0,1.0,91.0,99.0,326.90000000000003,664.0,1045.9218943137678,Predicted CLV Eligible,1045.9218943137678
15644.0,1.0,5.0,78.0,184.57,423.19,590.02252184835,Predicted CLV Eligible,590.02252184835
15645.0,1.0,11.0,242.0,17.700000000000003,443.16,27.151018827045746,Predicted CLV Eligible,27.151018827045746
15646.0,3.0,164.0,227.0,195.26666666666668,677.21,826.7163897706105,Predicted CLV Eligible,826.7163897706105
15647.0,0.0,0.0,232.0,0.0,169.0,,Not Eligible - One-Time Customer,169.0
15648.0,1.0,63.0,84.0,340.5,639.5,1185.79547261348,Predicted CLV Eligible,1185.79547261348
15649.0,3.0,51.0,204.0,374.0,1660.35,1454.2161587891812,Predicted CLV Eligible,1454.2161587891812
15650.0,1.0,107.0,445.0,194.8,553.88,144.44292728903534,Predicted CLV Eligible,144.44292728903534
15651.0,2.0,336.0,413.0,274.40999999999997,840.0799999999999,502.7114653954967,Predicted CLV Eligible,502.7114653954967
15652.0,3.0,98.0,302.0,322.17,1068.2,935.6270311153347,Predicted CLV Eligible,935.6270311153347
15655.0,0.0,0.0,60.0,0.0,560.67,,Not Eligible - One-Time Customer,560.67
15656.0,1.0,64.0,101.0,63.910000000000004,306.86,222.87466245635267,Predicted CLV Eligible,222.87466245635267
15658.0,7.0,546.0,553.0,256.51714285714286,2117.27,1076.9263324108517,Predicted CLV Eligible,1076.9263324108517
15659.0,1.0,267.0,470.0,117.6,226.04,108.87658640808587,Predicted CLV Eligible,108.87658640808587
15660.0,8.0,468.0,489.0,204.10625,1741.85,1084.6256795617971,Predicted CLV Eligible,1084.6256795617971
15661.0,7.0,261.0,395.0,127.85714285714286,1215.9499999999998,702.3786736069616,Predicted CLV Eligible,702.3786736069616
15662.0,1.0,77.0,555.0,177.88000000000002,283.73,84.3718141158965,Predicted CLV Eligible,84.3718141158965
15664.0,2.0,200.0,466.0,228.56,867.6,354.14391050033856,Predicted CLV Eligible,354.14391050033856
15665.0,3.0,392.0,452.0,876.6166666666668,3221.2799999999997,2051.06276148568,Predicted CLV Eligible,2051.06276148568
15666.0,1.0,23.0,312.0,226.68,632.94,172.79375646873572,Predicted CLV Eligible,172.79375646873572
15668.0,0.0,0.0,34.0,0.0,76.32000000000001,,Not Eligible - One-Time Customer,76.32000000000001
15669.0,0.0,0.0,80.0,0.0,198.8,,Not Eligible - One-Time Customer,198.8
15670.0,1.0,260.0,373.0,173.05,325.20000000000005,198.20870742030692,Predicted CLV Eligible,198.20870742030692
15671.0,2.0,28.0,87.0,338.47,1033.13,1959.6122114074528,Predicted CLV Eligible,1959.6122114074528
15672.0,0.0,0.0,542.0,0.0,45.300000000000004,,Not Eligible - One-Time Customer,45.300000000000004
15673.0,6.0,441.0,472.0,739.4283333333333,5174.13,3088.1713777036803,Predicted CLV Eligible,3088.1713777036803
15674.0,11.0,518.0,548.0,492.6209090909091,5881.29,3176.0160712305174,Predicted CLV Eligible,3176.0160712305174
15675.0,1.0,124.0,221.0,45.0,263.35,91.68353925422461,Predicted CLV Eligible,91.68353925422461
15676.0,0.0,0.0,100.0,0.0,897.8,,Not Eligible - One-Time Customer,897.8
15677.0,1.0,42.0,280.0,307.75,648.4,312.3576145119626,Predicted CLV Eligible,312.3576145119626
15678.0,1.0,127.0,339.0,756.76,1473.24,792.6027164957295,Predicted CLV Eligible,792.6027164957295
15680.0,7.0,371.0,554.0,408.9142857142857,3173.9,1644.4190513228805,Predicted CLV Eligible,1644.4190513228805
15681.0,6.0,284.0,381.0,248.78666666666666,1909.22,1245.9835463113814,Predicted CLV Eligible,1245.9835463113814
15682.0,1.0,88.0,504.0,190.76,318.24,110.47528233410651,Predicted CLV Eligible,110.47528233410651
15683.0,0.0,0.0,290.0,0.0,330.79,,Not Eligible - One-Time Customer,330.79
15684.0,2.0,188.0,552.0,32.275,173.95,46.822817412672194,Predicted CLV Eligible,46.822817412672194
15685.0,0.0,0.0,267.0,0.0,55.980000000000004,,Not Eligible - One-Time Customer,55.980000000000004
15686.0,0.0,0.0,237.0,0.0,90.0,,Not Eligible - One-Time Customer,90.0
15687.0,4.0,144.0,147.0,331.4875,1679.45,2516.424172155949,Predicted CLV Eligible,2516.424172155949
15688.0,0.0,0.0,235.0,0.0,190.57,,Not Eligible - One-Time Customer,190.57
15689.0,1.0,256.0,434.0,103.5,370.43,105.00043620350253,Predicted CLV Eligible,105.00043620350253
15691.0,3.0,481.0,550.0,136.5,571.3,274.26567237167063,Predicted CLV Eligible,274.26567237167063
15693.0,0.0,0.0,476.0,0.0,37.5,,Not Eligible - One-Time Customer,37.5
15694.0,17.0,545.0,549.0,361.3476470588235,6500.78,3539.84982054855,Predicted CLV Eligible,3539.84982054855
15695.0,2.0,415.0,498.0,391.21500000000003,1131.04,603.6856629747111,Predicted CLV Eligible,603.6856629747111
15696.0,10.0,464.0,501.0,263.741,2800.06,1686.589116290852,Predicted CLV Eligible,1686.589116290852
15697.0,0.0,0.0,506.0,0.0,246.75,,Not Eligible - One-Time Customer,246.75
15698.0,0.0,0.0,441.0,0.0,46.2,,Not Eligible - One-Time Customer,46.2
15702.0,1.0,206.0,499.0,112.57000000000001,140.39000000000001,91.96295270743445,Predicted CLV Eligible,91.96295270743445
15703.0,0.0,0.0,81.0,0.0,211.5,,Not Eligible - One-Time Customer,211.5
15704.0,3.0,396.0,400.0,702.3966666666666,2948.36,1840.537899534122,Predicted CLV Eligible,1840.537899534122
15705.0,0.0,0.0,18.0,0.0,143.1,,Not Eligible - One-Time Customer,143.1
15708.0,6.0,203.0,242.0,377.44,2609.11,2790.5402792841282,Predicted CLV Eligible,2790.5402792841282
15709.0,1.0,306.0,406.0,133.25,327.85,146.0648888923685,Predicted CLV Eligible,146.0648888923685
15710.0,0.0,0.0,234.0,0.0,898.87,,Not Eligible - One-Time Customer,898.87
15711.0,1.0,128.0,501.0,313.6,420.25,206.43893720954773,Predicted CLV Eligible,206.43893720954773
15712.0,7.0,451.0,555.0,349.1928571428571,2699.85,1446.155926409639,Predicted CLV Eligible,1446.155926409639
15713.0,2.0,357.0,540.0,205.115,654.09,293.7493529019529,Predicted CLV Eligible,293.7493529019529
15714.0,2.0,102.0,372.0,92.465,453.93,165.94494695589285,Predicted CLV Eligible,165.94494695589285
15715.0,2.0,64.0,436.0,149.03500000000003,658.02,173.94626806938214,Predicted CLV Eligible,173.94626806938214
15716.0,9.0,531.0,549.0,228.30222222222224,2268.89,1219.6338876642847,Predicted CLV Eligible,1219.6338876642847
15717.0,4.0,358.0,409.0,133.375,607.0,445.898591593691,Predicted CLV Eligible,445.898591593691
15718.0,0.0,0.0,357.0,0.0,293.79,,Not Eligible - One-Time Customer,293.79
15719.0,24.0,539.0,555.0,300.7341666666667,7594.77,4078.492467890924,Predicted CLV Eligible,4078.492467890924
15720.0,0.0,0.0,367.0,0.0,140.49,,Not Eligible - One-Time Customer,140.49
15722.0,6.0,453.0,457.0,551.1233333333333,3782.09,2374.6726703004256,Predicted CLV Eligible,2374.6726703004256
15723.0,3.0,210.0,391.0,231.44666666666663,930.7,599.8683437023649,Predicted CLV Eligible,599.8683437023649
15724.0,2.0,199.0,217.0,109.125,310.85,356.1771861571157,Predicted CLV Eligible,356.1771861571157
15726.0,0.0,0.0,207.0,0.0,321.91,,Not Eligible - One-Time Customer,321.91
15727.0,10.0,486.0,501.0,651.08,7443.62,4158.543309043852,Predicted CLV Eligible,4158.543309043852
15728.0,1.0,65.0,261.0,297.0,544.6,367.1537508140778,Predicted CLV Eligible,367.1537508140778
15729.0,2.0,191.0,220.0,58.85,192.55,197.8578631189257,Predicted CLV Eligible,197.8578631189257
15730.0,2.0,225.0,248.0,392.46500000000003,1073.13,1107.5721976736513,Predicted CLV Eligible,1107.5721976736513
15731.0,0.0,0.0,370.0,0.0,125.3,,Not Eligible - One-Time Customer,125.3
15732.0,8.0,461.0,490.0,164.07125000000002,1543.97,871.3706863853885,Predicted CLV Eligible,871.3706863853885
15733.0,0.0,0.0,99.0,0.0,162.3,,Not Eligible - One-Time Customer,162.3
15734.0,2.0,347.0,364.0,595.9250000000001,1502.5000000000002,1213.4511057064565,Predicted CLV Eligible,1213.4511057064565
15735.0,0.0,0.0,238.0,0.0,327.68,,Not Eligible - One-Time Customer,327.68
15736.0,0.0,0.0,252.0,0.0,1767.12,,Not Eligible - One-Time Customer,1767.12
15737.0,2.0,56.0,59.0,118.42500000000001,712.73,918.3619565877098,Predicted CLV Eligible,918.3619565877098
15738.0,29.0,525.0,546.0,364.2037931034483,10843.94,6028.95765525014,Predicted CLV Eligible,6028.95765525014
15741.0,1.0,160.0,435.0,145.47,208.62,128.15736163998054,Predicted CLV Eligible,128.15736163998054
15742.0,0.0,0.0,436.0,0.0,156.87,,Not Eligible - One-Time Customer,156.87
15743.0,0.0,0.0,1.0,0.0,322.55,,Not Eligible - One-Time Customer,322.55
15745.0,0.0,0.0,53.0,0.0,302.85,,Not Eligible - One-Time Customer,302.85
15747.0,5.0,315.0,507.0,265.418,1553.17,853.7914114068119,Predicted CLV Eligible,853.7914114068119
15748.0,0.0,0.0,266.0,0.0,465.45000000000005,,Not Eligible - One-Time Customer,465.45000000000005
15749.0,1.0,97.0,149.0,21535.9,44534.3,48418.51416699509,Predicted CLV Eligible,48418.51416699509
15750.0,11.0,455.0,555.0,398.0673636363636,4600.861,2511.406209088067,Predicted CLV Eligible,2511.406209088067
15751.0,6.0,273.0,550.0,183.58333333333334,1380.44,568.2224555238217,Predicted CLV Eligible,568.2224555238217
15752.0,4.0,208.0,274.0,434.115,2340.99,2002.6274539812277,Predicted CLV Eligible,2002.6274539812277
15753.0,0.0,0.0,121.0,0.0,79.2,,Not Eligible - One-Time Customer,79.2
15754.0,6.0,409.0,472.0,208.415,2670.84,873.8264481077343,Predicted CLV Eligible,873.8264481077343
15755.0,12.0,500.0,552.0,328.40416666666664,4249.6,2283.296229159281,Predicted CLV Eligible,2283.296229159281
15756.0,1.0,36.0,66.0,120.58,244.17000000000002,500.9355021896129,Predicted CLV Eligible,500.9355021896129
15757.0,4.0,330.0,364.0,489.5575,2487.3,1785.933404102391,Predicted CLV Eligible,1785.933404102391
15759.0,6.0,519.0,554.0,117.53333333333335,830.9300000000001,430.847096027564,Predicted CLV Eligible,430.847096027564
15760.0,0.0,0.0,447.0,0.0,13916.34,,Not Eligible - One-Time Customer,13916.34
15761.0,0.0,0.0,259.0,0.0,143.05,,Not Eligible - One-Time Customer,143.05
15764.0,3.0,294.0,295.0,684.2400000000001,2917.63,2329.7709610553125,Predicted CLV Eligible,2329.7709610553125
15765.0,0.0,0.0,483.0,0.0,370.63,,Not Eligible - One-Time Customer,370.63
15766.0,1.0,226.0,499.0,314.4,516.0,247.1218222872885,Predicted CLV Eligible,247.1218222872885
15768.0,31.0,533.0,553.0,473.03000000000003,15166.21,8262.695920395568,Predicted CLV Eligible,8262.695920395568
15769.0,29.0,531.0,545.0,2009.2937931034483,60249.52,33304.609240258054,Predicted CLV Eligible,33304.609240258054
15770.0,0.0,0.0,429.0,0.0,321.45,,Not Eligible - One-Time Customer,321.45
15771.0,2.0,89.0,510.0,345.145,1006.54,358.63324364289474,Predicted CLV Eligible,358.63324364289474
15772.0,0.0,0.0,235.0,0.0,280.88,,Not Eligible - One-Time Customer,280.88
15773.0,0.0,0.0,226.0,0.0,138.84,,Not Eligible - One-Time Customer,138.84
15774.0,4.0,238.0,473.0,206.24,1017.54,561.3116007982089,Predicted CLV Eligible,561.3116007982089
15775.0,1.0,386.0,448.0,104.9,150.5,109.70390068096074,Predicted CLV Eligible,109.70390068096074
15777.0,5.0,327.0,385.0,350.662,1762.61,1485.435649095004,Predicted CLV Eligible,1485.435649095004
15778.0,0.0,0.0,248.0,0.0,307.95,,Not Eligible - One-Time Customer,307.95
15779.0,1.0,69.0,349.0,56.7,124.08,57.430887867841356,Predicted CLV Eligible,57.430887867841356
15780.0,1.0,115.0,174.0,225.61,402.76,475.0018883047387,Predicted CLV Eligible,475.0018883047387
15781.0,0.0,0.0,122.0,0.0,83.35,,Not Eligible - One-Time Customer,83.35
15782.0,0.0,0.0,247.0,0.0,1399.36,,Not Eligible - One-Time Customer,1399.36
15784.0,1.0,205.0,489.0,382.14,848.3299999999999,298.19904507977935,Predicted CLV Eligible,298.19904507977935
15785.0,9.0,527.0,541.0,516.4933333333333,4971.36,2787.817851848303,Predicted CLV Eligible,2787.817851848303
15786.0,1.0,119.0,353.0,1795.91,3582.62,1749.31473257549,Predicted CLV Eligible,1749.31473257549
15788.0,0.0,0.0,325.0,0.0,221.82999999999998,,Not Eligible - One-Time Customer,221.82999999999998
15789.0,4.0,265.0,440.0,394.565,1962.01,1182.4832397052023,Predicted CLV Eligible,1182.4832397052023
15791.0,3.0,437.0,458.0,970.52,3218.89,2250.6108875201426,Predicted CLV Eligible,2250.6108875201426
15792.0,1.0,219.0,435.0,457.0,933.84,412.80006744023314,Predicted CLV Eligible,412.80006744023314
15793.0,5.0,470.0,555.0,289.804,1740.6000000000001,887.0256882263687,Predicted CLV Eligible,887.0256882263687
15794.0,1.0,1.0,554.0,102.0,777.0,21.42091703250997,Predicted CLV Eligible,21.42091703250997
15795.0,5.0,260.0,507.0,251.382,1369.8600000000001,762.975171084089,Predicted CLV Eligible,762.975171084089
15796.0,12.0,431.0,435.0,295.0158333333333,3709.9900000000002,2548.7232369362673,Predicted CLV Eligible,2548.7232369362673
15797.0,4.0,467.0,498.0,538.3,2453.88,1489.5756488690931,Predicted CLV Eligible,1489.5756488690931
15798.0,2.0,189.0,498.0,584.5450000000001,1535.37,819.5809603664076,Predicted CLV Eligible,819.5809603664076
15799.0,2.0,233.0,235.0,240.62,1018.4399999999999,718.1075224758296,Predicted CLV Eligible,718.1075224758296
15800.0,2.0,372.0,435.0,206.825,774.68,365.26639593525414,Predicted CLV Eligible,365.26639593525414
15803.0,2.0,231.0,493.0,455.02,1513.84,670.6433717740636,Predicted CLV Eligible,670.6433717740636
15804.0,0.0,0.0,15.0,0.0,525.36,,Not Eligible - One-Time Customer,525.36
15805.0,14.0,544.0,546.0,479.04785714285714,7365.17,3908.7527654962073,Predicted CLV Eligible,3908.7527654962073
15806.0,0.0,0.0,93.0,0.0,300.36,,Not Eligible - One-Time Customer,300.36
15807.0,1.0,258.0,483.0,511.68,913.62,424.47186999709794,Predicted CLV Eligible,424.47186999709794
15808.0,20.0,432.0,555.0,816.1355,17180.25,8456.697038250553,Predicted CLV Eligible,8456.697038250553
15809.0,5.0,351.0,352.0,197.666,1157.8799999999999,914.2417022521693,Predicted CLV Eligible,914.2417022521693
15810.0,5.0,441.0,490.0,429.50200000000007,2461.1800000000003,1470.9883061615928,Predicted CLV Eligible,1470.9883061615928
15811.0,4.0,183.0,205.0,323.71,2562.37,1906.1843176674217,Predicted CLV Eligible,1906.1843176674217
15812.0,9.0,535.0,541.0,462.6477777777778,4454.55,2498.7460515101066,Predicted CLV Eligible,2498.7460515101066
15813.0,1.0,32.0,56.0,533.26,1303.9099999999999,2266.0067275279202,Predicted CLV Eligible,2266.0067275279202
15814.0,1.0,210.0,420.0,395.03000000000003,689.11,369.23922926773093,Predicted CLV Eligible,369.23922926773093
15815.0,2.0,47.0,76.0,483.54,1394.08,3109.532070907973,Predicted CLV Eligible,3109.532070907973
15816.0,0.0,0.0,359.0,0.0,144.14999999999998,,Not Eligible - One-Time Customer,144.14999999999998
15817.0,2.0,123.0,360.0,930.0749999999999,2766.3999999999996,1715.2382780137373,Predicted CLV Eligible,1715.2382780137373
15818.0,0.0,0.0,405.0,0.0,340.5,,Not Eligible - One-Time Customer,340.5
15819.0,5.0,432.0,448.0,536.232,3206.48,1991.4781083234368,Predicted CLV Eligible,1991.4781083234368
15820.0,0.0,0.0,136.0,0.0,206.98,,Not Eligible - One-Time Customer,206.98
15822.0,4.0,374.0,550.0,230.1175,1394.79,575.2790292962208,Predicted CLV Eligible,575.2790292962208
15823.0,2.0,359.0,548.0,42.900000000000006,3882.17,66.93132856188426,Predicted CLV Eligible,66.93132856188426
15824.0,1.0,79.0,349.0,496.14,890.94,444.16005453760204,Predicted CLV Eligible,444.16005453760204
15826.0,1.0,358.0,385.0,720.0,1663.97,794.0628947559615,Predicted CLV Eligible,794.0628947559615
15827.0,17.0,485.0,517.0,144.14352941176472,2678.7400000000002,1492.5120604395204,Predicted CLV Eligible,1492.5120604395204
15828.0,0.0,0.0,192.0,0.0,1108.82,,Not Eligible - One-Time Customer,1108.82
15831.0,0.0,0.0,141.0,0.0,309.94,,Not Eligible - One-Time Customer,309.94
15832.0,0.0,0.0,71.0,0.0,836.79,,Not Eligible - One-Time Customer,836.79
15833.0,0.0,0.0,554.0,0.0,80.4,,Not Eligible - One-Time Customer,80.4
15834.0,2.0,147.0,241.0,837.655,2812.01,2351.6547105376776,Predicted CLV Eligible,2351.6547105376776
15835.0,1.0,70.0,147.0,187.2,488.31,433.86024784196377,Predicted CLV Eligible,433.86024784196377
15837.0,0.0,0.0,302.0,0.0,385.03000000000003,,Not Eligible - One-Time Customer,385.03000000000003
15838.0,20.0,534.0,541.0,2363.8149999999996,47771.299999999996,27434.053016851565,Predicted CLV Eligible,27434.053016851565
15841.0,6.0,511.0,546.0,306.9483333333333,2131.61,1128.6215855808687,Predicted CLV Eligible,1128.6215855808687
15842.0,1.0,134.0,344.0,376.25,548.8,398.5589404722285,Predicted CLV Eligible,398.5589404722285
15843.0,0.0,0.0,120.0,0.0,118.95000000000002,,Not Eligible - One-Time Customer,118.95000000000002
15845.0,5.0,472.0,499.0,407.12600000000003,2251.67,1374.2973491844987,Predicted CLV Eligible,1374.2973491844987
15846.0,0.0,0.0,202.0,0.0,107.01,,Not Eligible - One-Time Customer,107.01
15847.0,3.0,353.0,458.0,177.78666666666666,613.98,415.98081762260693,Predicted CLV Eligible,415.98081762260693
15848.0,0.0,0.0,438.0,0.0,137.99,,Not Eligible - One-Time Customer,137.99
15850.0,3.0,350.0,543.0,221.74,771.87,437.3204614497669,Predicted CLV Eligible,437.3204614497669
15851.0,0.0,0.0,343.0,0.0,109.73,,Not Eligible - One-Time Customer,109.73
15852.0,2.0,340.0,343.0,80.355,257.26,183.21703296200033,Predicted CLV Eligible,183.21703296200033
15854.0,14.0,525.0,546.0,257.23928571428576,4193.55,2100.288942840409,Predicted CLV Eligible,2100.288942840409
15855.0,3.0,270.0,293.0,114.17,682.99,401.17863757262177,Predicted CLV Eligible,401.17863757262177
15856.0,30.0,533.0,553.0,733.1966666666667,22948.510000000002,12397.95405017146,Predicted CLV Eligible,12397.95405017146
15857.0,0.0,0.0,247.0,0.0,273.48,,Not Eligible - One-Time Customer,273.48
15858.0,9.0,440.0,546.0,299.1744444444445,2941.06,1586.5930415631522,Predicted CLV Eligible,1586.5930415631522
15859.0,0.0,0.0,249.0,0.0,438.46,,Not Eligible - One-Time Customer,438.46
15860.0,11.0,501.0,550.0,146.52272727272728,1816.4,944.9287051744359,Predicted CLV Eligible,944.9287051744359
15861.0,4.0,413.0,497.0,381.1925,1938.52,1054.2996962208745,Predicted CLV Eligible,1054.2996962208745
15862.0,7.0,518.0,539.0,229.86428571428573,2170.42,987.8420418476734,Predicted CLV Eligible,987.8420418476734
15863.0,3.0,530.0,539.0,52.71999999999999,295.46,113.08560178147448,Predicted CLV Eligible,113.08560178147448
15864.0,1.0,65.0,198.0,242.42000000000002,486.86,410.6430929750971,Predicted CLV Eligible,410.6430929750971
15865.0,2.0,490.0,520.0,476.83500000000004,1660.22,709.6512384218346,Predicted CLV Eligible,709.6512384218346
15867.0,23.0,529.0,542.0,271.6591304347826,6865.71,3612.3100208129154,Predicted CLV Eligible,3612.3100208129154
15868.0,0.0,0.0,400.0,0.0,94.53,,Not Eligible - One-Time Customer,94.53
15869.0,1.0,349.0,443.0,149.64,321.11,151.46166964434101,Predicted CLV Eligible,151.46166964434101
15870.0,1.0,50.0,263.0,138.28,506.02,165.9102738438073,Predicted CLV Eligible,165.9102738438073
15871.0,0.0,0.0,254.0,0.0,33.099999999999994,,Not Eligible - One-Time Customer,33.099999999999994
15872.0,1.0,172.0,367.0,293.96,413.0,308.9639685535306,Predicted CLV Eligible,308.9639685535306
15873.0,1.0,1.0,317.0,138.24,313.92,79.1588019879183,Predicted CLV Eligible,79.1588019879183
15874.0,13.0,484.0,518.0,648.2446153846154,9041.68,5154.218731521423,Predicted CLV Eligible,5154.218731521423
15875.0,0.0,0.0,463.0,0.0,108.52,,Not Eligible - One-Time Customer,108.52
15876.0,1.0,39.0,265.0,718.34,1449.1399999999999,753.1724199477853,Predicted CLV Eligible,753.1724199477853
15878.0,1.0,172.0,550.0,118.64,330.77,80.92283836239892,Predicted CLV Eligible,80.92283836239892
15879.0,3.0,318.0,539.0,338.92,1137.8,662.4805368036683,Predicted CLV Eligible,662.4805368036683
15880.0,0.0,0.0,186.0,0.0,329.03000000000003,,Not Eligible - One-Time Customer,329.03000000000003
15881.0,2.0,52.0,181.0,193.47,501.39,650.4365263151784,Predicted CLV Eligible,650.4365263151784
15882.0,5.0,531.0,546.0,188.60600000000002,1124.66,591.2915848847224,Predicted CLV Eligible,591.2915848847224
15884.0,1.0,304.0,553.0,7.9,244.60000000000002,14.131329002567584,Predicted CLV Eligible,14.131329002567584
15885.0,12.0,378.0,504.0,121.19333333333333,1587.47,888.7516496003543,Predicted CLV Eligible,888.7516496003543
15886.0,1.0,182.0,415.0,577.41,871.78,524.7874283642636,Predicted CLV Eligible,524.7874283642636
15887.0,2.0,149.0,372.0,292.5,1027.15,546.5779241862401,Predicted CLV Eligible,546.5779241862401
15888.0,1.0,126.0,343.0,179.1,260.85,193.77298069239015,Predicted CLV Eligible,193.77298069239015
15889.0,6.0,360.0,546.0,168.31333333333333,1279.6,601.7802917337219,Predicted CLV Eligible,601.7802917337219
15890.0,2.0,210.0,421.0,136.22500000000002,535.65,240.54244374207104,Predicted CLV Eligible,240.54244374207104
15891.0,0.0,0.0,43.0,0.0,511.68,,Not Eligible - One-Time Customer,511.68
15892.0,0.0,0.0,486.0,0.0,128.2,,Not Eligible - One-Time Customer,128.2
15893.0,0.0,0.0,298.0,0.0,305.28000000000003,,Not Eligible - One-Time Customer,305.28000000000003
15894.0,1.0,116.0,186.0,106.81,258.25,223.50218372361599,Predicted CLV Eligible,223.50218372361599
15897.0,0.0,0.0,11.0,0.0,208.59,,Not Eligible - One-Time Customer,208.59
15898.0,22.0,502.0,545.0,191.52454545454546,4610.56,2420.9539510253617,Predicted CLV Eligible,2420.9539510253617
15899.0,0.0,0.0,185.0,0.0,56.25,,Not Eligible - One-Time Customer,56.25
15900.0,2.0,149.0,379.0,206.535,549.29,381.3953936434896,Predicted CLV Eligible,381.3953936434896
15901.0,2.0,92.0,360.0,67.82499999999999,335.99,125.8936599143334,Predicted CLV Eligible,125.8936599143334
15902.0,0.0,0.0,197.0,0.0,145.01,,Not Eligible - One-Time Customer,145.01
15903.0,6.0,467.0,511.0,735.82,4454.72,2859.769354788409,Predicted CLV Eligible,2859.769354788409
15905.0,0.0,0.0,360.0,0.0,114.69,,Not Eligible - One-Time Customer,114.69
15906.0,4.0,231.0,267.0,383.7525,1645.66,1820.8794549648555,Predicted CLV Eligible,1820.8794549648555
15907.0,0.0,0.0,27.0,0.0,223.07,,Not Eligible - One-Time Customer,223.07
15908.0,1.0,22.0,329.0,575.2,758.62,388.60726874188987,Predicted CLV Eligible,388.60726874188987
15910.0,10.0,480.0,504.0,188.147,1982.9,1199.9709642197106,Predicted CLV Eligible,1199.9709642197106
15911.0,6.0,107.0,547.0,238.83,1700.24,43.57549966177114,Predicted CLV Eligible,43.57549966177114
15912.0,4.0,496.0,546.0,128.945,951.57,333.6793822685869,Predicted CLV Eligible,333.6793822685869
15913.0,0.0,0.0,351.0,0.0,6.300000000000001,,Not Eligible - One-Time Customer,6.300000000000001
15914.0,0.0,0.0,195.0,0.0,205.99,,Not Eligible - One-Time Customer,205.99
15915.0,0.0,0.0,218.0,0.0,364.45,,Not Eligible - One-Time Customer,364.45
15916.0,8.0,538.0,546.0,262.60125,2489.33,1262.2458709970113,Predicted CLV Eligible,1262.2458709970113
15917.0,3.0,490.0,554.0,141.16666666666666,530.1700000000001,281.64708687392084,Predicted CLV Eligible,281.64708687392084
15918.0,2.0,441.0,448.0,167.115,582.88,291.03675156057903,Predicted CLV Eligible,291.03675156057903
15919.0,0.0,0.0,185.0,0.0,214.07999999999998,,Not Eligible - One-Time Customer,214.07999999999998
15920.0,3.0,301.0,542.0,93.35000000000001,401.64,185.4689533220305,Predicted CLV Eligible,185.4689533220305
15921.0,2.0,244.0,457.0,176.02499999999998,452.23,288.41048511715024,Predicted CLV Eligible,288.41048511715024
15922.0,0.0,0.0,190.0,0.0,369.5,,Not Eligible - One-Time Customer,369.5
15923.0,0.0,0.0,189.0,0.0,127.08,,Not Eligible - One-Time Customer,127.08
15924.0,0.0,0.0,548.0,0.0,102.82,,Not Eligible - One-Time Customer,102.82
15925.0,0.0,0.0,11.0,0.0,207.15,,Not Eligible - One-Time Customer,207.15
15926.0,0.0,0.0,359.0,0.0,134.44,,Not Eligible - One-Time Customer,134.44
15927.0,0.0,0.0,464.0,0.0,106.54,,Not Eligible - One-Time Customer,106.54
15928.0,0.0,0.0,473.0,0.0,293.53,,Not Eligible - One-Time Customer,293.53
15929.0,0.0,0.0,461.0,0.0,594.0,,Not Eligible - One-Time Customer,594.0
15931.0,0.0,0.0,245.0,0.0,239.9,,Not Eligible - One-Time Customer,239.9
15932.0,3.0,75.0,106.0,318.50666666666666,1273.25,2346.740538853552,Predicted CLV Eligible,2346.740538853552
15934.0,1.0,12.0,246.0,579.9,2190.66,539.7885876127599,Predicted CLV Eligible,539.7885876127599
15935.0,1.0,2.0,58.0,108.03999999999999,416.86,439.71804716928284,Predicted CLV Eligible,439.71804716928284
15936.0,1.0,88.0,284.0,111.17,282.79,142.32980003979245,Predicted CLV Eligible,142.32980003979245
15938.0,7.0,355.0,373.0,79.04142857142857,665.53,477.4838473207994,Predicted CLV Eligible,477.4838473207994
15939.0,9.0,178.0,191.0,514.7055555555556,7577.73,6712.420281085504,Predicted CLV Eligible,6712.420281085504
15940.0,0.0,0.0,128.0,0.0,35.8,,Not Eligible - One-Time Customer,35.8
15941.0,0.0,0.0,454.0,0.0,405.0,,Not Eligible - One-Time Customer,405.0
15943.0,1.0,28.0,494.0,145.59,271.28999999999996,56.981142410009085,Predicted CLV Eligible,56.981142410009085
15944.0,3.0,450.0,543.0,525.2800000000001,2164.24,1043.4055797059618,Predicted CLV Eligible,1043.4055797059618
15945.0,3.0,373.0,555.0,173.81333333333336,646.27,338.9319529705316,Predicted CLV Eligible,338.9319529705316
15946.0,1.0,131.0,450.0,1149.16,2304.1800000000003,855.3364201876471,Predicted CLV Eligible,855.3364201876471
15948.0,0.0,0.0,241.0,0.0,553.85,,Not Eligible - One-Time Customer,553.85
15950.0,6.0,323.0,499.0,874.7266666666666,5805.02,3350.4435304148165,Predicted CLV Eligible,3350.4435304148165
15951.0,1.0,96.0,198.0,375.16999999999996,680.1199999999999,668.6746454796311,Predicted CLV Eligible,668.6746454796311
15952.0,0.0,0.0,42.0,0.0,232.65,,Not Eligible - One-Time Customer,232.65
15953.0,13.0,525.0,553.0,171.91538461538462,2607.1,1294.063071792387,Predicted CLV Eligible,1294.063071792387
15954.0,0.0,0.0,406.0,0.0,190.75,,Not Eligible - One-Time Customer,190.75
15955.0,10.0,451.0,471.0,472.60600000000005,5115.34,3191.5194299549034,Predicted CLV Eligible,3191.5194299549034
15956.0,1.0,175.0,543.0,291.2,617.5999999999999,192.29585941122835,Predicted CLV Eligible,192.29585941122835
15957.0,0.0,0.0,237.0,0.0,492.36,,Not Eligible - One-Time Customer,492.36
15958.0,2.0,147.0,367.0,146.86,357.77,283.1920965624492,Predicted CLV Eligible,283.1920965624492
15959.0,0.0,0.0,499.0,0.0,542.89,,Not Eligible - One-Time Customer,542.89
15960.0,3.0,61.0,252.0,83.35000000000001,410.95000000000005,268.937357709275,Predicted CLV Eligible,268.937357709275
15961.0,0.0,0.0,196.0,0.0,451.28999999999996,,Not Eligible - One-Time Customer,451.28999999999996
15962.0,0.0,0.0,266.0,0.0,289.48,,Not Eligible - One-Time Customer,289.48
15964.0,0.0,0.0,480.0,0.0,269.21000000000004,,Not Eligible - One-Time Customer,269.21000000000004
15965.0,8.0,369.0,553.0,243.72,2119.26,1101.7856738956064,Predicted CLV Eligible,1101.7856738956064
15966.0,0.0,0.0,267.0,0.0,426.53000000000003,,Not Eligible - One-Time Customer,426.53000000000003
15967.0,9.0,420.0,555.0,285.9455555555556,2730.22,1479.935806090053,Predicted CLV Eligible,1479.935806090053
15968.0,0.0,0.0,205.0,0.0,404.55,,Not Eligible - One-Time Customer,404.55
15969.0,2.0,337.0,339.0,332.945,769.65,727.3989845582087,Predicted CLV Eligible,727.3989845582087
15970.0,1.0,295.0,415.0,314.1,1017.32,319.1500158234152,Predicted CLV Eligible,319.1500158234152
15971.0,9.0,489.0,548.0,289.5833333333333,2789.13,1543.212426823782,Predicted CLV Eligible,1543.212426823782
15972.0,3.0,144.0,417.0,354.91333333333336,1769.33,773.2538372324548,Predicted CLV Eligible,773.2538372324548
15973.0,2.0,63.0,246.0,332.81000000000006,680.6200000000001,829.5147111089506,Predicted CLV Eligible,829.5147111089506
15974.0,3.0,104.0,105.0,428.5366666666667,2054.85,3195.9440887224287,Predicted CLV Eligible,3195.9440887224287
15976.0,4.0,331.0,368.0,319.1,1476.76,1156.4751972164752,Predicted CLV Eligible,1156.4751972164752
15978.0,1.0,212.0,461.0,1581.52,2180.64,1303.634792509718,Predicted CLV Eligible,1303.634792509718
15979.0,0.0,0.0,419.0,0.0,329.22,,Not Eligible - One-Time Customer,329.22
15980.0,2.0,302.0,373.0,1388.6799999999998,4905.0,2734.0484353058278,Predicted CLV Eligible,2734.0484353058278
15981.0,16.0,410.0,437.0,449.718125,7576.49,5087.9945593128095,Predicted CLV Eligible,5087.9945593128095
15982.0,0.0,0.0,422.0,0.0,324.51,,Not Eligible - One-Time Customer,324.51
15983.0,6.0,373.0,550.0,415.72,2783.62,1474.6140113472295,Predicted CLV Eligible,1474.6140113472295
15984.0,19.0,505.0,555.0,319.3715789473684,6387.72,3437.2836974914153,Predicted CLV Eligible,3437.2836974914153
15985.0,4.0,325.0,378.0,496.13,2472.44,1748.093550649367,Predicted CLV Eligible,1748.093550649367
15986.0,0.0,0.0,198.0,0.0,186.3,,Not Eligible - One-Time Customer,186.3
15987.0,3.0,180.0,196.0,172.02666666666667,619.3,828.0454581927594,Predicted CLV Eligible,828.0454581927594
15988.0,1.0,105.0,473.0,313.31,582.11,207.8004487819166,Predicted CLV Eligible,207.8004487819166
15989.0,1.0,362.0,554.0,228.15,368.31,178.583928918551,Predicted CLV Eligible,178.583928918551
15990.0,5.0,362.0,466.0,283.03200000000004,1607.01,1009.2381407955596,Predicted CLV Eligible,1009.2381407955596
15991.0,0.0,0.0,351.0,0.0,150.55,,Not Eligible - One-Time Customer,150.55
15992.0,1.0,57.0,270.0,533.86,854.61,603.3519088978496,Predicted CLV Eligible,603.3519088978496
15994.0,1.0,224.0,452.0,370.95000000000005,761.4100000000001,324.34250196042,Predicted CLV Eligible,324.34250196042
15995.0,0.0,0.0,231.0,0.0,694.54,,Not Eligible - One-Time Customer,694.54
15996.0,3.0,134.0,214.0,209.0566666666667,980.99,918.8224972045117,Predicted CLV Eligible,918.8224972045117
15998.0,11.0,476.0,555.0,569.9118181818181,6969.34,3611.169783587302,Predicted CLV Eligible,3611.169783587302
15999.0,0.0,0.0,552.0,0.0,20.4,,Not Eligible - One-Time Customer,20.4
16001.0,0.0,0.0,198.0,0.0,583.39,,Not Eligible - One-Time Customer,583.39
16002.0,0.0,0.0,442.0,0.0,169.21,,Not Eligible - One-Time Customer,169.21
16003.0,4.0,377.0,553.0,917.8975,4059.46,2262.4471640863962,Predicted CLV Eligible,2262.4471640863962
16004.0,3.0,209.0,500.0,563.8833333333333,2146.39,1098.653191048547,Predicted CLV Eligible,1098.653191048547
16005.0,6.0,180.0,267.0,281.84666666666664,1941.7,1890.865213882352,Predicted CLV Eligible,1890.865213882352
16006.0,1.0,176.0,204.0,101.4,332.82,206.47173573362778,Predicted CLV Eligible,206.47173573362778
16007.0,3.0,328.0,360.0,455.46333333333337,1723.22,1308.940756743167,Predicted CLV Eligible,1308.940756743167
16008.0,12.0,426.0,447.0,392.33750000000003,4999.5,3302.768389827752,Predicted CLV Eligible,3302.768389827752
16010.0,9.0,166.0,228.0,175.89555555555555,1694.8600000000001,1965.6109483927075,Predicted CLV Eligible,1965.6109483927075
16011.0,19.0,554.0,555.0,172.90578947368422,3466.71,1871.835768460927,Predicted CLV Eligible,1871.835768460927
16012.0,1.0,128.0,346.0,587.97,1563.3000000000002,605.2171359525166,Predicted CLV Eligible,605.2171359525166
16013.0,35.0,547.0,548.0,871.6617142857143,31749.16,17310.902929208172,Predicted CLV Eligible,17310.902929208172
16014.0,2.0,386.0,494.0,230.07999999999998,707.0799999999999,360.0836264140575,Predicted CLV Eligible,360.0836264140575
16016.0,5.0,206.0,219.0,226.66,1408.96,1551.414340385783,Predicted CLV Eligible,1551.414340385783
16017.0,3.0,286.0,520.0,249.28333333333333,1333.7,500.7882036470904,Predicted CLV Eligible,500.7882036470904
16018.0,1.0,336.0,549.0,93.44999999999999,289.23,77.98681107401545,Predicted CLV Eligible,77.98681107401545
16019.0,19.0,493.0,542.0,799.031052631579,16032.42,8776.355866190528,Predicted CLV Eligible,8776.355866190528
16021.0,1.0,149.0,361.0,338.59,487.03,349.20620545082113,Predicted CLV Eligible,349.20620545082113
16022.0,0.0,0.0,77.0,0.0,602.63,,Not Eligible - One-Time Customer,602.63
16023.0,1.0,74.0,83.0,322.85,500.69000000000005,1150.6086484633383,Predicted CLV Eligible,1150.6086484633383
16024.0,0.0,0.0,228.0,0.0,232.96,,Not Eligible - One-Time Customer,232.96
16027.0,11.0,482.0,517.0,137.80090909090907,1630.41,941.2335247179469,Predicted CLV Eligible,941.2335247179469
16028.0,0.0,0.0,412.0,0.0,82.2,,Not Eligible - One-Time Customer,82.2
16029.0,52.0,545.0,548.0,1347.1200000000001,73301.04000000001,39542.077985122436,Predicted CLV Eligible,39542.077985122436
16030.0,0.0,0.0,126.0,0.0,331.24,,Not Eligible - One-Time Customer,331.24
16031.0,0.0,0.0,64.0,0.0,305.63,,Not Eligible - One-Time Customer,305.63
16032.0,5.0,67.0,340.0,311.252,1965.72,371.2664110472709,Predicted CLV Eligible,371.2664110472709
16033.0,15.0,285.0,302.0,317.67133333333334,5095.36,4656.225189091728,Predicted CLV Eligible,4656.225189091728
16034.0,5.0,213.0,226.0,140.73,911.3199999999999,945.2111229179778,Predicted CLV Eligible,945.2111229179778
16035.0,0.0,0.0,377.0,0.0,217.73,,Not Eligible - One-Time Customer,217.73
16036.0,2.0,357.0,437.0,568.985,1986.65,981.0997455144471,Predicted CLV Eligible,981.0997455144471
16037.0,4.0,379.0,465.0,288.90500000000003,1509.3400000000001,849.4219723745709,Predicted CLV Eligible,849.4219723745709
16038.0,0.0,0.0,18.0,0.0,316.95,,Not Eligible - One-Time Customer,316.95
16039.0,1.0,205.0,445.0,312.92,456.40000000000003,274.4771334252645,Predicted CLV Eligible,274.4771334252645
16040.0,4.0,341.0,426.0,287.7075,1525.78,913.6029589549953,Predicted CLV Eligible,913.6029589549953
16042.0,2.0,121.0,270.0,224.325,1092.8,567.29525064477,Predicted CLV Eligible,567.29525064477
16043.0,6.0,270.0,298.0,205.77333333333334,1759.0900000000001,1289.5359664966431,Predicted CLV Eligible,1289.5359664966431
16044.0,0.0,0.0,252.0,0.0,340.84000000000003,,Not Eligible - One-Time Customer,340.84000000000003
16045.0,4.0,253.0,315.0,496.665,2955.48,2041.4895718963767,Predicted CLV Eligible,2041.4895718963767
16046.0,0.0,0.0,379.0,0.0,235.78,,Not Eligible - One-Time Customer,235.78
16047.0,0.0,0.0,499.0,0.0,107.14,,Not Eligible - One-Time Customer,107.14
16048.0,2.0,176.0,366.0,308.895,818.79,600.7952495878948,Predicted CLV Eligible,600.7952495878948
16049.0,2.0,141.0,333.0,273.85,777.34,570.463315463259,Predicted CLV Eligible,570.463315463259
16050.0,1.0,18.0,218.0,72.2,162.8,95.66537058128907,Predicted CLV Eligible,95.66537058128907
16051.0,0.0,0.0,498.0,0.0,188.44,,Not Eligible - One-Time Customer,188.44
16053.0,2.0,197.0,427.0,745.115,2122.89,1242.210755491268,Predicted CLV Eligible,1242.210755491268
16054.0,2.0,199.0,434.0,437.75,1327.98,722.445413589937,Predicted CLV Eligible,722.445413589937
16055.0,0.0,0.0,37.0,0.0,134.8,,Not Eligible - One-Time Customer,134.8
16057.0,4.0,490.0,518.0,552.9975000000001,2651.27,1477.1139025581097,Predicted CLV Eligible,1477.1139025581097
16058.0,0.0,0.0,223.0,0.0,62.7,,Not Eligible - One-Time Customer,62.7
16059.0,8.0,315.0,386.0,255.45125,2241.41,1658.6596091747992,Predicted CLV Eligible,1658.6596091747992
16060.0,2.0,94.0,311.0,98.175,541.95,212.54547317085107,Predicted CLV Eligible,212.54547317085107
16061.0,0.0,0.0,248.0,0.0,89.65,,Not Eligible - One-Time Customer,89.65
16062.0,4.0,295.0,353.0,436.1725,2288.01,1630.2718940277562,Predicted CLV Eligible,1630.2718940277562
16063.0,0.0,0.0,77.0,0.0,335.32,,Not Eligible - One-Time Customer,335.32
16064.0,0.0,0.0,542.0,0.0,109.31,,Not Eligible - One-Time Customer,109.31
16065.0,5.0,98.0,280.0,311.68,1992.13,1309.5378097264345,Predicted CLV Eligible,1309.5378097264345
16067.0,2.0,113.0,492.0,704.015,3269.11,856.0230952081095,Predicted CLV Eligible,856.0230952081095
16068.0,0.0,0.0,410.0,0.0,115.73,,Not Eligible - One-Time Customer,115.73
16069.0,0.0,0.0,234.0,0.0,457.7,,Not Eligible - One-Time Customer,457.7
16071.0,2.0,128.0,472.0,243.13,750.5600000000001,332.46924419193635,Predicted CLV Eligible,332.46924419193635
16072.0,2.0,261.0,366.0,1216.775,4180.09,2419.5164850959877,Predicted CLV Eligible,2419.5164850959877
16073.0,0.0,0.0,114.0,0.0,122.39999999999999,,Not Eligible - One-Time Customer,122.39999999999999
16074.0,0.0,0.0,207.0,0.0,252.5,,Not Eligible - One-Time Customer,252.5
16075.0,1.0,62.0,381.0,267.23,736.9300000000001,200.70225756320679,Predicted CLV Eligible,200.70225756320679
16076.0,0.0,0.0,25.0,0.0,305.45000000000005,,Not Eligible - One-Time Customer,305.45000000000005
16077.0,0.0,0.0,442.0,0.0,2300.4,,Not Eligible - One-Time Customer,2300.4
16078.0,1.0,386.0,486.0,79.2,362.99,78.6473485083775,Predicted CLV Eligible,78.6473485083775
16080.0,2.0,176.0,267.0,104.505,515.6600000000001,284.2108104410066,Predicted CLV Eligible,284.2108104410066
16081.0,5.0,489.0,491.0,474.424,2471.91,1625.618446047853,Predicted CLV Eligible,1625.618446047853
16082.0,0.0,0.0,487.0,0.0,106.75,,Not Eligible - One-Time Customer,106.75
16083.0,2.0,28.0,205.0,330.84000000000003,1371.78,868.2442872992125,Predicted CLV Eligible,868.2442872992125
16084.0,0.0,0.0,116.0,0.0,436.18,,Not Eligible - One-Time Customer,436.18
16085.0,8.0,452.0,505.0,178.615,1684.56,920.8914924288053,Predicted CLV Eligible,920.8914924288053
16086.0,7.0,537.0,554.0,266.9785714285714,2153.4,1118.252825323959,Predicted CLV Eligible,1118.252825323959
16087.0,4.0,300.0,506.0,348.39,1739.92,918.8027882762262,Predicted CLV Eligible,918.8027882762262
16088.0,1.0,16.0,408.0,712.28,1437.4299999999998,314.2715811541633,Predicted CLV Eligible,314.2715811541633
16089.0,1.0,123.0,326.0,108.84,263.49,129.04759854077957,Predicted CLV Eligible,129.04759854077957
16090.0,0.0,0.0,441.0,0.0,180.56,,Not Eligible - One-Time Customer,180.56
16091.0,0.0,0.0,15.0,0.0,157.25,,Not Eligible - One-Time Customer,157.25
16092.0,3.0,382.0,396.0,296.7966666666667,1363.81,789.9665627911493,Predicted CLV Eligible,789.9665627911493
16094.0,7.0,383.0,419.0,362.1614285714286,2869.43,1941.5092613969884,Predicted CLV Eligible,1941.5092613969884
16095.0,0.0,0.0,273.0,0.0,447.05,,Not Eligible - One-Time Customer,447.05
16096.0,3.0,381.0,462.0,336.02333333333337,1584.97,774.8820150206009,Predicted CLV Eligible,774.8820150206009
16097.0,0.0,0.0,57.0,0.0,185.04999999999998,,Not Eligible - One-Time Customer,185.04999999999998
16098.0,10.0,539.0,541.0,307.26,3227.29,1835.7896548262515,Predicted CLV Eligible,1835.7896548262515
16099.0,4.0,421.0,463.0,255.775,1159.6,759.2747493717686,Predicted CLV Eligible,759.2747493717686
16100.0,0.0,0.0,279.0,0.0,582.64,,Not Eligible - One-Time Customer,582.64
16101.0,2.0,127.0,378.0,557.475,1938.46,983.6832204751078,Predicted CLV Eligible,983.6832204751078
16103.0,17.0,514.0,517.0,315.69882352941175,5567.33,3266.3572103149045,Predicted CLV Eligible,3266.3572103149045
16104.0,6.0,315.0,550.0,297.72499999999997,2476.25,1006.1040216862402,Predicted CLV Eligible,1006.1040216862402
16105.0,4.0,356.0,421.0,447.66,2386.19,1434.989466233205,Predicted CLV Eligible,1434.989466233205
16108.0,2.0,197.0,448.0,533.115,1393.42,847.4120215221776,Predicted CLV Eligible,847.4120215221776
16109.0,2.0,480.0,515.0,305.93999999999994,939.48,462.2129028770486,Predicted CLV Eligible,462.2129028770486
16110.0,2.0,260.0,339.0,339.09000000000003,1138.82,732.4895447356457,Predicted CLV Eligible,732.4895447356457
16111.0,0.0,0.0,245.0,0.0,549.33,,Not Eligible - One-Time Customer,549.33
16112.0,1.0,5.0,155.0,64.14,136.14,116.67891976120698,Predicted CLV Eligible,116.67891976120698
16115.0,6.0,362.0,391.0,201.69000000000003,1399.22,1001.6991897578141,Predicted CLV Eligible,1001.6991897578141
16116.0,0.0,0.0,28.0,0.0,612.78,,Not Eligible - One-Time Customer,612.78
16117.0,2.0,402.0,408.0,260.45,654.4,486.6743827245195,Predicted CLV Eligible,486.6743827245195
16118.0,0.0,0.0,469.0,0.0,4376.25,,Not Eligible - One-Time Customer,4376.25
16119.0,5.0,329.0,540.0,222.81,1297.45,674.917193663328,Predicted CLV Eligible,674.917193663328
16120.0,0.0,0.0,239.0,0.0,1658.3700000000001,,Not Eligible - One-Time Customer,1658.3700000000001
16121.0,2.0,350.0,382.0,365.125,881.3199999999999,716.2776989612533,Predicted CLV Eligible,716.2776989612533
16122.0,3.0,93.0,242.0,115.58,461.04,437.78202399913204,Predicted CLV Eligible,437.78202399913204
16124.0,3.0,415.0,549.0,436.49666666666667,1772.49,855.5428582194255,Predicted CLV Eligible,855.5428582194255
16125.0,13.0,358.0,542.0,277.1261538461539,4292.35,1744.9896488253348,Predicted CLV Eligible,1744.9896488253348
16126.0,12.0,553.0,554.0,835.5608333333333,10200.83,5798.942712574827,Predicted CLV Eligible,5798.942712574827
16127.0,0.0,0.0,543.0,0.0,145.06,,Not Eligible - One-Time Customer,145.06
16128.0,5.0,229.0,328.0,396.93,2309.13,1904.723445315358,Predicted CLV Eligible,1904.723445315358
16129.0,2.0,100.0,324.0,474.55499999999995,1396.05,949.4896393757044,Predicted CLV Eligible,949.4896393757044
16130.0,3.0,195.0,434.0,259.8433333333333,987.48,592.6996595954902,Predicted CLV Eligible,592.6996595954902
16131.0,5.0,530.0,554.0,1359.486,8115.400000000001,4160.0450340292045,Predicted CLV Eligible,4160.0450340292045
16132.0,1.0,83.0,444.0,310.8,664.2,206.81989606924193,Predicted CLV Eligible,206.81989606924193
16133.0,30.0,433.0,435.0,483.07866666666666,15194.59,10144.96914677724,Predicted CLV Eligible,10144.96914677724
16134.0,3.0,181.0,357.0,301.37000000000006,1810.78,836.3499309244536,Predicted CLV Eligible,836.3499309244536
16135.0,1.0,321.0,400.0,517.55,819.4499999999999,545.184806728676,Predicted CLV Eligible,545.184806728676
16136.0,1.0,386.0,480.0,159.3,396.72,149.86948478174628,Predicted CLV Eligible,149.86948478174628
16137.0,0.0,0.0,497.0,0.0,422.7,,Not Eligible - One-Time Customer,422.7
16138.0,2.0,212.0,407.0,197.07000000000002,910.3500000000001,355.9393780726143,Predicted CLV Eligible,355.9393780726143
16139.0,2.0,530.0,553.0,129.975,615.54,189.00840708731064,Predicted CLV Eligible,189.00840708731064
16140.0,1.0,70.0,258.0,124.14,832.42,166.6328820594997,Predicted CLV Eligible,166.6328820594997
16141.0,0.0,0.0,234.0,0.0,335.54,,Not Eligible - One-Time Customer,335.54
16142.0,0.0,0.0,66.0,0.0,535.34,,Not Eligible - One-Time Customer,535.34
16143.0,9.0,517.0,546.0,378.21777777777777,3704.31,2024.8336307322445,Predicted CLV Eligible,2024.8336307322445
16144.0,0.0,0.0,63.0,0.0,175.2,,Not Eligible - One-Time Customer,175.2
16145.0,11.0,358.0,401.0,315.3527272727273,4322.2300000000005,2684.0375359401946,Predicted CLV Eligible,2684.0375359401946
16146.0,2.0,245.0,265.0,329.565,871.38,883.8659429719008,Predicted CLV Eligible,883.8659429719008
16147.0,3.0,272.0,489.0,449.75666666666666,2023.91,950.491230255163,Predicted CLV Eligible,950.491230255163
16148.0,1.0,140.0,253.0,76.32000000000001,386.62,126.91672677205077,Predicted CLV Eligible,126.91672677205077
16149.0,0.0,0.0,246.0,0.0,141.70000000000002,,Not Eligible - One-Time Customer,141.70000000000002
16150.0,6.0,452.0,539.0,427.57166666666666,2913.63,1580.5380117501936,Predicted CLV Eligible,1580.5380117501936
16152.0,0.0,0.0,85.0,0.0,1829.04,,Not Eligible - One-Time Customer,1829.04
16153.0,8.0,377.0,379.0,326.6725,4009.36,2171.0118214631216,Predicted CLV Eligible,2171.0118214631216
16155.0,3.0,158.0,356.0,189.4333333333333,796.9,518.5816252700077,Predicted CLV Eligible,518.5816252700077
16156.0,11.0,531.0,554.0,347.87363636363636,4126.71,2223.686666878556,Predicted CLV Eligible,2223.686666878556
16158.0,7.0,212.0,551.0,68.81428571428572,628.32,121.88823690839729,Predicted CLV Eligible,121.88823690839729
16159.0,3.0,455.0,553.0,305.08,1232.79,599.0251779080135,Predicted CLV Eligible,599.0251779080135
16161.0,32.0,471.0,486.0,284.0515625,9307.45,5756.142452469163,Predicted CLV Eligible,5756.142452469163
16162.0,0.0,0.0,69.0,0.0,37.4,,Not Eligible - One-Time Customer,37.4
16163.0,5.0,505.0,554.0,322.4,2407.98,990.565202554553,Predicted CLV Eligible,990.565202554553
16165.0,0.0,0.0,322.0,0.0,79.9,,Not Eligible - One-Time Customer,79.9
16166.0,1.0,263.0,508.0,195.99,435.83000000000004,159.75280400956774,Predicted CLV Eligible,159.75280400956774
16167.0,3.0,324.0,555.0,300.10999999999996,1386.12,571.2229949618013,Predicted CLV Eligible,571.2229949618013
16168.0,40.0,550.0,553.0,194.48075,7968.38,4374.2521117813185,Predicted CLV Eligible,4374.2521117813185
16170.0,15.0,425.0,476.0,352.6433333333333,5609.53,3465.2351213133447,Predicted CLV Eligible,3465.2351213133447
16172.0,3.0,272.0,330.0,310.92333333333335,943.72,963.2336369645022,Predicted CLV Eligible,963.2336369645022
16174.0,3.0,112.0,420.0,344.4666666666667,1237.2,656.4952003390231,Predicted CLV Eligible,656.4952003390231
16175.0,4.0,359.0,380.0,244.045,1265.83,863.7963990089027,Predicted CLV Eligible,863.7963990089027
16176.0,3.0,199.0,437.0,441.43333333333334,2052.69,997.4603934942251,Predicted CLV Eligible,997.4603934942251
16177.0,5.0,211.0,464.0,314.726,1915.3600000000001,971.6953301366899,Predicted CLV Eligible,971.6953301366899
16178.0,0.0,0.0,218.0,0.0,414.7,,Not Eligible - One-Time Customer,414.7
16180.0,6.0,324.0,351.0,1120.6000000000001,8741.119999999999,6064.109342832247,Predicted CLV Eligible,6064.109342832247
16182.0,6.0,437.0,457.0,896.0,5871.0,3852.1886697237987,Predicted CLV Eligible,3852.1886697237987
16183.0,2.0,13.0,224.0,142.5,739.1,292.36205915126925,Predicted CLV Eligible,292.36205915126925
16184.0,0.0,0.0,28.0,0.0,148.22,,Not Eligible - One-Time Customer,148.22
16185.0,1.0,332.0,381.0,335.0,450.31,376.726838215388,Predicted CLV Eligible,376.726838215388
16186.0,16.0,541.0,547.0,354.34375,6058.84,3284.34469506458,Predicted CLV Eligible,3284.34469506458
16187.0,3.0,81.0,101.0,629.58,2564.6400000000003,4778.172615469899,Predicted CLV Eligible,4778.172615469899
16188.0,2.0,182.0,225.0,282.885,671.57,864.6985630415588,Predicted CLV Eligible,864.6985630415588
16190.0,6.0,331.0,542.0,385.2583333333334,2508.4700000000003,1350.3047271318028,Predicted CLV Eligible,1350.3047271318028
16191.0,11.0,466.0,545.0,1160.398181818182,13112.98,7466.045888259516,Predicted CLV Eligible,7466.045888259516
16192.0,0.0,0.0,552.0,0.0,351.3,,Not Eligible - One-Time Customer,351.3
16193.0,1.0,174.0,227.0,314.45,630.4300000000001,539.18184392454,Predicted CLV Eligible,539.18184392454
16194.0,0.0,0.0,192.0,0.0,308.59999999999997,,Not Eligible - One-Time Customer,308.59999999999997
16195.0,0.0,0.0,540.0,0.0,323.25,,Not Eligible - One-Time Customer,323.25
16196.0,0.0,0.0,305.0,0.0,93.3,,Not Eligible - One-Time Customer,93.3
16197.0,8.0,254.0,540.0,237.42624999999998,2016.71,687.4724801523242,Predicted CLV Eligible,687.4724801523242
16198.0,0.0,0.0,254.0,0.0,629.36,,Not Eligible - One-Time Customer,629.36
16199.0,6.0,239.0,448.0,146.125,942.75,581.5105513231965,Predicted CLV Eligible,581.5105513231965
16200.0,6.0,355.0,554.0,585.2533333333333,4539.23,2034.3787913668882,Predicted CLV Eligible,2034.3787913668882
16201.0,0.0,0.0,232.0,0.0,248.65,,Not Eligible - One-Time Customer,248.65
16202.0,6.0,377.0,554.0,365.84,2501.99,1290.73425843619,Predicted CLV Eligible,1290.73425843619
16203.0,3.0,277.0,321.0,129.03666666666666,669.24,417.2107707337443,Predicted CLV Eligible,417.2107707337443
16204.0,1.0,351.0,548.0,321.26,534.53,249.4791901832744,Predicted CLV Eligible,249.4791901832744
16205.0,2.0,146.0,359.0,421.18499999999995,1062.48,809.7048374061244,Predicted CLV Eligible,809.7048374061244
16206.0,9.0,476.0,501.0,222.37666666666667,2341.56,1289.9120800582668,Predicted CLV Eligible,1289.9120800582668
16208.0,8.0,364.0,470.0,368.77875,3273.7799999999997,1996.8340585385579,Predicted CLV Eligible,1996.8340585385579
16209.0,5.0,360.0,363.0,338.992,2452.2200000000003,1519.1169519226987,Predicted CLV Eligible,1519.1169519226987
16210.0,21.0,524.0,554.0,1077.3138095238096,23257.88,12817.077983080539,Predicted CLV Eligible,12817.077983080539
16211.0,1.0,17.0,255.0,300.0,543.5699999999999,285.02992752742887,Predicted CLV Eligible,285.02992752742887
16212.0,2.0,387.0,487.0,420.26,1101.52,659.3394888398389,Predicted CLV Eligible,659.3394888398389
16214.0,2.0,183.0,252.0,374.83500000000004,1725.17,1034.3639675005434,Predicted CLV Eligible,1034.3639675005434
16216.0,0.0,0.0,84.0,0.0,914.9300000000001,,Not Eligible - One-Time Customer,914.9300000000001
16217.0,1.0,47.0,99.0,121.25000000000001,304.25,385.8624869157766,Predicted CLV Eligible,385.8624869157766
16218.0,8.0,355.0,378.0,312.44375,2612.75,2078.796800892074,Predicted CLV Eligible,2078.796800892074
16219.0,0.0,0.0,317.0,0.0,40.8,,Not Eligible - One-Time Customer,40.8
16221.0,7.0,211.0,303.0,172.59142857142857,1474.43,1203.9563475729872,Predicted CLV Eligible,1203.9563475729872
16222.0,1.0,403.0,538.0,773.5500000000001,1272.0500000000002,614.3956923618077,Predicted CLV Eligible,614.3956923618077
16223.0,1.0,21.0,212.0,503.61,1087.0500000000002,624.1536371865424,Predicted CLV Eligible,624.1536371865424
16224.0,2.0,147.0,204.0,271.605,864.45,893.4174131617558,Predicted CLV Eligible,893.4174131617558
16225.0,9.0,393.0,487.0,222.0,2179.6000000000004,1307.7673948461143,Predicted CLV Eligible,1307.7673948461143
16226.0,4.0,210.0,230.0,85.83,672.1700000000001,472.9100489338138,Predicted CLV Eligible,472.9100489338138
16227.0,2.0,310.0,352.0,353.51,1027.22,743.6569937882243,Predicted CLV Eligible,743.6569937882243
16228.0,1.0,15.0,217.0,437.37,885.71,501.30262125971853,Predicted CLV Eligible,501.30262125971853
16229.0,4.0,352.0,381.0,448.775,2215.46,1575.2297403781843,Predicted CLV Eligible,1575.2297403781843
16230.0,1.0,31.0,37.0,266.1,542.03,1432.3028876114895,Predicted CLV Eligible,1432.3028876114895
16231.0,3.0,218.0,414.0,262.2233333333333,1074.47,642.758025862387,Predicted CLV Eligible,642.758025862387
16232.0,3.0,335.0,367.0,469.93666666666667,2088.56,1327.9213344640407,Predicted CLV Eligible,1327.9213344640407
16233.0,7.0,408.0,554.0,187.69,1608.13,773.3180211539832,Predicted CLV Eligible,773.3180211539832
16234.0,2.0,85.0,378.0,120.91,333.18,198.51537063309044,Predicted CLV Eligible,198.51537063309044
16235.0,6.0,284.0,287.0,196.03833333333333,1851.69,1271.4107901948219,Predicted CLV Eligible,1271.4107901948219
16237.0,0.0,0.0,254.0,0.0,136.65,,Not Eligible - One-Time Customer,136.65
16238.0,0.0,0.0,239.0,0.0,63.66,,Not Eligible - One-Time Customer,63.66
16239.0,4.0,274.0,280.0,290.825,1425.9,1334.4009880594174,Predicted CLV Eligible,1334.4009880594174
16241.0,6.0,198.0,227.0,308.4116666666667,2231.11,2407.912234040402,Predicted CLV Eligible,2407.912234040402
16242.0,7.0,420.0,451.0,528.7585714285714,4217.6900000000005,2653.44596915539,Predicted CLV Eligible,2653.44596915539
16244.0,1.0,161.0,189.0,466.12,1522.75,924.5906265190372,Predicted CLV Eligible,924.5906265190372
16245.0,0.0,0.0,73.0,0.0,453.98,,Not Eligible - One-Time Customer,453.98
16246.0,1.0,210.0,486.0,654.45,821.35,511.2402767849063,Predicted CLV Eligible,511.2402767849063
16249.0,1.0,38.0,56.0,205.7,1020.53,914.1641485564214,Predicted CLV Eligible,914.1641485564214
16250.0,2.0,125.0,203.0,194.72,565.24,642.5573707494734,Predicted CLV Eligible,642.5573707494734
16251.0,0.0,0.0,329.0,0.0,128.31,,Not Eligible - One-Time Customer,128.31
16252.0,0.0,0.0,199.0,0.0,295.09000000000003,,Not Eligible - One-Time Customer,295.09000000000003
16253.0,5.0,476.0,548.0,981.9219999999999,5288.74,3026.5895770372244,Predicted CLV Eligible,3026.5895770372244
16254.0,2.0,254.0,449.0,403.85,967.44,664.2499750754035,Predicted CLV Eligible,664.2499750754035
16255.0,10.0,438.0,501.0,267.413,2971.76,1705.0378913101206,Predicted CLV Eligible,1705.0378913101206
16256.0,2.0,331.0,414.0,529.7650000000001,1629.3700000000001,957.8477518062703,Predicted CLV Eligible,957.8477518062703
16258.0,8.0,420.0,456.0,877.065,7771.47,4928.277447153446,Predicted CLV Eligible,4928.277447153446
16259.0,1.0,195.0,422.0,183.07,340.94,172.98559924120573,Predicted CLV Eligible,172.98559924120573
16261.0,2.0,196.0,259.0,206.72500000000002,565.14,565.9424459792102,Predicted CLV Eligible,565.9424459792102
16262.0,0.0,0.0,195.0,0.0,755.15,,Not Eligible - One-Time Customer,755.15
16263.0,0.0,0.0,240.0,0.0,348.16,,Not Eligible - One-Time Customer,348.16
16264.0,1.0,8.0,263.0,266.05,823.53,219.1660374641977,Predicted CLV Eligible,219.1660374641977
16265.0,6.0,147.0,224.0,695.9516666666667,4363.31,5356.9229105624245,Predicted CLV Eligible,5356.9229105624245
16266.0,7.0,473.0,490.0,159.39000000000001,1267.9,748.9025366954983,Predicted CLV Eligible,748.9025366954983
16267.0,0.0,0.0,408.0,0.0,186.66,,Not Eligible - One-Time Customer,186.66
16269.0,0.0,0.0,254.0,0.0,717.57,,Not Eligible - One-Time Customer,717.57
16270.0,0.0,0.0,170.0,0.0,1141.24,,Not Eligible - One-Time Customer,1141.24
16271.0,5.0,284.0,459.0,291.992,2126.4,1026.349471026351,Predicted CLV Eligible,1026.349471026351
16273.0,1.0,8.0,473.0,76.5,318.34000000000003,25.92946449645757,Predicted CLV Eligible,25.92946449645757
16274.0,0.0,0.0,190.0,0.0,351.75,,Not Eligible - One-Time Customer,351.75
16275.0,2.0,445.0,458.0,727.635,2151.11,1209.6432656155687,Predicted CLV Eligible,1209.6432656155687
16276.0,1.0,128.0,424.0,761.4300000000001,1818.7900000000002,610.1198816085143,Predicted CLV Eligible,610.1198816085143
16277.0,0.0,0.0,550.0,0.0,188.69,,Not Eligible - One-Time Customer,188.69
16278.0,1.0,19.0,316.0,291.15999999999997,551.46,206.5545575193295,Predicted CLV Eligible,206.5545575193295
16279.0,5.0,211.0,413.0,742.1360000000001,4195.5,2706.1968701239184,Predicted CLV Eligible,2706.1968701239184
16280.0,0.0,0.0,542.0,0.0,238.05,,Not Eligible - One-Time Customer,238.05
16281.0,1.0,259.0,499.0,580.44,1361.96,463.249634671624,Predicted CLV Eligible,463.249634671624
16282.0,2.0,379.0,535.0,518.79,1307.58,740.5398933990045,Predicted CLV Eligible,740.5398933990045
16283.0,3.0,441.0,466.0,734.4333333333334,3057.32,1678.7970545137885,Predicted CLV Eligible,1678.7970545137885
16284.0,0.0,0.0,210.0,0.0,205.8,,Not Eligible - One-Time Customer,205.8
16285.0,0.0,0.0,463.0,0.0,176.9,,Not Eligible - One-Time Customer,176.9
16286.0,1.0,146.0,440.0,56.0,328.95,53.04553338705591,Predicted CLV Eligible,53.04553338705591
16287.0,3.0,313.0,506.0,212.62000000000003,864.48,445.5592195380662,Predicted CLV Eligible,445.5592195380662
16288.0,0.0,0.0,287.0,0.0,129.85,,Not Eligible - One-Time Customer,129.85
16289.0,0.0,0.0,279.0,0.0,136.31,,Not Eligible - One-Time Customer,136.31
16290.0,3.0,101.0,382.0,353.22333333333336,1957.7,740.9352667838417,Predicted CLV Eligible,740.9352667838417
16291.0,0.0,0.0,499.0,0.0,117.72,,Not Eligible - One-Time Customer,117.72
16292.0,3.0,224.0,421.0,213.08333333333334,951.51,517.0541865760212,Predicted CLV Eligible,517.0541865760212
16293.0,6.0,521.0,545.0,472.38500000000005,3159.95,1736.9978079284756,Predicted CLV Eligible,1736.9978079284756
16294.0,0.0,0.0,293.0,0.0,126.05000000000001,,Not Eligible - One-Time Customer,126.05000000000001
16296.0,3.0,95.0,538.0,312.5566666666667,1313.67,306.2557978238385,Predicted CLV Eligible,306.2557978238385
16297.0,0.0,0.0,85.0,0.0,301.9,,Not Eligible - One-Time Customer,301.9
16298.0,4.0,256.0,259.0,104.55,601.8,520.9046274248324,Predicted CLV Eligible,520.9046274248324
16299.0,0.0,0.0,294.0,0.0,193.65,,Not Eligible - One-Time Customer,193.65
16300.0,2.0,245.0,492.0,478.105,1367.3200000000002,711.650859343051,Predicted CLV Eligible,711.650859343051
16301.0,0.0,0.0,553.0,0.0,107.33,,Not Eligible - One-Time Customer,107.33
16303.0,4.0,298.0,448.0,694.115,3394.82,2066.003981554688,Predicted CLV Eligible,2066.003981554688
16304.0,0.0,0.0,511.0,0.0,381.66,,Not Eligible - One-Time Customer,381.66
16306.0,6.0,221.0,251.0,105.37833333333333,1124.72,767.7194105825846,Predicted CLV Eligible,767.7194105825846
16307.0,2.0,148.0,394.0,379.53499999999997,1194.92,662.6100913022708,Predicted CLV Eligible,662.6100913022708
16308.0,4.0,507.0,541.0,640.0,3520.0,1642.0593221450242,Predicted CLV Eligible,1642.0593221450242
16309.0,0.0,0.0,57.0,0.0,334.2,,Not Eligible - One-Time Customer,334.2
16310.0,1.0,228.0,459.0,269.7,460.08,235.3249523859462,Predicted CLV Eligible,235.3249523859462
16312.0,0.0,0.0,249.0,0.0,171.15,,Not Eligible - One-Time Customer,171.15
16314.0,2.0,83.0,289.0,545.1,1491.4,1191.35791853292,Predicted CLV Eligible,1191.35791853292
16315.0,1.0,206.0,353.0,226.37,402.71000000000004,260.16099096533014,Predicted CLV Eligible,260.16099096533014
16316.0,8.0,287.0,310.0,455.17,4635.11,3584.666780642565,Predicted CLV Eligible,3584.666780642565
16317.0,2.0,287.0,401.0,523.56,1421.62,967.4845483909727,Predicted CLV Eligible,967.4845483909727
16319.0,0.0,0.0,34.0,0.0,404.40000000000003,,Not Eligible - One-Time Customer,404.40000000000003
16320.0,4.0,468.0,498.0,1155.015,5443.21,3187.112324812937,Predicted CLV Eligible,3187.112324812937
16321.0,3.0,433.0,555.0,86.14999999999999,454.55,173.53870938786764,Predicted CLV Eligible,173.53870938786764
16323.0,1.0,381.0,394.0,207.50000000000003,353.66,234.18335547210611,Predicted CLV Eligible,234.18335547210611
16325.0,9.0,490.0,552.0,336.6722222222222,3194.08,1780.7554012366993,Predicted CLV Eligible,1780.7554012366993
16326.0,12.0,466.0,497.0,162.4575,2208.31,1247.6062079891635,Predicted CLV Eligible,1247.6062079891635
16327.0,13.0,526.0,542.0,623.876923076923,8809.01,4767.579003735241,Predicted CLV Eligible,4767.579003735241
16328.0,0.0,0.0,380.0,0.0,310.83,,Not Eligible - One-Time Customer,310.83
16329.0,3.0,311.0,555.0,471.61999999999995,1664.92,888.5313412538685,Predicted CLV Eligible,888.5313412538685
16330.0,2.0,238.0,479.0,161.02,373.47,251.3530980028701,Predicted CLV Eligible,251.3530980028701
16331.0,3.0,210.0,459.0,520.1999999999999,2037.7,1123.387851189757,Predicted CLV Eligible,1123.387851189757
16332.0,4.0,284.0,406.0,107.94,539.51,360.34253020526296,Predicted CLV Eligible,360.34253020526296
16333.0,7.0,117.0,126.0,1728.24,13087.2,24151.796215800252,Predicted CLV Eligible,24151.796215800252
16334.0,0.0,0.0,309.0,0.0,263.73,,Not Eligible - One-Time Customer,263.73
16335.0,6.0,184.0,552.0,410.78833333333336,2753.52,584.6613483317243,Predicted CLV Eligible,584.6613483317243
16336.0,2.0,211.0,448.0,864.895,3517.69,1383.3086073925488,Predicted CLV Eligible,1383.3086073925488
16339.0,0.0,0.0,101.0,0.0,94.05,,Not Eligible - One-Time Customer,94.05
16340.0,1.0,112.0,368.0,595.89,961.9300000000001,550.1034695730064,Predicted CLV Eligible,550.1034695730064
16341.0,3.0,408.0,426.0,638.0966666666667,2676.57,1581.3638605732936,Predicted CLV Eligible,1581.3638605732936
16343.0,0.0,0.0,224.0,0.0,285.54,,Not Eligible - One-Time Customer,285.54
16344.0,2.0,159.0,485.0,266.11,741.3199999999999,373.9205520200688,Predicted CLV Eligible,373.9205520200688
16345.0,0.0,0.0,300.0,0.0,613.33,,Not Eligible - One-Time Customer,613.33
16346.0,0.0,0.0,202.0,0.0,224.51,,Not Eligible - One-Time Customer,224.51
16347.0,7.0,249.0,454.0,339.11,2595.51,1490.0305938686981,Predicted CLV Eligible,1490.0305938686981
16348.0,2.0,239.0,247.0,279.53499999999997,887.8399999999999,797.9454386132625,Predicted CLV Eligible,797.9454386132625
16349.0,0.0,0.0,107.0,0.0,53.5,,Not Eligible - One-Time Customer,53.5
16350.0,4.0,95.0,245.0,300.53,1514.12,1366.5935782686277,Predicted CLV Eligible,1366.5935782686277
16351.0,12.0,403.0,552.0,259.45250000000004,3330.03,1719.4150886138707,Predicted CLV Eligible,1719.4150886138707
16353.0,21.0,515.0,549.0,226.7204761904762,5275.03,2723.674393883473,Predicted CLV Eligible,2723.674393883473
16354.0,2.0,212.0,408.0,257.69,723.66,461.1311112249695,Predicted CLV Eligible,461.1311112249695
16355.0,0.0,0.0,192.0,0.0,416.35,,Not Eligible - One-Time Customer,416.35
16356.0,4.0,354.0,368.0,79.3925,415.87,296.203455788482,Predicted CLV Eligible,296.203455788482
16357.0,1.0,168.0,198.0,137.9,347.39,279.0622522723954,Predicted CLV Eligible,279.0622522723954
16358.0,1.0,210.0,211.0,462.15000000000003,1354.3000000000002,854.9689802802583,Predicted CLV Eligible,854.9689802802583
16359.0,11.0,447.0,478.0,162.2418181818182,1963.09,1187.8818558127803,Predicted CLV Eligible,1187.8818558127803
16362.0,0.0,0.0,254.0,0.0,212.17,,Not Eligible - One-Time Customer,212.17
16365.0,8.0,475.0,545.0,239.68875,2116.2799999999997,1149.6003757065055,Predicted CLV Eligible,1149.6003757065055
16366.0,2.0,141.0,540.0,488.59000000000003,1220.83,570.2245847712026,Predicted CLV Eligible,570.2245847712026
16367.0,1.0,21.0,200.0,167.09,716.9000000000001,232.7939250299878,Predicted CLV Eligible,232.7939250299878
16368.0,0.0,0.0,252.0,0.0,141.53,,Not Eligible - One-Time Customer,141.53
16369.0,4.0,415.0,428.0,310.8375,1465.6,989.2803905778087,Predicted CLV Eligible,989.2803905778087
16370.0,0.0,0.0,42.0,0.0,272.17,,Not Eligible - One-Time Customer,272.17
16371.0,0.0,0.0,265.0,0.0,157.2,,Not Eligible - One-Time Customer,157.2
16372.0,2.0,198.0,424.0,411.815,934.5799999999999,696.4874041990594,Predicted CLV Eligible,696.4874041990594
16373.0,1.0,29.0,228.0,114.75,309.49,148.193793610907,Predicted CLV Eligible,148.193793610907
16374.0,3.0,326.0,405.0,318.57666666666665,1410.87,825.1215602972864,Predicted CLV Eligible,825.1215602972864
16375.0,0.0,0.0,287.0,0.0,104.0,,Not Eligible - One-Time Customer,104.0
16377.0,1.0,350.0,434.0,676.2,1308.48,659.8128386863243,Predicted CLV Eligible,659.8128386863243
16378.0,2.0,63.0,127.0,109.375,362.95,518.7988189103654,Predicted CLV Eligible,518.7988189103654
16381.0,1.0,23.0,235.0,43.5,247.85,59.5209094325235,Predicted CLV Eligible,59.5209094325235
16382.0,1.0,142.0,367.0,157.33,353.1,163.43930504893584,Predicted CLV Eligible,163.43930504893584
16383.0,5.0,405.0,490.0,420.4,2562.39,1434.6654495737507,Predicted CLV Eligible,1434.6654495737507
16384.0,2.0,327.0,407.0,431.9,1183.55,794.8762975528947,Predicted CLV Eligible,794.8762975528947
16385.0,2.0,265.0,448.0,181.715,473.69,306.0609948778732,Predicted CLV Eligible,306.0609948778732
16386.0,1.0,134.0,204.0,61.10000000000001,826.69,128.5117659375328,Predicted CLV Eligible,128.5117659375328
16387.0,4.0,316.0,455.0,185.5675,882.4599999999999,553.319797608803,Predicted CLV Eligible,553.319797608803
16388.0,0.0,0.0,470.0,0.0,186.05,,Not Eligible - One-Time Customer,186.05
16389.0,1.0,78.0,100.0,550.52,670.17,1700.9818423455454,Predicted CLV Eligible,1700.9818423455454
16390.0,2.0,143.0,496.0,136.85000000000002,467.50000000000006,185.11547775601923,Predicted CLV Eligible,185.11547775601923
16391.0,3.0,161.0,378.0,297.87666666666667,1052.26,759.883532470095,Predicted CLV Eligible,759.883532470095
16392.0,2.0,292.0,378.0,282.205,756.6999999999999,556.8738753063674,Predicted CLV Eligible,556.8738753063674
16393.0,15.0,553.0,555.0,192.35533333333333,3226.35,1656.6422122513236,Predicted CLV Eligible,1656.6422122513236
16394.0,1.0,41.0,106.0,306.89,619.3,862.8677158111872,Predicted CLV Eligible,862.8677158111872
16395.0,8.0,410.0,550.0,280.49375,2486.91,1311.589868676352,Predicted CLV Eligible,1311.589868676352
16396.0,0.0,0.0,293.0,0.0,137.8,,Not Eligible - One-Time Customer,137.8
16397.0,0.0,0.0,445.0,0.0,123.13,,Not Eligible - One-Time Customer,123.13
16398.0,0.0,0.0,70.0,0.0,1169.95,,Not Eligible - One-Time Customer,1169.95
16399.0,1.0,154.0,206.0,178.41,400.61,338.6419726458547,Predicted CLV Eligible,338.6419726458547
16400.0,7.0,336.0,548.0,313.7057142857143,2755.92,1236.1043275960324,Predicted CLV Eligible,1236.1043275960324
16401.0,13.0,345.0,372.0,332.3553846153846,4412.72,3548.0721119212226,Predicted CLV Eligible,3548.0721119212226
16402.0,1.0,105.0,186.0,87.8,293.45,185.06420775556487,Predicted CLV Eligible,185.06420775556487
16403.0,0.0,0.0,129.0,0.0,177.5,,Not Eligible - One-Time Customer,177.5
16405.0,1.0,8.0,127.0,160.4,167.25,338.6139077627877,Predicted CLV Eligible,338.6139077627877
16406.0,1.0,203.0,470.0,170.06,374.01,143.87282839631953,Predicted CLV Eligible,143.87282839631953
16407.0,7.0,238.0,249.0,169.31285714285715,1471.76,1423.2553197316463,Predicted CLV Eligible,1423.2553197316463
16408.0,0.0,0.0,408.0,0.0,231.93,,Not Eligible - One-Time Customer,231.93
16409.0,8.0,484.0,543.0,490.06375,4433.32,2353.6520874543453,Predicted CLV Eligible,2353.6520874543453
16410.0,0.0,0.0,551.0,0.0,130.32,,Not Eligible - One-Time Customer,130.32
16411.0,2.0,59.0,245.0,166.78500000000003,673.24,419.3334676145074,Predicted CLV Eligible,419.3334676145074
16412.0,3.0,280.0,490.0,129.65,457.2,280.3122590331964,Predicted CLV Eligible,280.3122590331964
16413.0,0.0,0.0,192.0,0.0,259.83,,Not Eligible - One-Time Customer,259.83
16414.0,3.0,414.0,511.0,115.55666666666667,475.76000000000005,248.56720695799797,Predicted CLV Eligible,248.56720695799797
16415.0,1.0,93.0,493.0,317.29,496.49,189.50451845793236,Predicted CLV Eligible,189.50451845793236
16416.0,4.0,264.0,471.0,317.26,1906.48,884.8029072612275,Predicted CLV Eligible,884.8029072612275
16417.0,0.0,0.0,309.0,0.0,35.7,,Not Eligible - One-Time Customer,35.7
16418.0,2.0,196.0,239.0,225.21499999999997,543.53,659.4736519602719,Predicted CLV Eligible,659.4736519602719
16419.0,3.0,393.0,485.0,269.24666666666667,1021.92,595.690489599787,Predicted CLV Eligible,595.690489599787
16420.0,0.0,0.0,213.0,0.0,75.0,,Not Eligible - One-Time Customer,75.0
16421.0,2.0,93.0,286.0,107.83500000000001,526.27,254.18720420611695,Predicted CLV Eligible,254.18720420611695
16422.0,69.0,511.0,513.0,667.8727536231884,46529.32,27547.801253334474,Predicted CLV Eligible,27547.801253334474
16424.0,1.0,191.0,199.0,133.56,443.06,273.43937924955594,Predicted CLV Eligible,273.43937924955594
16425.0,0.0,0.0,119.0,0.0,302.7,,Not Eligible - One-Time Customer,302.7
16426.0,0.0,0.0,93.0,0.0,328.37,,Not Eligible - One-Time Customer,328.37
16427.0,1.0,21.0,101.0,131.26,241.06,376.7448443846641,Predicted CLV Eligible,376.7448443846641
16428.0,1.0,84.0,314.0,220.48,638.49,235.9401625925237,Predicted CLV Eligible,235.9401625925237
16430.0,5.0,300.0,498.0,142.428,817.0899999999999,466.1829300655386,Predicted CLV Eligible,466.1829300655386
16431.0,1.0,84.0,114.0,288.68,623.28,828.2297004536337,Predicted CLV Eligible,828.2297004536337
16433.0,0.0,0.0,225.0,0.0,200.26,,Not Eligible - One-Time Customer,200.26
16434.0,7.0,499.0,508.0,200.58999999999997,1878.61,910.8367392486422,Predicted CLV Eligible,910.8367392486422
16435.0,1.0,2.0,331.0,590.9,1003.0699999999999,301.0640171901973,Predicted CLV Eligible,301.0640171901973
16436.0,2.0,65.0,550.0,76.095,319.14,60.318534844779414,Predicted CLV Eligible,60.318534844779414
16437.0,1.0,48.0,246.0,183.89999999999998,301.25,232.60129868181852,Predicted CLV Eligible,232.60129868181852
16439.0,0.0,0.0,539.0,0.0,310.70000000000005,,Not Eligible - One-Time Customer,310.70000000000005
16440.0,1.0,279.0,310.0,272.46,488.76,370.1026158407888,Predicted CLV Eligible,370.1026158407888
16441.0,3.0,336.0,444.0,207.73000000000002,848.9300000000001,497.6052718969206,Predicted CLV Eligible,497.6052718969206
16442.0,3.0,499.0,543.0,186.6833333333333,715.11,377.3231094838571,Predicted CLV Eligible,377.3231094838571
16443.0,0.0,0.0,337.0,0.0,162.24,,Not Eligible - One-Time Customer,162.24
16444.0,13.0,431.0,442.0,219.73076923076923,3211.29,2021.9215005966714,Predicted CLV Eligible,2021.9215005966714
16445.0,1.0,25.0,228.0,190.95,352.65,230.7933599502729,Predicted CLV Eligible,230.7933599502729
16446.0,0.0,0.0,22.0,0.0,2.9,,Not Eligible - One-Time Customer,2.9
16447.0,1.0,70.0,477.0,294.32,471.19,165.56148972849698,Predicted CLV Eligible,165.56148972849698
16448.0,1.0,273.0,288.0,182.99,361.12,271.36484575474253,Predicted CLV Eligible,271.36484575474253
16449.0,1.0,83.0,97.0,291.0,707.69,941.6558776824693,Predicted CLV Eligible,941.6558776824693
16450.0,1.0,72.0,473.0,785.52,1193.81,441.6794304372186,Predicted CLV Eligible,441.6794304372186
16451.0,1.0,174.0,552.0,438.53,746.1800000000001,279.27528744465326,Predicted CLV Eligible,279.27528744465326
16452.0,1.0,63.0,510.0,138.49,332.17,70.17723539658893,Predicted CLV Eligible,70.17723539658893
16453.0,1.0,18.0,365.0,102.25,251.71,61.17347015844529,Predicted CLV Eligible,61.17347015844529
16454.0,1.0,5.0,428.0,22.5,24.05,11.464129136196068,Predicted CLV Eligible,11.464129136196068
16455.0,7.0,415.0,436.0,340.43,3288.17,1764.629428166487,Predicted CLV Eligible,1764.629428166487
16456.0,9.0,393.0,437.0,523.2666666666667,5419.18,3411.097580655479,Predicted CLV Eligible,3411.097580655479
16457.0,0.0,0.0,35.0,0.0,208.36,,Not Eligible - One-Time Customer,208.36
16458.0,18.0,375.0,379.0,188.76944444444445,3513.85,2722.760684787885,Predicted CLV Eligible,2722.760684787885
16459.0,0.0,0.0,546.0,0.0,71.78999999999999,,Not Eligible - One-Time Customer,71.78999999999999
16461.0,1.0,56.0,463.0,647.8199999999999,1402.9099999999999,342.4618145760578,Predicted CLV Eligible,342.4618145760578
16462.0,1.0,98.0,100.0,34.0,68.0,141.00792916869324,Predicted CLV Eligible,141.00792916869324
16463.0,0.0,0.0,21.0,0.0,319.37,,Not Eligible - One-Time Customer,319.37
16465.0,1.0,24.0,261.0,289.6,746.24,284.5871047414012,Predicted CLV Eligible,284.5871047414012
16466.0,9.0,434.0,459.0,224.43222222222224,2492.65,1407.7326897781772,Predicted CLV Eligible,1407.7326897781772
16467.0,6.0,229.0,554.0,456.34,2869.16,1096.6271492700996,Predicted CLV Eligible,1096.6271492700996
16468.0,1.0,11.0,298.0,611.02,712.62,422.56012761192375,Predicted CLV Eligible,422.56012761192375
16469.0,1.0,268.0,331.0,268.3,446.78000000000003,340.3857183132129,Predicted CLV Eligible,340.3857183132129
16470.0,7.0,536.0,545.0,259.7942857142857,2009.74,1105.0129001453702,Predicted CLV Eligible,1105.0129001453702
16471.0,3.0,378.0,469.0,288.8666666666667,1189.98,657.7727731191608,Predicted CLV Eligible,657.7727731191608
16472.0,1.0,163.0,414.0,232.56,789.5999999999999,212.3352846730654,Predicted CLV Eligible,212.3352846730654
16473.0,2.0,87.0,191.0,108.905,372.53,377.0210231935179,Predicted CLV Eligible,377.0210231935179
16475.0,0.0,0.0,90.0,0.0,310.0,,Not Eligible - One-Time Customer,310.0
16476.0,0.0,0.0,248.0,0.0,350.35,,Not Eligible - One-Time Customer,350.35
16477.0,8.0,270.0,301.0,329.67375,3152.42,2662.1911873689223,Predicted CLV Eligible,2662.1911873689223
16481.0,0.0,0.0,499.0,0.0,453.38,,Not Eligible - One-Time Customer,453.38
16483.0,0.0,0.0,9.0,0.0,139.35,,Not Eligible - One-Time Customer,139.35
16484.0,0.0,0.0,7.0,0.0,285.7,,Not Eligible - One-Time Customer,285.7
16485.0,3.0,301.0,550.0,434.76666666666665,1923.54,823.6199287611724,Predicted CLV Eligible,823.6199287611724
16486.0,0.0,0.0,354.0,0.0,134.36,,Not Eligible - One-Time Customer,134.36
16487.0,1.0,82.0,476.0,107.2,209.4,68.64786154876596,Predicted CLV Eligible,68.64786154876596
16489.0,1.0,56.0,253.0,193.04999999999998,303.7,243.96780222940527,Predicted CLV Eligible,243.96780222940527
16490.0,0.0,0.0,253.0,0.0,205.41000000000003,,Not Eligible - One-Time Customer,205.41000000000003
16491.0,0.0,0.0,230.0,0.0,801.66,,Not Eligible - One-Time Customer,801.66
16492.0,0.0,0.0,357.0,0.0,385.56,,Not Eligible - One-Time Customer,385.56
16493.0,4.0,338.0,440.0,170.6875,1148.26,529.0857415866178,Predicted CLV Eligible,529.0857415866178
16494.0,0.0,0.0,113.0,0.0,826.53,,Not Eligible - One-Time Customer,826.53
16495.0,0.0,0.0,93.0,0.0,246.51,,Not Eligible - One-Time Customer,246.51
16496.0,3.0,302.0,326.0,487.7633333333333,1916.29,1526.4638753201082,Predicted CLV Eligible,1526.4638753201082
16497.0,15.0,533.0,553.0,332.3626666666667,5280.29,2864.680386989414,Predicted CLV Eligible,2864.680386989414
16499.0,7.0,186.0,363.0,336.34714285714284,2578.34,1731.750862393148,Predicted CLV Eligible,1731.750862393148
16500.0,3.0,213.0,360.0,153.5,608.05,436.5710754540438,Predicted CLV Eligible,436.5710754540438
16501.0,0.0,0.0,200.0,0.0,1191.23,,Not Eligible - One-Time Customer,1191.23
16502.0,0.0,0.0,437.0,0.0,258.55,,Not Eligible - One-Time Customer,258.55
16503.0,8.0,322.0,353.0,375.39,3275.7999999999997,2645.7881424416933,Predicted CLV Eligible,2645.7881424416933
16507.0,0.0,0.0,389.0,0.0,142.71,,Not Eligible - One-Time Customer,142.71
16508.0,0.0,0.0,447.0,0.0,240.95,,Not Eligible - One-Time Customer,240.95
16509.0,0.0,0.0,113.0,0.0,363.7,,Not Eligible - One-Time Customer,363.7
16510.0,5.0,319.0,508.0,228.38000000000002,1777.5,735.8796635634529,Predicted CLV Eligible,735.8796635634529
16511.0,3.0,382.0,465.0,290.7866666666667,1172.51,667.7752903901894,Predicted CLV Eligible,667.7752903901894
16515.0,6.0,294.0,357.0,250.44500000000002,2174.26,1337.2459324163428,Predicted CLV Eligible,1337.2459324163428
16517.0,0.0,0.0,94.0,0.0,162.7,,Not Eligible - One-Time Customer,162.7
16518.0,2.0,272.0,373.0,255.375,665.75,509.20551290565885,Predicted CLV Eligible,509.20551290565885
16519.0,2.0,283.0,465.0,81.775,327.68,138.65946673980093,Predicted CLV Eligible,138.65946673980093
16520.0,5.0,461.0,464.0,373.98,2148.38,1349.6585265043102,Predicted CLV Eligible,1349.6585265043102
16521.0,1.0,233.0,465.0,1044.99,1140.1100000000001,874.9455308752005,Predicted CLV Eligible,874.9455308752005
16522.0,1.0,15.0,267.0,304.56,433.36,265.2818828632092,Predicted CLV Eligible,265.2818828632092
16523.0,11.0,485.0,501.0,447.59363636363634,5333.46,3132.050639569562,Predicted CLV Eligible,3132.050639569562
16524.0,1.0,245.0,508.0,204.89,306.19,163.91727329220265,Predicted CLV Eligible,163.91727329220265
16525.0,37.0,553.0,554.0,509.1483783783784,19310.96,10578.136924374367,Predicted CLV Eligible,10578.136924374367
16526.0,0.0,0.0,401.0,0.0,426.85,,Not Eligible - One-Time Customer,426.85
16527.0,0.0,0.0,241.0,0.0,1004.88,,Not Eligible - One-Time Customer,1004.88
16529.0,3.0,340.0,347.0,539.1666666666666,1986.8,1600.750100083141,Predicted CLV Eligible,1600.750100083141
16530.0,0.0,0.0,485.0,0.0,48.349999999999994,,Not Eligible - One-Time Customer,48.349999999999994
16531.0,6.0,147.0,258.0,191.46,1538.57,1283.1038025377024,Predicted CLV Eligible,1283.1038025377024
16532.0,2.0,282.0,437.0,1528.3200000000002,3918.24,2579.0571612287517,Predicted CLV Eligible,2579.0571612287517
16534.0,0.0,0.0,459.0,0.0,635.9,,Not Eligible - One-Time Customer,635.9
16535.0,1.0,295.0,497.0,358.28999999999996,378.28999999999996,298.7080055131822,Predicted CLV Eligible,298.7080055131822
16537.0,0.0,0.0,458.0,0.0,23.35,,Not Eligible - One-Time Customer,23.35
16538.0,1.0,54.0,412.0,168.26,395.07,110.23483543870377,Predicted CLV Eligible,110.23483543870377
16539.0,8.0,313.0,349.0,346.6075,2954.46,2466.2898983984405,Predicted CLV Eligible,2466.2898983984405
16540.0,0.0,0.0,231.0,0.0,205.75,,Not Eligible - One-Time Customer,205.75
16541.0,0.0,0.0,552.0,0.0,424.03,,Not Eligible - One-Time Customer,424.03
16542.0,0.0,0.0,218.0,0.0,137.7,,Not Eligible - One-Time Customer,137.7
16543.0,0.0,0.0,408.0,0.0,292.21,,Not Eligible - One-Time Customer,292.21
16544.0,1.0,143.0,479.0,110.3,376.70000000000005,85.29940726321567,Predicted CLV Eligible,85.29940726321567
16545.0,0.0,0.0,192.0,0.0,350.52,,Not Eligible - One-Time Customer,350.52
16546.0,3.0,152.0,259.0,987.4566666666668,5307.07,3640.3337848687406,Predicted CLV Eligible,3640.3337848687406
16547.0,0.0,0.0,363.0,0.0,104.25999999999999,,Not Eligible - One-Time Customer,104.25999999999999
16548.0,0.0,0.0,416.0,0.0,30.15,,Not Eligible - One-Time Customer,30.15
16549.0,23.0,287.0,438.0,377.67,8866.39,1096.841850342539,Predicted CLV Eligible,1096.841850342539
16550.0,15.0,552.0,554.0,493.478,7940.94,4246.503155573046,Predicted CLV Eligible,4246.503155573046
16551.0,4.0,390.0,543.0,333.2725,1626.07,843.9474006293083,Predicted CLV Eligible,843.9474006293083
16552.0,1.0,131.0,190.0,284.44000000000005,379.7300000000001,556.5429378274657,Predicted CLV Eligible,556.5429378274657
16553.0,14.0,461.0,483.0,1072.9664285714287,15595.37,9758.140549676911,Predicted CLV Eligible,9758.140549676911
16554.0,6.0,502.0,541.0,317.20666666666665,2318.73,1175.5565842464005,Predicted CLV Eligible,1175.5565842464005
16555.0,0.0,0.0,322.0,0.0,1629.79,,Not Eligible - One-Time Customer,1629.79
16556.0,13.0,531.0,549.0,473.10923076923075,6337.610000000001,3574.9271791471483,Predicted CLV Eligible,3574.9271791471483
16558.0,25.0,544.0,553.0,324.76599999999996,8416.2,4599.8695894100965,Predicted CLV Eligible,4599.8695894100965
16559.0,0.0,0.0,214.0,0.0,175.0,,Not Eligible - One-Time Customer,175.0
16560.0,6.0,373.0,548.0,342.01,2539.15,1219.2390207517096,Predicted CLV Eligible,1219.2390207517096
16562.0,0.0,0.0,293.0,0.0,223.85999999999999,,Not Eligible - One-Time Customer,223.85999999999999
16563.0,4.0,338.0,555.0,699.09,3334.82,1694.617609867291,Predicted CLV Eligible,1694.617609867291
16564.0,0.0,0.0,386.0,0.0,87.8,,Not Eligible - One-Time Customer,87.8
16565.0,3.0,191.0,372.0,152.6833333333333,773.05,414.4422981994361,Predicted CLV Eligible,414.4422981994361
16566.0,1.0,100.0,109.0,185.22000000000003,280.12,571.0951989668281,Predicted CLV Eligible,571.0951989668281
16567.0,1.0,142.0,153.0,308.03999999999996,865.6,732.1003987013286,Predicted CLV Eligible,732.1003987013286
16568.0,1.0,214.0,458.0,543.6,1020.9000000000001,458.8246966570267,Predicted CLV Eligible,458.8246966570267
16569.0,3.0,92.0,540.0,302.96,1331.03,283.026597856959,Predicted CLV Eligible,283.026597856959
16570.0,10.0,414.0,436.0,453.879,5169.14,3282.675610242347,Predicted CLV Eligible,3282.675610242347
16571.0,7.0,350.0,448.0,407.9742857142857,3263.73,2040.70585145696,Predicted CLV Eligible,2040.70585145696
16572.0,0.0,0.0,92.0,0.0,342.58,,Not Eligible - One-Time Customer,342.58
16573.0,0.0,0.0,107.0,0.0,292.63,,Not Eligible - One-Time Customer,292.63
16574.0,1.0,235.0,475.0,259.43,850.3399999999999,219.5470664681451,Predicted CLV Eligible,219.5470664681451
16576.0,1.0,101.0,338.0,313.47,540.87,317.42831251809366,Predicted CLV Eligible,317.42831251809366
16577.0,0.0,0.0,483.0,0.0,380.0,,Not Eligible - One-Time Customer,380.0
16578.0,0.0,0.0,443.0,0.0,156.6,,Not Eligible - One-Time Customer,156.6
16579.0,0.0,0.0,242.0,0.0,295.05,,Not Eligible - One-Time Customer,295.05
16583.0,1.0,300.0,490.0,233.45,297.95,201.67777494548753,Predicted CLV Eligible,201.67777494548753
16584.0,3.0,407.0,478.0,633.4366666666666,2832.03,1411.2837939838123,Predicted CLV Eligible,1411.2837939838123
16585.0,1.0,102.0,512.0,252.27,341.59000000000003,149.26059498212064,Predicted CLV Eligible,149.26059498212064
16586.0,2.0,387.0,452.0,567.365,1462.78,951.6030300328872,Predicted CLV Eligible,951.6030300328872
16587.0,0.0,0.0,49.0,0.0,225.15,,Not Eligible - One-Time Customer,225.15
16588.0,3.0,188.0,391.0,381.49333333333334,1361.28,965.1524807772037,Predicted CLV Eligible,965.1524807772037
16589.0,0.0,0.0,267.0,0.0,153.12,,Not Eligible - One-Time Customer,153.12
16590.0,1.0,14.0,231.0,289.15,605.9,305.95263751841856,Predicted CLV Eligible,305.95263751841856
16592.0,11.0,520.0,538.0,412.2236363636364,4847.06,2705.326103904765,Predicted CLV Eligible,2705.326103904765
16593.0,6.0,545.0,551.0,152.835,996.61,561.6791219770216,Predicted CLV Eligible,561.6791219770216
16595.0,3.0,315.0,508.0,298.3333333333333,1397.59,619.8807241070455,Predicted CLV Eligible,619.8807241070455
16596.0,2.0,363.0,546.0,116.965,329.48,169.3777417853256,Predicted CLV Eligible,169.3777417853256
16598.0,0.0,0.0,102.0,0.0,145.04999999999998,,Not Eligible - One-Time Customer,145.04999999999998
16599.0,0.0,0.0,202.0,0.0,172.8,,Not Eligible - One-Time Customer,172.8
16600.0,8.0,468.0,538.0,158.41750000000002,1577.3500000000001,771.0751213855798,Predicted CLV Eligible,771.0751213855798
16601.0,1.0,233.0,440.0,367.05,434.3,333.7191182894264,Predicted CLV Eligible,333.7191182894264
16602.0,0.0,0.0,205.0,0.0,235.25,,Not Eligible - One-Time Customer,235.25
16604.0,1.0,6.0,385.0,125.75,432.45,56.69056938949244,Predicted CLV Eligible,56.69056938949244
16605.0,0.0,0.0,541.0,0.0,60.48,,Not Eligible - One-Time Customer,60.48
16606.0,1.0,30.0,251.0,119.7,357.66,137.07489917701866,Predicted CLV Eligible,137.07489917701866
16607.0,16.0,382.0,406.0,236.8075,4076.22,2863.572188601956,Predicted CLV Eligible,2863.572188601956
16608.0,1.0,210.0,480.0,601.32,1286.62,477.40808291334065,Predicted CLV Eligible,477.40808291334065
16609.0,2.0,55.0,69.0,715.0450000000001,1987.62,4877.020036539176,Predicted CLV Eligible,4877.020036539176
16610.0,0.0,0.0,36.0,0.0,75.66,,Not Eligible - One-Time Customer,75.66
16611.0,5.0,453.0,456.0,299.61800000000005,1785.13,1099.8739260898842,Predicted CLV Eligible,1099.8739260898842
16612.0,6.0,550.0,553.0,375.9666666666667,2766.67,1367.0278149053552,Predicted CLV Eligible,1367.0278149053552
16614.0,1.0,176.0,395.0,380.45,673.5999999999999,366.77072870355767,Predicted CLV Eligible,366.77072870355767
16615.0,0.0,0.0,443.0,0.0,291.5,,Not Eligible - One-Time Customer,291.5
16617.0,0.0,0.0,52.0,0.0,151.85,,Not Eligible - One-Time Customer,151.85
16618.0,2.0,112.0,139.0,356.56499999999994,1441.29,1566.0433915582262,Predicted CLV Eligible,1566.0433915582262
16619.0,3.0,392.0,472.0,314.37333333333333,1938.33,712.0120693184241,Predicted CLV Eligible,712.0120693184241
16620.0,4.0,478.0,555.0,213.34,1675.73,538.0909095066519,Predicted CLV Eligible,538.0909095066519
16621.0,1.0,62.0,94.0,327.85,490.70000000000005,1053.0766202185541,Predicted CLV Eligible,1053.0766202185541
16622.0,0.0,0.0,360.0,0.0,225.4,,Not Eligible - One-Time Customer,225.4
16623.0,3.0,347.0,409.0,262.33,1015.24,676.9089470190163,Predicted CLV Eligible,676.9089470190163
16624.0,0.0,0.0,14.0,0.0,426.43,,Not Eligible - One-Time Customer,426.43
16625.0,4.0,269.0,360.0,346.0075,1654.03,1266.172944050194,Predicted CLV Eligible,1266.172944050194
16626.0,1.0,82.0,83.0,596.13,1391.88,2106.980550582616,Predicted CLV Eligible,2106.980550582616
16628.0,3.0,423.0,458.0,254.98666666666668,842.96,597.3505839877574,Predicted CLV Eligible,597.3505839877574
16630.0,0.0,0.0,224.0,0.0,106.80000000000001,,Not Eligible - One-Time Customer,106.80000000000001
16631.0,5.0,170.0,468.0,305.438,1892.52,750.7095048110697,Predicted CLV Eligible,750.7095048110697
16632.0,1.0,96.0,398.0,202.0,406.4,167.26320055315153,Predicted CLV Eligible,167.26320055315153
16633.0,0.0,0.0,51.0,0.0,447.52,,Not Eligible - One-Time Customer,447.52
16634.0,5.0,465.0,504.0,269.202,1649.81,902.582585466948,Predicted CLV Eligible,902.582585466948
16635.0,0.0,0.0,223.0,0.0,473.0,,Not Eligible - One-Time Customer,473.0
16636.0,3.0,208.0,463.0,830.1966666666667,3802.04,1766.2778957101186,Predicted CLV Eligible,1766.2778957101186
16637.0,0.0,0.0,42.0,0.0,303.62,,Not Eligible - One-Time Customer,303.62
16638.0,9.0,221.0,295.0,198.15555555555557,1910.85,1793.535033078977,Predicted CLV Eligible,1793.535033078977
16639.0,2.0,203.0,226.0,235.57500000000005,961.6200000000001,723.4684010220682,Predicted CLV Eligible,723.4684010220682
16640.0,0.0,0.0,214.0,0.0,179.4,,Not Eligible - One-Time Customer,179.4
16641.0,0.0,0.0,518.0,0.0,323.40000000000003,,Not Eligible - One-Time Customer,323.40000000000003
16642.0,1.0,208.0,232.0,307.73,696.85,528.5485806289107,Predicted CLV Eligible,528.5485806289107
16643.0,1.0,177.0,239.0,487.51,923.11,787.9494475607552,Predicted CLV Eligible,787.9494475607552
16644.0,0.0,0.0,29.0,0.0,722.41,,Not Eligible - One-Time Customer,722.41
16645.0,0.0,0.0,552.0,0.0,160.39,,Not Eligible - One-Time Customer,160.39
16646.0,0.0,0.0,266.0,0.0,678.8,,Not Eligible - One-Time Customer,678.8
16647.0,2.0,340.0,361.0,155.73000000000002,455.59000000000003,328.0208893100894,Predicted CLV Eligible,328.0208893100894
16648.0,1.0,135.0,407.0,129.3,382.14,118.91541704601714,Predicted CLV Eligible,118.91541704601714
16649.0,0.0,0.0,337.0,0.0,306.58000000000004,,Not Eligible - One-Time Customer,306.58000000000004
16650.0,4.0,99.0,336.0,190.07250000000002,1397.69,542.1292839826439,Predicted CLV Eligible,542.1292839826439
16651.0,0.0,0.0,403.0,0.0,136.2,,Not Eligible - One-Time Customer,136.2
16652.0,9.0,420.0,449.0,1375.8222222222223,13831.04,8755.282390070246,Predicted CLV Eligible,8755.282390070246
16654.0,6.0,425.0,429.0,191.72500000000002,1420.05,879.5491864920721,Predicted CLV Eligible,879.5491864920721
16655.0,8.0,492.0,494.0,444.41875,3864.44,2333.311391907814,Predicted CLV Eligible,2333.311391907814
16656.0,18.0,543.0,552.0,632.8394444444444,11764.85,6513.784157438112,Predicted CLV Eligible,6513.784157438112
16657.0,0.0,0.0,71.0,0.0,215.43,,Not Eligible - One-Time Customer,215.43
16658.0,4.0,251.0,436.0,139.57750000000001,690.83,424.34867548296717,Predicted CLV Eligible,424.34867548296717
16659.0,0.0,0.0,6.0,0.0,39.12,,Not Eligible - One-Time Customer,39.12
16660.0,4.0,484.0,511.0,213.66500000000002,996.2600000000001,582.6147446607897,Predicted CLV Eligible,582.6147446607897
16661.0,3.0,182.0,539.0,216.82000000000002,932.76,366.51016933108565,Predicted CLV Eligible,366.51016933108565
16662.0,0.0,0.0,211.0,0.0,151.05,,Not Eligible - One-Time Customer,151.05
16663.0,0.0,0.0,546.0,0.0,165.0,,Not Eligible - One-Time Customer,165.0
16664.0,0.0,0.0,386.0,0.0,109.2,,Not Eligible - One-Time Customer,109.2
16665.0,0.0,0.0,179.0,0.0,135.39999999999998,,Not Eligible - One-Time Customer,135.39999999999998
16666.0,0.0,0.0,438.0,0.0,98.73,,Not Eligible - One-Time Customer,98.73
16667.0,0.0,0.0,101.0,0.0,200.4,,Not Eligible - One-Time Customer,200.4
16668.0,7.0,417.0,448.0,77.10571428571428,678.28,396.42111009339663,Predicted CLV Eligible,396.42111009339663
16670.0,12.0,482.0,546.0,433.21333333333337,5882.47,3034.844839388768,Predicted CLV Eligible,3034.844839388768
16672.0,8.0,82.0,83.0,372.3625,4154.34,7763.921452343647,Predicted CLV Eligible,7763.921452343647
16673.0,0.0,0.0,496.0,0.0,171.13,,Not Eligible - One-Time Customer,171.13
16675.0,1.0,37.0,295.0,301.79999999999995,608.8599999999999,276.6684528942228,Predicted CLV Eligible,276.6684528942228
16676.0,4.0,205.0,235.0,362.725,1868.28,1912.0841772325875,Predicted CLV Eligible,1912.0841772325875
16677.0,1.0,241.0,469.0,617.39,880.62,519.7160599825611,Predicted CLV Eligible,519.7160599825611
16678.0,4.0,85.0,99.0,238.6175,1266.65,2376.8416275307013,Predicted CLV Eligible,2376.8416275307013
16679.0,2.0,181.0,364.0,238.07999999999998,663.31,469.7935206645373,Predicted CLV Eligible,469.7935206645373
16680.0,1.0,6.0,351.0,97.5,637.75,52.836049052718465,Predicted CLV Eligible,52.836049052718465
16681.0,3.0,436.0,458.0,291.94666666666666,1027.34,683.2714918374536,Predicted CLV Eligible,683.2714918374536
16682.0,0.0,0.0,4.0,0.0,525.5,,Not Eligible - One-Time Customer,525.5
16683.0,0.0,0.0,350.0,0.0,320.25,,Not Eligible - One-Time Customer,320.25
16684.0,26.0,527.0,549.0,4016.001153846154,105565.15,59370.50656041179,Predicted CLV Eligible,59370.50656041179
16686.0,10.0,539.0,550.0,295.288,3116.82,1737.733687860148,Predicted CLV Eligible,1737.733687860148
16687.0,0.0,0.0,207.0,0.0,157.63,,Not Eligible - One-Time Customer,157.63
16690.0,2.0,250.0,268.0,84.075,213.95,234.8504849859492,Predicted CLV Eligible,234.8504849859492
16691.0,1.0,143.0,378.0,142.95,178.82999999999998,144.72182998439183,Predicted CLV Eligible,144.72182998439183
16692.0,3.0,185.0,258.0,447.8333333333333,1914.6999999999998,1688.375336257626,Predicted CLV Eligible,1688.375336257626
16693.0,3.0,385.0,473.0,216.35,855.03,491.336836840963,Predicted CLV Eligible,491.336836840963
16694.0,0.0,0.0,540.0,0.0,98.30000000000001,,Not Eligible - One-Time Customer,98.30000000000001
16695.0,0.0,0.0,378.0,0.0,191.9,,Not Eligible - One-Time Customer,191.9
16696.0,2.0,45.0,65.0,261.75,558.9000000000001,1864.2526140523664,Predicted CLV Eligible,1864.2526140523664
16697.0,0.0,0.0,58.0,0.0,112.75,,Not Eligible - One-Time Customer,112.75
16698.0,1.0,27.0,70.0,816.0,1998.0,2950.5999493636004,Predicted CLV Eligible,2950.5999493636004
16699.0,6.0,355.0,552.0,142.86666666666667,994.6,503.84608807862105,Predicted CLV Eligible,503.84608807862105
16700.0,15.0,536.0,554.0,418.9166666666667,6702.45,3603.4368111669382,Predicted CLV Eligible,3603.4368111669382
16701.0,18.0,549.0,555.0,352.14444444444445,6716.72,3610.204461752719,Predicted CLV Eligible,3610.204461752719
16702.0,3.0,317.0,549.0,296.43666666666667,1110.83,569.1515868636192,Predicted CLV Eligible,569.1515868636192
16704.0,1.0,54.0,489.0,121.85,664.16,62.698733239836535,Predicted CLV Eligible,62.698733239836535
16705.0,17.0,523.0,547.0,1931.7194705882353,36088.551,18937.782036989476,Predicted CLV Eligible,18937.782036989476
16707.0,3.0,240.0,457.0,121.70666666666666,533.41,277.43465900355284,Predicted CLV Eligible,277.43465900355284
16709.0,10.0,531.0,547.0,676.243,8010.73,3989.6139611394524,Predicted CLV Eligible,3989.6139611394524
16710.0,17.0,528.0,552.0,276.6605882352941,5082.19,2695.7343925808923,Predicted CLV Eligible,2695.7343925808923
16711.0,5.0,435.0,554.0,295.21000000000004,1816.25,900.9541582950776,Predicted CLV Eligible,900.9541582950776
16712.0,3.0,189.0,218.0,399.4066666666667,1819.78,1742.524906844143,Predicted CLV Eligible,1742.524906844143
16713.0,23.0,489.0,541.0,402.23869565217393,9816.41,5324.641499045547,Predicted CLV Eligible,5324.641499045547
16714.0,2.0,452.0,487.0,564.53,1497.33,888.9595527799534,Predicted CLV Eligible,888.9595527799534
16715.0,0.0,0.0,379.0,0.0,323.8,,Not Eligible - One-Time Customer,323.8
16716.0,2.0,364.0,447.0,450.6,2149.6800000000003,763.4349186697202,Predicted CLV Eligible,763.4349186697202
16717.0,6.0,366.0,549.0,456.91,3127.8500000000004,1617.3837922759192,Predicted CLV Eligible,1617.3837922759192
16718.0,4.0,364.0,550.0,589.565,3006.08,1458.2845089539712,Predicted CLV Eligible,1458.2845089539712
16719.0,10.0,491.0,543.0,237.44300000000004,2719.08,1411.1759688667917,Predicted CLV Eligible,1411.1759688667917
16720.0,1.0,346.0,539.0,445.72,605.79,348.09667166536394,Predicted CLV Eligible,348.09667166536394
16721.0,0.0,0.0,79.0,0.0,292.47,,Not Eligible - One-Time Customer,292.47
16722.0,13.0,536.0,553.0,390.9407692307692,5422.01,2935.9794564651993,Predicted CLV Eligible,2935.9794564651993
16723.0,1.0,292.0,552.0,228.53,654.96,172.00072728980655,Predicted CLV Eligible,172.00072728980655
16724.0,0.0,0.0,221.0,0.0,147.35,,Not Eligible - One-Time Customer,147.35
16725.0,11.0,424.0,543.0,134.86636363636364,1688.26,864.808720902196,Predicted CLV Eligible,864.808720902196
16726.0,4.0,215.0,228.0,290.0175,1482.3,1573.2067965131116,Predicted CLV Eligible,1573.2067965131116
16727.0,3.0,324.0,505.0,284.27666666666664,1377.77,596.266112104365,Predicted CLV Eligible,596.266112104365
16728.0,1.0,28.0,81.0,102.44,326.93,367.80551303925483,Predicted CLV Eligible,367.80551303925483
16729.0,7.0,51.0,58.0,373.4957142857143,3118.7400000000002,8386.126509768355,Predicted CLV Eligible,8386.126509768355
16730.0,1.0,85.0,136.0,293.92,480.94,730.9827098056438,Predicted CLV Eligible,730.9827098056438
16731.0,0.0,0.0,465.0,0.0,170.3,,Not Eligible - One-Time Customer,170.3
16732.0,2.0,328.0,548.0,1495.525,3783.8900000000003,2044.4728287127941,Predicted CLV Eligible,2044.4728287127941
16733.0,0.0,0.0,346.0,0.0,259.68,,Not Eligible - One-Time Customer,259.68
16735.0,9.0,492.0,548.0,519.6033333333334,5014.77,2764.348437379187,Predicted CLV Eligible,2764.348437379187
16736.0,4.0,231.0,553.0,432.645,2956.56,935.8973390838488,Predicted CLV Eligible,935.8973390838488
16737.0,0.0,0.0,394.0,0.0,417.59999999999997,,Not Eligible - One-Time Customer,417.59999999999997
16738.0,0.0,0.0,114.0,0.0,3.75,,Not Eligible - One-Time Customer,3.75
16739.0,0.0,0.0,353.0,0.0,463.43,,Not Eligible - One-Time Customer,463.43
16740.0,0.0,0.0,212.0,0.0,226.91,,Not Eligible - One-Time Customer,226.91
16741.0,0.0,0.0,442.0,0.0,173.06,,Not Eligible - One-Time Customer,173.06
16742.0,12.0,231.0,540.0,176.24166666666667,2334.97,73.52624197201744,Predicted CLV Eligible,73.52624197201744
16743.0,9.0,385.0,413.0,305.8122222222222,3060.77,2102.1982938085234,Predicted CLV Eligible,2102.1982938085234
16745.0,8.0,100.0,128.0,416.89125,3574.4300000000003,6502.960882066019,Predicted CLV Eligible,6502.960882066019
16746.0,30.0,541.0,552.0,462.37233333333336,14238.27,7838.71309846587,Predicted CLV Eligible,7838.71309846587
16748.0,11.0,512.0,546.0,266.7390909090909,3031.63,1728.1030956461948,Predicted CLV Eligible,1728.1030956461948
16749.0,1.0,133.0,541.0,1814.16,4157.88,1057.8718154633211,Predicted CLV Eligible,1057.8718154633211
16750.0,0.0,0.0,49.0,0.0,118.7,,Not Eligible - One-Time Customer,118.7
16752.0,0.0,0.0,189.0,0.0,207.5,,Not Eligible - One-Time Customer,207.5
16754.0,18.0,269.0,458.0,3505.8927777777776,65500.07,6701.878634220476,Predicted CLV Eligible,6701.878634220476
16755.0,5.0,504.0,547.0,418.02799999999996,2297.72,1297.599368144731,Predicted CLV Eligible,1297.599368144731
16756.0,6.0,426.0,457.0,173.13833333333332,1312.3700000000001,750.595515507535,Predicted CLV Eligible,750.595515507535
16757.0,1.0,91.0,226.0,106.83000000000001,270.48,177.66591651941675,Predicted CLV Eligible,177.66591651941675
16760.0,0.0,0.0,247.0,0.0,228.0,,Not Eligible - One-Time Customer,228.0
16763.0,1.0,540.0,555.0,611.85,964.7,491.32774065205894,Predicted CLV Eligible,491.32774065205894
16765.0,1.0,88.0,199.0,34.0,454.75,77.49570955522167,Predicted CLV Eligible,77.49570955522167
16766.0,0.0,0.0,90.0,0.0,1145.6,,Not Eligible - One-Time Customer,1145.6
16767.0,6.0,371.0,407.0,723.3433333333332,5125.219999999999,3442.6669597954788,Predicted CLV Eligible,3442.6669597954788
16768.0,6.0,461.0,549.0,196.45833333333334,1403.73,718.0763389097399,Predicted CLV Eligible,718.0763389097399
16769.0,2.0,465.0,542.0,361.295,1117.0500000000002,517.8744296109749,Predicted CLV Eligible,517.8744296109749
16770.0,7.0,238.0,291.0,214.62857142857143,1671.21,1572.4242157921167,Predicted CLV Eligible,1572.4242157921167
16771.0,7.0,455.0,547.0,450.77714285714285,3358.74,1892.8495041836063,Predicted CLV Eligible,1892.8495041836063
16772.0,2.0,298.0,538.0,1400.6,3698.05,1931.7214298000106,Predicted CLV Eligible,1931.7214298000106
16773.0,1.0,297.0,550.0,111.9,249.65,89.1973228920728,Predicted CLV Eligible,89.1973228920728
16774.0,3.0,238.0,478.0,183.75333333333333,905.96,394.28810423910693,Predicted CLV Eligible,394.28810423910693
16775.0,8.0,237.0,259.0,214.1225,1821.1299999999999,1966.0567829149895,Predicted CLV Eligible,1966.0567829149895
16776.0,0.0,0.0,232.0,0.0,220.97,,Not Eligible - One-Time Customer,220.97
16777.0,3.0,375.0,449.0,348.3500000000001,1243.0800000000002,824.1208509897285,Predicted CLV Eligible,824.1208509897285
16778.0,0.0,0.0,91.0,0.0,93.18,,Not Eligible - One-Time Customer,93.18
16779.0,39.0,517.0,553.0,636.7015384615385,25978.07,13887.854556468043,Predicted CLV Eligible,13887.854556468043
16780.0,1.0,148.0,224.0,161.89,336.04999999999995,284.41185240840304,Predicted CLV Eligible,284.41185240840304
16781.0,1.0,297.0,486.0,311.25,623.0,267.5681278241718,Predicted CLV Eligible,267.5681278241718
16782.0,29.0,526.0,547.0,293.8989655172414,8704.52,4858.379296682463,Predicted CLV Eligible,4858.379296682463
16783.0,0.0,0.0,253.0,0.0,391.95,,Not Eligible - One-Time Customer,391.95
16784.0,3.0,245.0,438.0,191.42,784.73,452.3403607087534,Predicted CLV Eligible,452.3403607087534
16785.0,0.0,0.0,226.0,0.0,533.78,,Not Eligible - One-Time Customer,533.78
16786.0,0.0,0.0,210.0,0.0,51.839999999999996,,Not Eligible - One-Time Customer,51.839999999999996
16787.0,3.0,301.0,515.0,258.66333333333336,1017.53,528.2730547916663,Predicted CLV Eligible,528.2730547916663
16788.0,3.0,416.0,487.0,405.55,1629.0100000000002,891.7587125234048,Predicted CLV Eligible,891.7587125234048
16791.0,9.0,523.0,553.0,279.4088888888889,2819.6,1480.3951658252768,Predicted CLV Eligible,1480.3951658252768
16792.0,3.0,422.0,521.0,137.39000000000001,623.46,288.89791998310545,Predicted CLV Eligible,288.89791998310545
16794.0,4.0,244.0,441.0,156.2925,856.2,465.8441196843942,Predicted CLV Eligible,465.8441196843942
16795.0,2.0,318.0,500.0,727.2950000000001,2062.4100000000003,1090.9962400847257,Predicted CLV Eligible,1090.9962400847257
16797.0,4.0,344.0,554.0,406.285,1802.02,992.330021849623,Predicted CLV Eligible,992.330021849623
16798.0,2.0,175.0,546.0,316.13,841.16,392.94965810431415,Predicted CLV Eligible,392.94965810431415
16799.0,1.0,21.0,270.0,212.29,452.78,196.4714368438526,Predicted CLV Eligible,196.4714368438526
16801.0,2.0,81.0,90.0,350.74,1453.38,2068.8789327884965,Predicted CLV Eligible,2068.8789327884965
16802.0,1.0,51.0,547.0,323.5,582.61,127.73654226002223,Predicted CLV Eligible,127.73654226002223
16804.0,0.0,0.0,87.0,0.0,118.05,,Not Eligible - One-Time Customer,118.05
16805.0,3.0,371.0,548.0,276.84,845.52,541.9814819790491,Predicted CLV Eligible,541.9814819790491
16806.0,1.0,19.0,56.0,169.13,396.63,728.2843415918139,Predicted CLV Eligible,728.2843415918139
16807.0,4.0,408.0,440.0,345.01750000000004,1654.1200000000001,1069.1963025348737,Predicted CLV Eligible,1069.1963025348737
16808.0,0.0,0.0,91.0,0.0,166.5,,Not Eligible - One-Time Customer,166.5
16809.0,5.0,397.0,422.0,178.882,1155.82,706.0886256022936,Predicted CLV Eligible,706.0886256022936
16810.0,1.0,228.0,237.0,309.54,842.04,526.4279319809089,Predicted CLV Eligible,526.4279319809089
16812.0,3.0,22.0,199.0,427.4166666666667,2392.0,1280.736926057656,Predicted CLV Eligible,1280.736926057656
16813.0,1.0,13.0,21.0,110.55,301.65999999999997,758.5422315916634,Predicted CLV Eligible,758.5422315916634
16814.0,26.0,415.0,424.0,338.5857692307692,9606.01,6321.416696234194,Predicted CLV Eligible,6321.416696234194
16815.0,1.0,83.0,353.0,172.9,406.02,161.45851656310654,Predicted CLV Eligible,161.45851656310654
16816.0,1.0,45.0,175.0,249.67000000000002,325.45000000000005,450.0846104257797,Predicted CLV Eligible,450.0846104257797
16817.0,10.0,246.0,248.0,187.005,2135.38,2199.888425824369,Predicted CLV Eligible,2199.888425824369
16818.0,2.0,14.0,22.0,296.775,1147.97,3301.21659469057,Predicted CLV Eligible,3301.21659469057
16819.0,0.0,0.0,282.0,0.0,182.59,,Not Eligible - One-Time Customer,182.59
16821.0,0.0,0.0,198.0,0.0,113.35,,Not Eligible - One-Time Customer,113.35
16822.0,0.0,0.0,503.0,0.0,181.39,,Not Eligible - One-Time Customer,181.39
16823.0,6.0,510.0,554.0,342.29833333333335,2243.09,1240.6428430474593,Predicted CLV Eligible,1240.6428430474593
16824.0,0.0,0.0,210.0,0.0,225.6,,Not Eligible - One-Time Customer,225.6
16825.0,3.0,349.0,351.0,335.7033333333333,1370.4099999999999,991.560254204921,Predicted CLV Eligible,991.560254204921
16827.0,4.0,196.0,406.0,85.92,392.13,271.0887547974873,Predicted CLV Eligible,271.0887547974873
16829.0,0.0,0.0,205.0,0.0,316.1,,Not Eligible - One-Time Customer,316.1
16830.0,2.0,284.0,543.0,290.58500000000004,881.59,400.94380515166364,Predicted CLV Eligible,400.94380515166364
16831.0,0.0,0.0,381.0,0.0,91.8,,Not Eligible - One-Time Customer,91.8
16832.0,4.0,274.0,275.0,76.6525,417.61,367.1051889105513,Predicted CLV Eligible,367.1051889105513
16833.0,3.0,364.0,440.0,553.64,1973.8,1327.529830608402,Predicted CLV Eligible,1327.529830608402
16834.0,1.0,447.0,491.0,413.46,898.96,371.1612604961465,Predicted CLV Eligible,371.1612604961465
16835.0,4.0,196.0,386.0,263.9825,1357.56,864.2080141388429,Predicted CLV Eligible,864.2080141388429
16836.0,1.0,168.0,391.0,309.75,530.5,300.8750672945534,Predicted CLV Eligible,300.8750672945534
16837.0,5.0,48.0,62.0,333.2,1814.7400000000002,5301.948849426598,Predicted CLV Eligible,5301.948849426598
16838.0,3.0,466.0,480.0,272.79333333333335,1159.6100000000001,613.1737646924938,Predicted CLV Eligible,613.1737646924938
16839.0,23.0,481.0,483.0,516.6239130434783,12207.17,7618.488909677415,Predicted CLV Eligible,7618.488909677415
16840.0,1.0,71.0,491.0,32.1,139.85,22.804656376668593,Predicted CLV Eligible,22.804656376668593
16841.0,8.0,511.0,513.0,348.25875,3079.42,1769.0137049077803,Predicted CLV Eligible,1769.0137049077803
16842.0,0.0,0.0,119.0,0.0,520.5699999999999,,Not Eligible - One-Time Customer,520.5699999999999
16843.0,19.0,532.0,546.0,657.1668421052632,13216.76,7197.874726386488,Predicted CLV Eligible,7197.874726386488
16844.0,1.0,20.0,399.0,311.99,614.34,153.7112444573358,Predicted CLV Eligible,153.7112444573358
16845.0,0.0,0.0,435.0,0.0,253.88,,Not Eligible - One-Time Customer,253.88
16846.0,1.0,62.0,456.0,272.23,628.09,156.939040096732,Predicted CLV Eligible,156.939040096732
16847.0,0.0,0.0,435.0,0.0,421.45000000000005,,Not Eligible - One-Time Customer,421.45000000000005
16848.0,1.0,56.0,249.0,378.25,1130.2,473.54111366535545,Predicted CLV Eligible,473.54111366535545
16849.0,0.0,0.0,3.0,0.0,124.57,,Not Eligible - One-Time Customer,124.57
16850.0,0.0,0.0,150.0,0.0,332.41,,Not Eligible - One-Time Customer,332.41
16854.0,1.0,223.0,457.0,118.15,1408.96,108.58925771259418,Predicted CLV Eligible,108.58925771259418
16856.0,1.0,25.0,259.0,139.31,323.09000000000003,145.35721773490604,Predicted CLV Eligible,145.35721773490604
16857.0,0.0,0.0,259.0,0.0,352.8,,Not Eligible - One-Time Customer,352.8
16858.0,9.0,356.0,541.0,443.8588888888889,4292.59,2232.7564123319285,Predicted CLV Eligible,2232.7564123319285
16859.0,4.0,384.0,462.0,296.66749999999996,1444.44,877.8957274409555,Predicted CLV Eligible,877.8957274409555
16860.0,2.0,210.0,479.0,546.75,1610.6200000000001,816.9992367062116,Predicted CLV Eligible,816.9992367062116
16861.0,2.0,118.0,325.0,317.71500000000003,772.8299999999999,658.0121258670225,Predicted CLV Eligible,658.0121258670225
16862.0,3.0,154.0,518.0,165.57666666666668,662.33,273.5478158887321,Predicted CLV Eligible,273.5478158887321
16863.0,1.0,43.0,226.0,164.25,495.72,226.06321333705017,Predicted CLV Eligible,226.06321333705017
16864.0,1.0,164.0,415.0,297.53,409.25,268.46888473586523,Predicted CLV Eligible,268.46888473586523
16865.0,0.0,0.0,218.0,0.0,130.95,,Not Eligible - One-Time Customer,130.95
16867.0,0.0,0.0,506.0,0.0,76.74000000000001,,Not Eligible - One-Time Customer,76.74000000000001
16868.0,2.0,199.0,410.0,100.33,384.56,183.43971480705568,Predicted CLV Eligible,183.43971480705568
16870.0,0.0,0.0,286.0,0.0,450.15999999999997,,Not Eligible - One-Time Customer,450.15999999999997
16871.0,2.0,60.0,87.0,751.4,2037.82,4451.036261970923,Predicted CLV Eligible,4451.036261970923
16872.0,3.0,279.0,280.0,268.67333333333335,921.47,964.019304848289,Predicted CLV Eligible,964.019304848289
16873.0,8.0,471.0,485.0,1158.315,10727.22,6166.724472603096,Predicted CLV Eligible,6166.724472603096
16874.0,0.0,0.0,196.0,0.0,209.89000000000001,,Not Eligible - One-Time Customer,209.89000000000001
16875.0,6.0,407.0,520.0,383.2516666666667,2944.09,1457.3637231595894,Predicted CLV Eligible,1457.3637231595894
16876.0,0.0,0.0,220.0,0.0,136.01,,Not Eligible - One-Time Customer,136.01
16877.0,0.0,0.0,25.0,0.0,77.75,,Not Eligible - One-Time Customer,77.75
16880.0,1.0,304.0,310.0,269.88,591.66,370.27159424286646,Predicted CLV Eligible,370.27159424286646
16882.0,1.0,78.0,134.0,205.8,215.70000000000002,521.4954442363507,Predicted CLV Eligible,521.4954442363507
16883.0,17.0,548.0,552.0,125.71235294117648,2246.06,1229.8024196876274,Predicted CLV Eligible,1229.8024196876274
16884.0,1.0,14.0,387.0,223.23,641.13,108.57877709215607,Predicted CLV Eligible,108.57877709215607
16885.0,1.0,28.0,202.0,177.95,412.14,256.0659903011348,Predicted CLV Eligible,256.0659903011348
16886.0,0.0,0.0,273.0,0.0,134.0,,Not Eligible - One-Time Customer,134.0
16887.0,1.0,338.0,555.0,246.01999999999998,465.84,189.06348702363152,Predicted CLV Eligible,189.06348702363152
16888.0,2.0,301.0,518.0,117.05499999999999,434.2,175.64057189090335,Predicted CLV Eligible,175.64057189090335
16889.0,5.0,371.0,382.0,433.93,2526.65,1856.5520776939118,Predicted CLV Eligible,1856.5520776939118
16890.0,2.0,106.0,399.0,58.56,285.40999999999997,100.7144147665824,Predicted CLV Eligible,100.7144147665824
16891.0,6.0,364.0,552.0,150.84833333333333,1202.77,534.6815097881909,Predicted CLV Eligible,534.6815097881909
16892.0,1.0,177.0,548.0,139.01,236.56,94.9045985082377,Predicted CLV Eligible,94.9045985082377
16893.0,1.0,10.0,193.0,145.93,249.89000000000001,195.04816967780604,Predicted CLV Eligible,195.04816967780604
16894.0,1.0,33.0,352.0,17.0,1306.96,19.03977261098427,Predicted CLV Eligible,19.03977261098427
16895.0,3.0,227.0,482.0,250.08,900.63,523.7800755584313,Predicted CLV Eligible,523.7800755584313
16896.0,0.0,0.0,372.0,0.0,103.95,,Not Eligible - One-Time Customer,103.95
16897.0,1.0,14.0,130.0,76.75,289.78,177.39155658281734,Predicted CLV Eligible,177.39155658281734
16898.0,2.0,208.0,393.0,151.81,496.26,285.7965685929313,Predicted CLV Eligible,285.7965685929313
16899.0,3.0,190.0,214.0,168.86666666666667,772.26,758.1146742412243,Predicted CLV Eligible,758.1146742412243
16901.0,0.0,0.0,546.0,0.0,204.26,,Not Eligible - One-Time Customer,204.26
16903.0,1.0,35.0,232.0,246.99,678.55,308.2711811421511,Predicted CLV Eligible,308.2711811421511
16904.0,8.0,186.0,228.0,257.96,2256.76,2610.82326080755,Predicted CLV Eligible,2610.82326080755
16905.0,11.0,493.0,546.0,206.3181818181818,2491.35,1336.0016425044848,Predicted CLV Eligible,1336.0016425044848
16906.0,4.0,389.0,392.0,225.24,1244.32,777.6124306324424,Predicted CLV Eligible,777.6124306324424
16907.0,6.0,292.0,343.0,161.43166666666667,1073.24,897.5756210582186,Predicted CLV Eligible,897.5756210582186
16908.0,0.0,0.0,539.0,0.0,252.59,,Not Eligible - One-Time Customer,252.59
16911.0,1.0,26.0,478.0,115.9,255.25000000000003,47.82833425816925,Predicted CLV Eligible,47.82833425816925
16912.0,6.0,523.0,547.0,444.4983333333333,3050.79,1629.4647620267322,Predicted CLV Eligible,1629.4647620267322
16913.0,1.0,361.0,468.0,113.44,423.90999999999997,111.52166090151934,Predicted CLV Eligible,111.52166090151934
16915.0,6.0,321.0,386.0,131.42333333333332,1088.29,660.5616117215772,Predicted CLV Eligible,660.5616117215772
16916.0,2.0,43.0,232.0,209.22500000000002,536.04,521.0083960620539,Predicted CLV Eligible,521.0083960620539
16917.0,1.0,356.0,449.0,391.52,1851.88,374.3607021726078,Predicted CLV Eligible,374.3607021726078
16918.0,9.0,419.0,553.0,243.53444444444443,2413.5,1265.8984896768143,Predicted CLV Eligible,1265.8984896768143
16919.0,19.0,285.0,294.0,221.88947368421051,4372.76,4188.305536872927,Predicted CLV Eligible,4188.305536872927
16920.0,0.0,0.0,228.0,0.0,355.45,,Not Eligible - One-Time Customer,355.45
16921.0,1.0,158.0,417.0,113.47,255.03,107.01401641550478,Predicted CLV Eligible,107.01401641550478
16922.0,0.0,0.0,389.0,0.0,611.08,,Not Eligible - One-Time Customer,611.08
16923.0,21.0,490.0,494.0,440.18142857142857,9772.79,5821.862751149296,Predicted CLV Eligible,5821.862751149296
16925.0,0.0,0.0,357.0,0.0,125.65,,Not Eligible - One-Time Customer,125.65
16926.0,4.0,155.0,343.0,191.325,1169.61,677.5535894872687,Predicted CLV Eligible,677.5535894872687
16927.0,1.0,85.0,178.0,123.35,341.45,253.7679516949748,Predicted CLV Eligible,253.7679516949748
16928.0,17.0,484.0,491.0,121.92294117647059,2184.89,1325.7660432558355,Predicted CLV Eligible,1325.7660432558355
16931.0,10.0,203.0,214.0,216.35100000000003,2380.46,2861.028492107206,Predicted CLV Eligible,2861.028492107206
16932.0,1.0,148.0,388.0,147.09,262.32,145.36938813481856,Predicted CLV Eligible,145.36938813481856
16933.0,6.0,491.0,547.0,367.635,2760.8,1346.204246188233,Predicted CLV Eligible,1346.204246188233
16934.0,3.0,238.0,438.0,256.6366666666667,1152.1100000000001,600.9868366194395,Predicted CLV Eligible,600.9868366194395
16935.0,2.0,40.0,238.0,133.425,530.86,321.8230438530406,Predicted CLV Eligible,321.8230438530406
16936.0,0.0,0.0,202.0,0.0,286.39,,Not Eligible - One-Time Customer,286.39
16937.0,0.0,0.0,316.0,0.0,196.25,,Not Eligible - One-Time Customer,196.25
16938.0,5.0,352.0,477.0,738.392,4551.28,2555.064510687459,Predicted CLV Eligible,2555.064510687459
16939.0,2.0,161.0,466.0,133.875,433.85,202.09008389037587,Predicted CLV Eligible,202.09008389037587
16940.0,5.0,442.0,548.0,695.722,4135.46,2138.407580100354,Predicted CLV Eligible,2138.407580100354
16941.0,0.0,0.0,428.0,0.0,33.0,,Not Eligible - One-Time Customer,33.0
16942.0,2.0,38.0,44.0,311.6,898.54,2697.4612815976957,Predicted CLV Eligible,2697.4612815976957
16943.0,4.0,413.0,441.0,264.5275,1299.49,820.4458527760745,Predicted CLV Eligible,820.4458527760745
16944.0,0.0,0.0,426.0,0.0,101.36,,Not Eligible - One-Time Customer,101.36
16945.0,14.0,529.0,547.0,404.88500000000005,5976.34,3296.9428576499877,Predicted CLV Eligible,3296.9428576499877
16946.0,4.0,264.0,464.0,140.675,1222.04,403.40204375810737,Predicted CLV Eligible,403.40204375810737
16947.0,3.0,411.0,463.0,148.96,955.21,348.8350821940019,Predicted CLV Eligible,348.8350821940019
16948.0,5.0,395.0,473.0,112.678,674.29,403.1088301675385,Predicted CLV Eligible,403.1088301675385
16949.0,3.0,131.0,133.0,273.10999999999996,893.75,1742.6315985416697,Predicted CLV Eligible,1742.6315985416697
16950.0,7.0,317.0,501.0,305.8014285714285,2535.21,1326.6036024276316,Predicted CLV Eligible,1326.6036024276316
16951.0,0.0,0.0,121.0,0.0,1053.79,,Not Eligible - One-Time Customer,1053.79
16952.0,2.0,287.0,545.0,189.565,628.22,263.64934243802963,Predicted CLV Eligible,263.64934243802963
16954.0,13.0,436.0,507.0,345.7807692307692,4938.28,2790.280936015748,Predicted CLV Eligible,2790.280936015748
16955.0,5.0,493.0,494.0,161.98399999999998,1120.31,557.2664837687219,Predicted CLV Eligible,557.2664837687219
16957.0,1.0,42.0,98.0,301.8,416.64,906.7112690589577,Predicted CLV Eligible,906.7112690589577
16958.0,0.0,0.0,252.0,0.0,778.49,,Not Eligible - One-Time Customer,778.49
16960.0,5.0,395.0,464.0,248.276,1685.3600000000001,894.3701495425395,Predicted CLV Eligible,894.3701495425395
16961.0,1.0,144.0,349.0,398.34,560.39,421.4382153064044,Predicted CLV Eligible,421.4382153064044
16962.0,0.0,0.0,226.0,0.0,251.04,,Not Eligible - One-Time Customer,251.04
16963.0,0.0,0.0,4.0,0.0,110.55000000000001,,Not Eligible - One-Time Customer,110.55000000000001
16964.0,0.0,0.0,550.0,0.0,207.85,,Not Eligible - One-Time Customer,207.85
16965.0,0.0,0.0,43.0,0.0,201.19,,Not Eligible - One-Time Customer,201.19
16966.0,2.0,43.0,57.0,372.6,1154.4,2832.52841923243,Predicted CLV Eligible,2832.52841923243
16967.0,0.0,0.0,6.0,0.0,319.02,,Not Eligible - One-Time Customer,319.02
16969.0,0.0,0.0,8.0,0.0,397.36,,Not Eligible - One-Time Customer,397.36
16970.0,0.0,0.0,443.0,0.0,71.4,,Not Eligible - One-Time Customer,71.4
16972.0,1.0,74.0,273.0,472.05,749.0,562.8624400946635,Predicted CLV Eligible,562.8624400946635
16973.0,0.0,0.0,203.0,0.0,127.0,,Not Eligible - One-Time Customer,127.0
16974.0,1.0,42.0,381.0,276.25,365.5,182.3192316329405,Predicted CLV Eligible,182.3192316329405
16975.0,2.0,82.0,322.0,305.56,926.12,591.9656209187152,Predicted CLV Eligible,591.9656209187152
16976.0,0.0,0.0,84.0,0.0,251.51999999999998,,Not Eligible - One-Time Customer,251.51999999999998
16977.0,2.0,236.0,448.0,177.89999999999998,496.0,296.1805603363322,Predicted CLV Eligible,296.1805603363322
16978.0,0.0,0.0,483.0,0.0,424.55,,Not Eligible - One-Time Customer,424.55
16979.0,3.0,153.0,267.0,349.74666666666667,1354.89,1263.1779082203923,Predicted CLV Eligible,1263.1779082203923
16980.0,2.0,173.0,245.0,514.23,1422.83,1443.8830930671465,Predicted CLV Eligible,1443.8830930671465
16983.0,6.0,175.0,263.0,339.56333333333333,2207.0,2300.2334032097865,Predicted CLV Eligible,2300.2334032097865
16984.0,6.0,238.0,459.0,691.9783333333334,5891.01,2618.006927840567,Predicted CLV Eligible,2618.006927840567
16985.0,13.0,518.0,546.0,599.5576923076923,8374.4,4548.4708721135,Predicted CLV Eligible,4548.4708721135
16986.0,3.0,228.0,490.0,141.23333333333332,3015.5499999999997,294.0380725002755,Predicted CLV Eligible,294.0380725002755
16987.0,4.0,532.0,554.0,239.935,1117.65,607.4862527612366,Predicted CLV Eligible,607.4862527612366
16988.0,0.0,0.0,196.0,0.0,256.55,,Not Eligible - One-Time Customer,256.55
16990.0,1.0,204.0,239.0,179.0,344.0,306.3360653850591,Predicted CLV Eligible,306.3360653850591
16991.0,0.0,0.0,238.0,0.0,1041.21,,Not Eligible - One-Time Customer,1041.21
16992.0,9.0,467.0,483.0,490.94,4533.34,2934.8443138049297,Predicted CLV Eligible,2934.8443138049297
16993.0,1.0,113.0,393.0,1231.15,1950.95,1039.691975036588,Predicted CLV Eligible,1039.691975036588
16996.0,5.0,172.0,234.0,193.366,1367.5300000000002,1243.8942334381825,Predicted CLV Eligible,1243.8942334381825
16997.0,2.0,37.0,142.0,156.0,702.0,636.9057927079963,Predicted CLV Eligible,636.9057927079963
16998.0,2.0,240.0,261.0,143.55,394.1,398.58479221137753,Predicted CLV Eligible,398.58479221137753
17000.0,1.0,12.0,225.0,214.58,406.3,233.62378106521572,Predicted CLV Eligible,233.62378106521572
17001.0,11.0,417.0,441.0,352.35727272727274,4453.17,2763.2397869922506,Predicted CLV Eligible,2763.2397869922506
17002.0,4.0,426.0,458.0,463.745,2071.34,1383.9580937682817,Predicted CLV Eligible,1383.9580937682817
17003.0,2.0,176.0,395.0,341.925,828.21,613.8917781683759,Predicted CLV Eligible,613.8917781683759
17004.0,1.0,32.0,241.0,442.59000000000003,1012.22,506.40939566897805,Predicted CLV Eligible,506.40939566897805
17005.0,1.0,118.0,405.0,288.61,622.36,245.02874514316724,Predicted CLV Eligible,245.02874514316724
17006.0,3.0,252.0,461.0,224.57666666666668,853.49,503.70920655381343,Predicted CLV Eligible,503.70920655381343
17007.0,3.0,236.0,254.0,154.24333333333334,692.9000000000001,605.1221038036147,Predicted CLV Eligible,605.1221038036147
17008.0,0.0,0.0,246.0,0.0,81.36,,Not Eligible - One-Time Customer,81.36
17009.0,0.0,0.0,368.0,0.0,242.06,,Not Eligible - One-Time Customer,242.06
17011.0,1.0,4.0,468.0,68.28,400.79999999999995,22.27902727402204,Predicted CLV Eligible,22.27902727402204
17012.0,0.0,0.0,542.0,0.0,360.61,,Not Eligible - One-Time Customer,360.61
17015.0,0.0,0.0,2.0,0.0,520.55,,Not Eligible - One-Time Customer,520.55
17016.0,0.0,0.0,393.0,0.0,552.4,,Not Eligible - One-Time Customer,552.4
17017.0,14.0,532.0,553.0,578.5035714285715,8376.55,4660.706179274217,Predicted CLV Eligible,4660.706179274217
17018.0,4.0,409.0,551.0,355.25,1772.6,889.5520253262122,Predicted CLV Eligible,889.5520253262122
17019.0,8.0,476.0,554.0,390.935,3340.14,1841.4739172124223,Predicted CLV Eligible,1841.4739172124223
17020.0,1.0,104.0,463.0,618.76,935.62,413.72370165050853,Predicted CLV Eligible,413.72370165050853
17021.0,5.0,147.0,406.0,176.098,1182.22,508.9879430342397,Predicted CLV Eligible,508.9879430342397
17022.0,0.0,0.0,249.0,0.0,189.0,,Not Eligible - One-Time Customer,189.0
17023.0,2.0,280.0,514.0,328.91499999999996,800.1800000000001,478.3983996282841,Predicted CLV Eligible,478.3983996282841
17025.0,2.0,268.0,458.0,152.08499999999998,1152.8700000000001,252.40276236072964,Predicted CLV Eligible,252.40276236072964
17026.0,2.0,232.0,234.0,77.41499999999999,175.82999999999998,243.43953840808894,Predicted CLV Eligible,243.43953840808894
17027.0,5.0,446.0,546.0,145.29000000000002,866.3000000000001,454.0872886992989,Predicted CLV Eligible,454.0872886992989
17028.0,2.0,140.0,538.0,642.96,1593.83,750.0837496567272,Predicted CLV Eligible,750.0837496567272
17029.0,5.0,427.0,480.0,301.65999999999997,1779.3,1054.3948252788978,Predicted CLV Eligible,1054.3948252788978
17031.0,3.0,203.0,398.0,178.83333333333334,2393.5,454.95085806532563,Predicted CLV Eligible,454.95085806532563
17032.0,4.0,182.0,546.0,537.5174999999999,2984.3199999999997,992.6809800345787,Predicted CLV Eligible,992.6809800345787
17033.0,2.0,183.0,214.0,304.04999999999995,910.75,968.1975928782092,Predicted CLV Eligible,968.1975928782092
17034.0,2.0,226.0,330.0,241.125,672.7,533.0999456572567,Predicted CLV Eligible,533.0999456572567
17035.0,3.0,491.0,553.0,186.33,613.59,369.9904915198857,Predicted CLV Eligible,369.9904915198857
17036.0,0.0,0.0,200.0,0.0,176.9,,Not Eligible - One-Time Customer,176.9
17038.0,0.0,0.0,232.0,0.0,630.77,,Not Eligible - One-Time Customer,630.77
17039.0,0.0,0.0,421.0,0.0,1954.99,,Not Eligible - One-Time Customer,1954.99
17040.0,0.0,0.0,367.0,0.0,13.52,,Not Eligible - One-Time Customer,13.52
17041.0,2.0,240.0,417.0,333.9,888.21,589.4349347963944,Predicted CLV Eligible,589.4349347963944
17042.0,1.0,51.0,64.0,222.18,487.59,926.1140077637274,Predicted CLV Eligible,926.1140077637274
17043.0,4.0,464.0,547.0,164.0025,1033.07,420.56997464872376,Predicted CLV Eligible,420.56997464872376
17044.0,9.0,358.0,549.0,1113.7044444444446,11013.82,5485.651967978372,Predicted CLV Eligible,5485.651967978372
17045.0,2.0,182.0,246.0,83.775,528.1899999999999,248.63035065879367,Predicted CLV Eligible,248.63035065879367
17046.0,2.0,176.0,437.0,452.30500000000006,1264.0500000000002,725.939256740071,Predicted CLV Eligible,725.939256740071
17047.0,3.0,526.0,548.0,538.37,1937.76,1066.1790645308834,Predicted CLV Eligible,1066.1790645308834
17048.0,5.0,408.0,507.0,338.64,1906.73,1120.5287107434556,Predicted CLV Eligible,1120.5287107434556
17049.0,9.0,431.0,462.0,583.1955555555555,5869.3,3622.434363191042,Predicted CLV Eligible,3622.434363191042
17050.0,9.0,495.0,499.0,419.8666666666667,4080.34,2440.1062988274484,Predicted CLV Eligible,2440.1062988274484
17051.0,3.0,434.0,445.0,179.61333333333334,706.49,435.1232382699359,Predicted CLV Eligible,435.1232382699359
17054.0,2.0,38.0,62.0,302.375,918.8199999999999,2195.7092605000234,Predicted CLV Eligible,2195.7092605000234
17055.0,0.0,0.0,262.0,0.0,232.85,,Not Eligible - One-Time Customer,232.85
17056.0,0.0,0.0,555.0,0.0,128.60000000000002,,Not Eligible - One-Time Customer,128.60000000000002
17057.0,0.0,0.0,413.0,0.0,294.74,,Not Eligible - One-Time Customer,294.74
17058.0,1.0,40.0,56.0,236.94,819.6600000000001,1049.037739364795,Predicted CLV Eligible,1049.037739364795
17059.0,6.0,485.0,499.0,475.2583333333334,3281.85,1893.0961577497922,Predicted CLV Eligible,1893.0961577497922
17060.0,0.0,0.0,83.0,0.0,234.24,,Not Eligible - One-Time Customer,234.24
17061.0,4.0,40.0,49.0,327.87,3250.23,4821.469038306317,Predicted CLV Eligible,4821.469038306317
17062.0,5.0,126.0,256.0,141.156,889.75,792.5776187421793,Predicted CLV Eligible,792.5776187421793
17063.0,6.0,449.0,555.0,369.69166666666666,2496.76,1328.7227766389449,Predicted CLV Eligible,1328.7227766389449
17064.0,0.0,0.0,144.0,0.0,143.95,,Not Eligible - One-Time Customer,143.95
17065.0,0.0,0.0,454.0,0.0,194.7,,Not Eligible - One-Time Customer,194.7
17066.0,0.0,0.0,543.0,0.0,228.34,,Not Eligible - One-Time Customer,228.34
17067.0,1.0,7.0,548.0,227.72,454.53999999999996,52.13439925332337,Predicted CLV Eligible,52.13439925332337
17068.0,36.0,432.0,438.0,189.74833333333333,7084.39,4742.318429888143,Predicted CLV Eligible,4742.318429888143
17069.0,7.0,510.0,553.0,482.86428571428576,3880.6,2017.2727394141423,Predicted CLV Eligible,2017.2727394141423
17070.0,0.0,0.0,227.0,0.0,133.18,,Not Eligible - One-Time Customer,133.18
17071.0,7.0,497.0,501.0,300.09857142857146,2408.7,1376.3115647628033,Predicted CLV Eligible,1376.3115647628033
17072.0,0.0,0.0,442.0,0.0,273.35,,Not Eligible - One-Time Customer,273.35
17074.0,0.0,0.0,379.0,0.0,203.05,,Not Eligible - One-Time Customer,203.05
17075.0,8.0,472.0,542.0,238.86,2098.58,1151.3481820437223,Predicted CLV Eligible,1151.3481820437223
17076.0,4.0,462.0,552.0,167.04749999999999,735.8699999999999,424.46120349171684,Predicted CLV Eligible,424.46120349171684
17077.0,0.0,0.0,395.0,0.0,306.0,,Not Eligible - One-Time Customer,306.0
17080.0,5.0,257.0,343.0,92.636,746.23,438.6227568829077,Predicted CLV Eligible,438.6227568829077
17081.0,3.0,260.0,472.0,182.53333333333333,660.48,402.7886280023123,Predicted CLV Eligible,402.7886280023123
17082.0,3.0,406.0,541.0,818.9733333333334,3365.12,1619.2856207443376,Predicted CLV Eligible,1619.2856207443376
17083.0,7.0,373.0,485.0,441.59000000000003,3640.0299999999997,2053.3920025018797,Predicted CLV Eligible,2053.3920025018797
17084.0,0.0,0.0,213.0,0.0,2253.22,,Not Eligible - One-Time Customer,2253.22
17085.0,23.0,483.0,550.0,318.10086956521735,7499.92,4125.524619333026,Predicted CLV Eligible,4125.524619333026
17087.0,0.0,0.0,554.0,0.0,221.53,,Not Eligible - One-Time Customer,221.53
17088.0,0.0,0.0,70.0,0.0,1015.83,,Not Eligible - One-Time Customer,1015.83
17089.0,0.0,0.0,203.0,0.0,128.45,,Not Eligible - One-Time Customer,128.45
17090.0,7.0,281.0,325.0,170.54571428571427,1754.58,1143.3954541063931,Predicted CLV Eligible,1143.3954541063931
17091.0,13.0,538.0,540.0,414.29999999999995,5662.4,3180.815963169056,Predicted CLV Eligible,3180.815963169056
17092.0,6.0,398.0,492.0,597.5033333333333,3872.28,2389.906639451371,Predicted CLV Eligible,2389.906639451371
17093.0,0.0,0.0,409.0,0.0,235.88,,Not Eligible - One-Time Customer,235.88
17094.0,1.0,101.0,240.0,302.0,402.2,450.374435708542,Predicted CLV Eligible,450.374435708542
17095.0,5.0,425.0,541.0,298.03000000000003,1792.05,929.3540862722685,Predicted CLV Eligible,929.3540862722685
17096.0,7.0,294.0,372.0,319.2342857142857,2809.29,1885.424611460739,Predicted CLV Eligible,1885.424611460739
17097.0,2.0,106.0,247.0,143.82,476.58,395.7722302311725,Predicted CLV Eligible,395.7722302311725
17098.0,2.0,159.0,357.0,145.8,591.07,292.93564514843615,Predicted CLV Eligible,292.93564514843615
17099.0,0.0,0.0,350.0,0.0,582.17,,Not Eligible - One-Time Customer,582.17
17101.0,2.0,156.0,367.0,358.46,885.3199999999999,681.9852197495701,Predicted CLV Eligible,681.9852197495701
17102.0,0.0,0.0,78.0,0.0,25.5,,Not Eligible - One-Time Customer,25.5
17103.0,0.0,0.0,539.0,0.0,424.3,,Not Eligible - One-Time Customer,424.3
17104.0,0.0,0.0,240.0,0.0,474.03,,Not Eligible - One-Time Customer,474.03
17105.0,0.0,0.0,123.0,0.0,319.4,,Not Eligible - One-Time Customer,319.4
17106.0,0.0,0.0,206.0,0.0,481.58,,Not Eligible - One-Time Customer,481.58
17107.0,5.0,469.0,494.0,1552.482,9372.6,5266.423702658359,Predicted CLV Eligible,5266.423702658359
17108.0,0.0,0.0,480.0,0.0,174.95,,Not Eligible - One-Time Customer,174.95
17109.0,2.0,265.0,314.0,345.16,875.01,799.5243068412593,Predicted CLV Eligible,799.5243068412593
17110.0,1.0,90.0,427.0,146.1,336.6,109.99341346245544,Predicted CLV Eligible,109.99341346245544
17111.0,0.0,0.0,242.0,0.0,227.97,,Not Eligible - One-Time Customer,227.97
17112.0,0.0,0.0,319.0,0.0,197.57,,Not Eligible - One-Time Customer,197.57
17113.0,4.0,123.0,514.0,447.4925,2305.59,571.505359031672,Predicted CLV Eligible,571.505359031672
17114.0,3.0,126.0,151.0,101.28333333333332,444.44,601.3590896580904,Predicted CLV Eligible,601.3590896580904
17115.0,4.0,501.0,551.0,449.96500000000003,2234.01,1136.569010287605,Predicted CLV Eligible,1136.569010287605
17116.0,0.0,0.0,465.0,0.0,389.78,,Not Eligible - One-Time Customer,389.78
17117.0,0.0,0.0,105.0,0.0,116.19999999999999,,Not Eligible - One-Time Customer,116.19999999999999
17118.0,0.0,0.0,134.0,0.0,157.02,,Not Eligible - One-Time Customer,157.02
17120.0,0.0,0.0,50.0,0.0,307.46,,Not Eligible - One-Time Customer,307.46
17121.0,0.0,0.0,219.0,0.0,314.74,,Not Eligible - One-Time Customer,314.74
17122.0,2.0,111.0,316.0,165.08,432.18,354.393489572687,Predicted CLV Eligible,354.393489572687
17123.0,1.0,133.0,389.0,414.51,631.87,378.19984589258735,Predicted CLV Eligible,378.19984589258735
17124.0,0.0,0.0,2.0,0.0,294.24,,Not Eligible - One-Time Customer,294.24
17126.0,5.0,166.0,282.0,249.32,1528.65,1335.060165220779,Predicted CLV Eligible,1335.060165220779
17127.0,4.0,307.0,552.0,254.27000000000004,1155.0300000000002,613.6222650666089,Predicted CLV Eligible,613.6222650666089
17128.0,0.0,0.0,151.0,0.0,157.09,,Not Eligible - One-Time Customer,157.09
17129.0,0.0,0.0,337.0,0.0,31.85,,Not Eligible - One-Time Customer,31.85
17132.0,1.0,36.0,305.0,592.38,1220.9099999999999,505.4157949499497,Predicted CLV Eligible,505.4157949499497
17133.0,7.0,438.0,445.0,1370.7514285714285,12208.880000000001,6957.655154830037,Predicted CLV Eligible,6957.655154830037
17134.0,1.0,178.0,259.0,318.7,530.8,483.0968509228688,Predicted CLV Eligible,483.0968509228688
17135.0,4.0,290.0,396.0,228.15,1083.0,770.4748329183586,Predicted CLV Eligible,770.4748329183586
17136.0,0.0,0.0,479.0,0.0,231.68,,Not Eligible - One-Time Customer,231.68
17137.0,4.0,261.0,494.0,175.36,1099.81,465.6114404408803,Predicted CLV Eligible,465.6114404408803
17138.0,6.0,398.0,490.0,448.115,4417.27,1801.3949612916458,Predicted CLV Eligible,1801.3949612916458
17139.0,11.0,487.0,514.0,1184.2627272727273,13621.89,8081.010469561572,Predicted CLV Eligible,8081.010469561572
17140.0,0.0,0.0,64.0,0.0,454.12,,Not Eligible - One-Time Customer,454.12
17141.0,1.0,266.0,501.0,326.99,727.58,265.30920642895813,Predicted CLV Eligible,265.30920642895813
17142.0,3.0,445.0,501.0,349.9166666666667,1275.25,752.3783988277036,Predicted CLV Eligible,752.3783988277036
17143.0,1.0,98.0,332.0,238.16,880.97,247.2515289338043,Predicted CLV Eligible,247.2515289338043
17145.0,2.0,146.0,475.0,1111.94,3120.91,1540.668864517768,Predicted CLV Eligible,1540.668864517768
17146.0,11.0,412.0,492.0,422.1036363636364,5666.740000000001,2977.467957860089,Predicted CLV Eligible,2977.467957860089
17147.0,6.0,491.0,514.0,368.145,2458.4700000000003,1428.9301013218617,Predicted CLV Eligible,1428.9301013218617
17149.0,0.0,0.0,268.0,0.0,143.10000000000002,,Not Eligible - One-Time Customer,143.10000000000002
17150.0,5.0,357.0,550.0,243.74,1357.95,734.2738942103939,Predicted CLV Eligible,734.2738942103939
17151.0,0.0,0.0,552.0,0.0,231.90000000000003,,Not Eligible - One-Time Customer,231.90000000000003
17152.0,2.0,231.0,242.0,844.75,2016.5,2417.1178444495627,Predicted CLV Eligible,2417.1178444495627
17155.0,4.0,209.0,553.0,124.425,640.76,256.8514762431884,Predicted CLV Eligible,256.8514762431884
17156.0,0.0,0.0,308.0,0.0,591.87,,Not Eligible - One-Time Customer,591.87
17157.0,15.0,255.0,552.0,300.0493333333333,4832.900000000001,56.748700100983925,Predicted CLV Eligible,56.748700100983925
17158.0,3.0,410.0,459.0,371.02666666666664,1411.58,862.4357456108927,Predicted CLV Eligible,862.4357456108927
17159.0,1.0,168.0,462.0,299.41,560.71,238.9849903528541,Predicted CLV Eligible,238.9849903528541
17160.0,12.0,510.0,552.0,589.1883333333334,7896.2,4095.1132454597964,Predicted CLV Eligible,4095.1132454597964
17161.0,0.0,0.0,261.0,0.0,856.01,,Not Eligible - One-Time Customer,856.01
17162.0,3.0,115.0,122.0,246.95666666666668,1165.28,1674.4146417697575,Predicted CLV Eligible,1674.4146417697575
17163.0,1.0,230.0,492.0,265.44,406.68,214.4270350602996,Predicted CLV Eligible,214.4270350602996
17164.0,1.0,61.0,90.0,316.09,943.22,1047.900059365095,Predicted CLV Eligible,1047.900059365095
17165.0,5.0,444.0,545.0,283.73199999999997,1794.3200000000002,881.2409139571765,Predicted CLV Eligible,881.2409139571765
17166.0,0.0,0.0,20.0,0.0,127.59,,Not Eligible - One-Time Customer,127.59
17167.0,2.0,66.0,262.0,304.71000000000004,867.11,715.3793509511728,Predicted CLV Eligible,715.3793509511728
17168.0,0.0,0.0,315.0,0.0,400.2,,Not Eligible - One-Time Customer,400.2
17169.0,0.0,0.0,395.0,0.0,320.95,,Not Eligible - One-Time Customer,320.95
17170.0,1.0,15.0,206.0,106.2,178.68,140.7898809903312,Predicted CLV Eligible,140.7898809903312
17171.0,1.0,372.0,478.0,224.91,384.59000000000003,207.16980397607648,Predicted CLV Eligible,207.16980397607648
17172.0,1.0,296.0,543.0,301.99,638.81,229.52621919142592,Predicted CLV Eligible,229.52621919142592
17174.0,0.0,0.0,34.0,0.0,59.9,,Not Eligible - One-Time Customer,59.9
17175.0,0.0,0.0,113.0,0.0,519.08,,Not Eligible - One-Time Customer,519.08
17176.0,2.0,476.0,494.0,307.99,902.3199999999999,483.59950115612526,Predicted CLV Eligible,483.59950115612526
17177.0,0.0,0.0,322.0,0.0,119.5,,Not Eligible - One-Time Customer,119.5
17178.0,0.0,0.0,548.0,0.0,432.96,,Not Eligible - One-Time Customer,432.96
17179.0,4.0,330.0,379.0,272.65250000000003,1283.78,963.5407798388806,Predicted CLV Eligible,963.5407798388806
17180.0,8.0,446.0,504.0,229.36124999999998,2005.6,1181.888527354614,Predicted CLV Eligible,1181.888527354614
17181.0,1.0,222.0,412.0,155.52,225.45000000000002,156.8969219604726,Predicted CLV Eligible,156.8969219604726
17182.0,1.0,296.0,535.0,142.8,321.3,114.96536097757377,Predicted CLV Eligible,114.96536097757377
17184.0,1.0,161.0,547.0,147.86,198.41000000000003,97.5684865957234,Predicted CLV Eligible,97.5684865957234
17185.0,1.0,7.0,415.0,105.71000000000001,229.46,43.109830281043045,Predicted CLV Eligible,43.109830281043045
17187.0,1.0,300.0,343.0,203.95,467.71,256.76519291019804,Predicted CLV Eligible,256.76519291019804
17188.0,8.0,416.0,548.0,401.89,3543.1400000000003,1888.1356078271153,Predicted CLV Eligible,1888.1356078271153
17189.0,3.0,378.0,554.0,189.36333333333334,796.45,369.6642962127159,Predicted CLV Eligible,369.6642962127159
17190.0,3.0,437.0,461.0,357.1366666666667,1476.83,828.890191819181,Predicted CLV Eligible,828.890191819181
17191.0,9.0,547.0,555.0,347.84666666666664,3392.36,1837.2407541704379,Predicted CLV Eligible,1837.2407541704379
17192.0,0.0,0.0,353.0,0.0,75.28,,Not Eligible - One-Time Customer,75.28
17193.0,1.0,351.0,554.0,565.74,610.74,427.5092674673338,Predicted CLV Eligible,427.5092674673338
17194.0,2.0,257.0,347.0,131.31,812.5,284.91700625505854,Predicted CLV Eligible,284.91700625505854
17195.0,0.0,0.0,472.0,0.0,562.98,,Not Eligible - One-Time Customer,562.98
17196.0,0.0,0.0,244.0,0.0,327.75,,Not Eligible - One-Time Customer,327.75
17198.0,1.0,6.0,188.0,249.65,521.66,320.62915987069505,Predicted CLV Eligible,320.62915987069505
17199.0,0.0,0.0,399.0,0.0,135.04000000000002,,Not Eligible - One-Time Customer,135.04000000000002
17200.0,1.0,265.0,469.0,191.65,356.71000000000004,171.37356512804647,Predicted CLV Eligible,171.37356512804647
17201.0,2.0,144.0,484.0,206.775,853.3199999999999,285.1513632507729,Predicted CLV Eligible,285.1513632507729
17202.0,0.0,0.0,237.0,0.0,160.65,,Not Eligible - One-Time Customer,160.65
17203.0,0.0,0.0,205.0,0.0,2004.01,,Not Eligible - One-Time Customer,2004.01
17204.0,5.0,306.0,364.0,978.192,5190.29,4330.608426421242,Predicted CLV Eligible,4330.608426421242
17205.0,1.0,148.0,381.0,340.32,615.27,329.2123382426025,Predicted CLV Eligible,329.2123382426025
17207.0,0.0,0.0,469.0,0.0,292.62,,Not Eligible - One-Time Customer,292.62
17208.0,0.0,0.0,212.0,0.0,111.15,,Not Eligible - One-Time Customer,111.15
17209.0,2.0,87.0,553.0,137.65,595.7,125.94667798941079,Predicted CLV Eligible,125.94667798941079
17210.0,0.0,0.0,209.0,0.0,251.72,,Not Eligible - One-Time Customer,251.72
17211.0,9.0,493.0,543.0,258.1488888888889,2710.07,1389.051459178261,Predicted CLV Eligible,1389.051459178261
17212.0,2.0,233.0,303.0,172.945,794.41,417.8805195667094,Predicted CLV Eligible,417.8805195667094
17213.0,8.0,408.0,541.0,340.0525,3025.12,1615.8441197018958,Predicted CLV Eligible,1615.8441197018958
17214.0,3.0,110.0,176.0,146.97333333333333,611.97,758.9042689551737,Predicted CLV Eligible,758.9042689551737
17215.0,0.0,0.0,281.0,0.0,186.15,,Not Eligible - One-Time Customer,186.15
17216.0,0.0,0.0,371.0,0.0,63.6,,Not Eligible - One-Time Customer,63.6
17217.0,1.0,385.0,436.0,113.5,210.1,121.04530414933485,Predicted CLV Eligible,121.04530414933485
17218.0,12.0,469.0,500.0,207.9383333333333,2883.0,1586.212558253662,Predicted CLV Eligible,1586.212558253662
17219.0,0.0,0.0,233.0,0.0,144.9,,Not Eligible - One-Time Customer,144.9
17220.0,7.0,482.0,505.0,341.07,2732.59,1550.6194128813386,Predicted CLV Eligible,1550.6194128813386
17221.0,1.0,16.0,424.0,241.3,642.14,102.75398766926702,Predicted CLV Eligible,102.75398766926702
17222.0,4.0,221.0,515.0,264.15250000000003,1250.8600000000001,623.393309433315,Predicted CLV Eligible,623.393309433315
17223.0,2.0,65.0,192.0,208.44500000000002,558.04,679.546571600588,Predicted CLV Eligible,679.546571600588
17224.0,0.0,0.0,318.0,0.0,100.86,,Not Eligible - One-Time Customer,100.86
17225.0,0.0,0.0,398.0,0.0,131.15,,Not Eligible - One-Time Customer,131.15
17226.0,2.0,357.0,482.0,237.245,895.47,378.0944138959276,Predicted CLV Eligible,378.0944138959276
17227.0,7.0,437.0,510.0,156.80857142857144,1305.76,707.6667497385566,Predicted CLV Eligible,707.6667497385566
17228.0,8.0,430.0,454.0,184.1825,1601.52,1046.4227958202105,Predicted CLV Eligible,1046.4227958202105
17230.0,13.0,467.0,548.0,698.7915384615384,9388.49,5242.971751994788,Predicted CLV Eligible,5242.971751994788
17231.0,17.0,542.0,549.0,315.2635294117647,5644.83,3088.9047202150973,Predicted CLV Eligible,3088.9047202150973
17233.0,1.0,276.0,541.0,190.62,369.98,146.37592060238674,Predicted CLV Eligible,146.37592060238674
17235.0,6.0,181.0,370.0,206.24833333333333,1354.82,928.029573174374,Predicted CLV Eligible,928.029573174374
17236.0,9.0,400.0,459.0,149.4622222222222,1576.9499999999998,936.9429431730292,Predicted CLV Eligible,936.9429431730292
17237.0,1.0,6.0,198.0,105.29,679.4399999999999,134.16894688741235,Predicted CLV Eligible,134.16894688741235
17238.0,20.0,554.0,555.0,244.6655,5144.41,2781.061490519128,Predicted CLV Eligible,2781.061490519128
17239.0,3.0,214.0,343.0,293.6666666666667,1189.45,865.2735520557478,Predicted CLV Eligible,865.2735520557478
17240.0,0.0,0.0,413.0,0.0,130.6,,Not Eligible - One-Time Customer,130.6
17241.0,10.0,277.0,479.0,219.484,2736.6400000000003,1132.7364215446928,Predicted CLV Eligible,1132.7364215446928
17242.0,2.0,228.0,501.0,656.49,1754.2399999999998,945.4765456509854,Predicted CLV Eligible,945.4765456509854
17243.0,50.0,502.0,555.0,278.0826,14440.03,7498.372805005069,Predicted CLV Eligible,7498.372805005069
17244.0,1.0,350.0,550.0,610.49,871.14,464.08228079050355,Predicted CLV Eligible,464.08228079050355
17245.0,1.0,485.0,506.0,171.45,371.63,156.59525003913225,Predicted CLV Eligible,156.59525003913225
17246.0,1.0,192.0,555.0,15.44,38.92,17.2604707120688,Predicted CLV Eligible,17.2604707120688
17248.0,0.0,0.0,298.0,0.0,181.89000000000001,,Not Eligible - One-Time Customer,181.89000000000001
17249.0,0.0,0.0,245.0,0.0,68.03,,Not Eligible - One-Time Customer,68.03
17250.0,0.0,0.0,78.0,0.0,162.65,,Not Eligible - One-Time Customer,162.65
17251.0,2.0,362.0,541.0,246.29,798.98,350.8285750497503,Predicted CLV Eligible,350.8285750497503
17252.0,0.0,0.0,3.0,0.0,337.01,,Not Eligible - One-Time Customer,337.01
17254.0,0.0,0.0,218.0,0.0,198.29,,Not Eligible - One-Time Customer,198.29
17255.0,2.0,147.0,263.0,113.915,598.48,308.53431677065197,Predicted CLV Eligible,308.53431677065197
17256.0,2.0,288.0,417.0,116.6,386.83,215.67628687158611,Predicted CLV Eligible,215.67628687158611
17257.0,0.0,0.0,253.0,0.0,189.78,,Not Eligible - One-Time Customer,189.78
17258.0,1.0,269.0,482.0,133.45000000000002,417.30000000000007,119.0282667029207,Predicted CLV Eligible,119.0282667029207
17259.0,3.0,287.0,472.0,310.16333333333336,1239.1100000000001,686.9152034536927,Predicted CLV Eligible,686.9152034536927
17260.0,0.0,0.0,228.0,0.0,120.95,,Not Eligible - One-Time Customer,120.95
17261.0,0.0,0.0,326.0,0.0,221.59,,Not Eligible - One-Time Customer,221.59
17262.0,7.0,497.0,541.0,288.7514285714286,2190.76,1233.2581132205414,Predicted CLV Eligible,1233.2581132205414
17263.0,0.0,0.0,25.0,0.0,63.440000000000005,,Not Eligible - One-Time Customer,63.440000000000005
17264.0,0.0,0.0,241.0,0.0,268.28,,Not Eligible - One-Time Customer,268.28
17266.0,1.0,141.0,457.0,90.41,205.14,75.48914976725048,Predicted CLV Eligible,75.48914976725048
17268.0,8.0,488.0,548.0,136.37875,1246.73,654.5554496759662,Predicted CLV Eligible,654.5554496759662
17269.0,0.0,0.0,202.0,0.0,491.81,,Not Eligible - One-Time Customer,491.81
17270.0,1.0,263.0,549.0,211.82999999999998,601.45,157.19158504349255,Predicted CLV Eligible,157.19158504349255
17271.0,0.0,0.0,553.0,0.0,204.3,,Not Eligible - One-Time Customer,204.3
17272.0,1.0,63.0,79.0,751.76,1409.44,2680.960636853113,Predicted CLV Eligible,2680.960636853113
17273.0,0.0,0.0,241.0,0.0,141.12,,Not Eligible - One-Time Customer,141.12
17274.0,0.0,0.0,212.0,0.0,465.4,,Not Eligible - One-Time Customer,465.4
17275.0,0.0,0.0,200.0,0.0,114.1,,Not Eligible - One-Time Customer,114.1
17276.0,0.0,0.0,219.0,0.0,502.49,,Not Eligible - One-Time Customer,502.49
17277.0,1.0,95.0,139.0,348.33000000000004,1065.35,856.2623614100024,Predicted CLV Eligible,856.2623614100024
17278.0,1.0,324.0,382.0,246.04,271.24,278.46886764044,Predicted CLV Eligible,278.46886764044
17280.0,0.0,0.0,255.0,0.0,118.85999999999999,,Not Eligible - One-Time Customer,118.85999999999999
17281.0,5.0,299.0,490.0,137.07,797.8499999999999,456.879195018355,Predicted CLV Eligible,456.879195018355
17282.0,2.0,249.0,365.0,497.025,1346.98,994.6349664519702,Predicted CLV Eligible,994.6349664519702
17283.0,0.0,0.0,195.0,0.0,188.46,,Not Eligible - One-Time Customer,188.46
17284.0,3.0,210.0,262.0,611.49,2063.9300000000003,2283.480904919993,Predicted CLV Eligible,2283.480904919993
17285.0,1.0,35.0,480.0,202.99,407.94,88.22077711131595,Predicted CLV Eligible,88.22077711131595
17286.0,0.0,0.0,217.0,0.0,237.81,,Not Eligible - One-Time Customer,237.81
17287.0,14.0,531.0,553.0,216.28071428571428,3278.14,1746.575028585383,Predicted CLV Eligible,1746.575028585383
17288.0,6.0,187.0,211.0,245.65,1714.5,2037.5110853426527,Predicted CLV Eligible,2037.5110853426527
17289.0,5.0,265.0,458.0,212.598,1110.78,739.8452415543137,Predicted CLV Eligible,739.8452415543137
17290.0,4.0,345.0,543.0,229.625,974.95,576.196458971017,Predicted CLV Eligible,576.196458971017
17291.0,0.0,0.0,125.0,0.0,550.8000000000001,,Not Eligible - One-Time Customer,550.8000000000001
17292.0,1.0,107.0,396.0,130.39999999999998,271.75,115.8146238055452,Predicted CLV Eligible,115.8146238055452
17293.0,9.0,428.0,553.0,250.04555555555558,2365.92,1304.5182295656737,Predicted CLV Eligible,1304.5182295656737
17294.0,0.0,0.0,486.0,0.0,467.78999999999996,,Not Eligible - One-Time Customer,467.78999999999996
17296.0,0.0,0.0,547.0,0.0,338.13,,Not Eligible - One-Time Customer,338.13
17298.0,2.0,267.0,458.0,166.91,455.84000000000003,275.99374830477325,Predicted CLV Eligible,275.99374830477325
17299.0,1.0,42.0,298.0,118.7,336.62,117.33931232056177,Predicted CLV Eligible,117.33931232056177
17300.0,1.0,91.0,298.0,237.84,393.64,275.5402248021979,Predicted CLV Eligible,275.5402248021979
17301.0,0.0,0.0,441.0,0.0,131.15,,Not Eligible - One-Time Customer,131.15
17302.0,1.0,97.0,122.0,120.27,303.12,349.8916468650313,Predicted CLV Eligible,349.8916468650313
17303.0,0.0,0.0,178.0,0.0,250.04,,Not Eligible - One-Time Customer,250.04
17304.0,0.0,0.0,351.0,0.0,111.5,,Not Eligible - One-Time Customer,111.5
17305.0,0.0,0.0,465.0,0.0,2135.46,,Not Eligible - One-Time Customer,2135.46
17306.0,8.0,199.0,220.0,444.45750000000004,4346.700000000001,4640.762502066013,Predicted CLV Eligible,4640.762502066013
17307.0,10.0,294.0,506.0,384.725,3999.8900000000003,1888.9737578700324,Predicted CLV Eligible,1888.9737578700324
17308.0,1.0,59.0,269.0,666.72,4511.76,760.1541416381679,Predicted CLV Eligible,760.1541416381679
17309.0,1.0,292.0,490.0,27.75,237.64000000000001,32.29119392756663,Predicted CLV Eligible,32.29119392756663
17310.0,1.0,147.0,351.0,260.09999999999997,1025.1,278.87666640040095,Predicted CLV Eligible,278.87666640040095
17311.0,4.0,358.0,491.0,557.1775,2738.17,1541.8821791516834,Predicted CLV Eligible,1541.8821791516834
17314.0,11.0,480.0,553.0,273.57363636363635,3163.51,1744.4349720393886,Predicted CLV Eligible,1744.4349720393886
17315.0,23.0,247.0,255.0,237.6986956521739,6219.8,6080.482722141582,Predicted CLV Eligible,6080.482722141582
17316.0,0.0,0.0,237.0,0.0,124.45,,Not Eligible - One-Time Customer,124.45
17318.0,0.0,0.0,542.0,0.0,157.32999999999998,,Not Eligible - One-Time Customer,157.32999999999998
17319.0,0.0,0.0,486.0,0.0,29.1,,Not Eligible - One-Time Customer,29.1
17320.0,4.0,451.0,504.0,457.6675,2154.33,1252.1871079305754,Predicted CLV Eligible,1252.1871079305754
17321.0,2.0,183.0,394.0,298.27,1008.05,541.2365541823232,Predicted CLV Eligible,541.2365541823232
17322.0,4.0,360.0,553.0,202.01,922.59,500.9306201007316,Predicted CLV Eligible,500.9306201007316
17323.0,6.0,483.0,515.0,131.33166666666668,935.5899999999999,513.4360747647445,Predicted CLV Eligible,513.4360747647445
17324.0,8.0,390.0,538.0,223.2225,1886.82,1060.7048513318837,Predicted CLV Eligible,1060.7048513318837
17325.0,2.0,361.0,458.0,253.835,609.5699999999999,424.3111076626758,Predicted CLV Eligible,424.3111076626758
17326.0,1.0,121.0,346.0,147.65,312.35,158.58708934369204,Predicted CLV Eligible,158.58708934369204
17327.0,1.0,153.0,379.0,148.1,152.35,151.6023701334677,Predicted CLV Eligible,151.6023701334677
17328.0,0.0,0.0,490.0,0.0,104.7,,Not Eligible - One-Time Customer,104.7
17329.0,2.0,421.0,553.0,222.63,718.78,314.4409559672399,Predicted CLV Eligible,314.4409559672399
17330.0,1.0,103.0,464.0,9.95,59.900000000000006,14.119402308610779,Predicted CLV Eligible,14.119402308610779
17332.0,4.0,128.0,473.0,142.3525,838.27,247.53061718784926,Predicted CLV Eligible,247.53061718784926
17334.0,2.0,104.0,223.0,153.51,635.15,462.8950406018198,Predicted CLV Eligible,462.8950406018198
17335.0,1.0,301.0,501.0,353.23,497.04,293.16968240249804,Predicted CLV Eligible,293.16968240249804
17336.0,0.0,0.0,289.0,0.0,81.12,,Not Eligible - One-Time Customer,81.12
17337.0,2.0,99.0,127.0,479.365,1948.1100000000001,2232.368700770224,Predicted CLV Eligible,2232.368700770224
17338.0,13.0,434.0,456.0,673.0330769230769,9016.640000000001,6003.1575284312075,Predicted CLV Eligible,6003.1575284312075
17339.0,1.0,144.0,326.0,60.0,119.0,79.54377433291441,Predicted CLV Eligible,79.54377433291441
17340.0,10.0,471.0,480.0,1222.4630000000002,13067.470000000001,8109.289874548992,Predicted CLV Eligible,8109.289874548992
17341.0,1.0,174.0,357.0,416.61,1006.53,447.47338457157366,Predicted CLV Eligible,447.47338457157366
17342.0,3.0,290.0,486.0,304.98333333333335,1227.54,656.6225818422533,Predicted CLV Eligible,656.6225818422533
17343.0,5.0,381.0,553.0,212.52799999999996,1259.94,643.5701446608023,Predicted CLV Eligible,643.5701446608023
17344.0,0.0,0.0,545.0,0.0,299.74,,Not Eligible - One-Time Customer,299.74
17345.0,4.0,542.0,555.0,215.60250000000002,1192.32,545.9676275039748,Predicted CLV Eligible,545.9676275039748
17346.0,16.0,413.0,417.0,195.82750000000001,3305.57,2317.902309861799,Predicted CLV Eligible,2317.902309861799
17348.0,4.0,342.0,456.0,257.095,1445.84,766.4125229911741,Predicted CLV Eligible,766.4125229911741
17349.0,3.0,251.0,448.0,179.35333333333332,674.16,415.96575855333333,Predicted CLV Eligible,415.96575855333333
17350.0,2.0,282.0,493.0,135.065,612.3810000000001,210.26733277975652,Predicted CLV Eligible,210.26733277975652
17351.0,8.0,456.0,546.0,183.24125,1599.68,876.6291761737488,Predicted CLV Eligible,876.6291761737488
17352.0,0.0,0.0,513.0,0.0,36.25,,Not Eligible - One-Time Customer,36.25
17353.0,1.0,133.0,441.0,1160.0,1502.0,890.1083788551557,Predicted CLV Eligible,890.1083788551557
17354.0,0.0,0.0,245.0,0.0,1740.8999999999999,,Not Eligible - One-Time Customer,1740.8999999999999
17355.0,0.0,0.0,203.0,0.0,273.31,,Not Eligible - One-Time Customer,273.31
17356.0,4.0,377.0,505.0,161.2225,946.47,441.34701429515457,Predicted CLV Eligible,441.34701429515457
17358.0,4.0,350.0,470.0,185.9475,861.01,541.5904013440007,Predicted CLV Eligible,541.5904013440007
17359.0,0.0,0.0,465.0,0.0,156.6,,Not Eligible - One-Time Customer,156.6
17360.0,2.0,250.0,251.0,359.12,953.17,1008.094352586686,Predicted CLV Eligible,1008.094352586686
17361.0,2.0,490.0,493.0,131.95999999999998,647.51,212.97312924459536,Predicted CLV Eligible,212.97312924459536
17362.0,6.0,463.0,519.0,145.49,1024.04,563.065751648912,Predicted CLV Eligible,563.065751648912
17363.0,1.0,7.0,219.0,197.64,920.46,212.06265174700158,Predicted CLV Eligible,212.06265174700158
17364.0,20.0,528.0,549.0,457.287,9595.69,5238.5497483704985,Predicted CLV Eligible,5238.5497483704985
17365.0,9.0,477.0,493.0,539.6911111111111,5310.12,3166.8163359213113,Predicted CLV Eligible,3166.8163359213113
17366.0,1.0,24.0,273.0,593.75,1077.24,537.3427574648666,Predicted CLV Eligible,537.3427574648666
17367.0,0.0,0.0,55.0,0.0,167.55,,Not Eligible - One-Time Customer,167.55
17368.0,7.0,465.0,541.0,225.23142857142858,1768.34,960.7185040231694,Predicted CLV Eligible,960.7185040231694
17369.0,0.0,0.0,272.0,0.0,979.1999999999999,,Not Eligible - One-Time Customer,979.1999999999999
17371.0,2.0,370.0,548.0,87.41,329.11,128.34758471930613,Predicted CLV Eligible,128.34758471930613
17372.0,23.0,493.0,553.0,156.5013043478261,3751.18,2030.0493814289769,Predicted CLV Eligible,2030.0493814289769
17373.0,3.0,337.0,466.0,167.37666666666667,665.83,384.6357193138947,Predicted CLV Eligible,384.6357193138947
17374.0,2.0,177.0,212.0,247.885,727.11,797.893820051178,Predicted CLV Eligible,797.893820051178
17375.0,3.0,232.0,248.0,133.36666666666667,660.55,535.7177350095088,Predicted CLV Eligible,535.7177350095088
17376.0,2.0,211.0,339.0,107.52,356.28999999999996,237.46501237159083,Predicted CLV Eligible,237.46501237159083
17377.0,55.0,482.0,554.0,256.9369090909091,15183.57,5795.658498090518,Predicted CLV Eligible,5795.658498090518
17378.0,0.0,0.0,191.0,0.0,10.95,,Not Eligible - One-Time Customer,10.95
17380.0,2.0,100.0,351.0,150.89999999999998,645.0,282.3613385870719,Predicted CLV Eligible,282.3613385870719
17381.0,19.0,345.0,365.0,1147.37,29941.17,17945.898113195977,Predicted CLV Eligible,17945.898113195977
17382.0,5.0,134.0,386.0,123.096,836.88,359.8155170098529,Predicted CLV Eligible,359.8155170098529
17383.0,0.0,0.0,270.0,0.0,110.69999999999999,,Not Eligible - One-Time Customer,110.69999999999999
17384.0,1.0,248.0,284.0,227.65,398.8,334.4029346081481,Predicted CLV Eligible,334.4029346081481
17386.0,0.0,0.0,202.0,0.0,126.35000000000001,,Not Eligible - One-Time Customer,126.35000000000001
17388.0,8.0,518.0,546.0,243.75625000000002,2179.01,1171.055716547327,Predicted CLV Eligible,1171.055716547327
17389.0,33.0,550.0,552.0,897.0045454545455,30509.190000000002,16700.50228315434,Predicted CLV Eligible,16700.50228315434
17390.0,0.0,0.0,237.0,0.0,149.3,,Not Eligible - One-Time Customer,149.3
17392.0,2.0,144.0,267.0,208.635,585.92,543.9153619832521,Predicted CLV Eligible,543.9153619832521
17393.0,1.0,78.0,305.0,186.55,381.15000000000003,204.67811820378546,Predicted CLV Eligible,204.67811820378546
17394.0,0.0,0.0,36.0,0.0,203.86999999999998,,Not Eligible - One-Time Customer,203.86999999999998
17395.0,0.0,0.0,325.0,0.0,97.5,,Not Eligible - One-Time Customer,97.5
17396.0,6.0,70.0,258.0,202.15,1476.3,584.7764770964739,Predicted CLV Eligible,584.7764770964739
17397.0,0.0,0.0,233.0,0.0,516.87,,Not Eligible - One-Time Customer,516.87
17398.0,1.0,45.0,72.0,222.77,528.45,853.1013378245018,Predicted CLV Eligible,853.1013378245018
17400.0,6.0,512.0,539.0,505.46000000000004,3832.06,1876.526050507266,Predicted CLV Eligible,1876.526050507266
17401.0,0.0,0.0,358.0,0.0,114.85,,Not Eligible - One-Time Customer,114.85
17402.0,11.0,490.0,540.0,241.4890909090909,2786.08,1578.7175408248445,Predicted CLV Eligible,1578.7175408248445
17403.0,0.0,0.0,267.0,0.0,118.95,,Not Eligible - One-Time Customer,118.95
17404.0,13.0,490.0,518.0,2284.7592307692307,29727.92,18156.6503641362,Predicted CLV Eligible,18156.6503641362
17406.0,10.0,400.0,550.0,378.025,4186.95,2143.31197218443,Predicted CLV Eligible,2143.31197218443
17407.0,0.0,0.0,228.0,0.0,552.9,,Not Eligible - One-Time Customer,552.9
17408.0,1.0,14.0,331.0,12.75,283.44000000000005,14.6212372152866,Predicted CLV Eligible,14.6212372152866
17409.0,7.0,544.0,545.0,984.8385714285714,7793.51,4170.502150850759,Predicted CLV Eligible,4170.502150850759
17410.0,0.0,0.0,32.0,0.0,302.4,,Not Eligible - One-Time Customer,302.4
17411.0,2.0,475.0,553.0,293.81,932.02,415.0786199269999,Predicted CLV Eligible,415.0786199269999
17412.0,12.0,541.0,554.0,268.8566666666667,3671.98,1869.633932448696,Predicted CLV Eligible,1869.633932448696
17413.0,1.0,165.0,386.0,340.29999999999995,560.14,332.94501225653744,Predicted CLV Eligible,332.94501225653744
17414.0,4.0,552.0,553.0,457.46,2069.52,1154.6050911972818,Predicted CLV Eligible,1154.6050911972818
17416.0,10.0,528.0,542.0,1319.364,13853.039999999999,7842.946717524727,Predicted CLV Eligible,7842.946717524727
17417.0,0.0,0.0,365.0,0.0,164.18,,Not Eligible - One-Time Customer,164.18
17418.0,1.0,64.0,204.0,167.39000000000001,373.99,279.66699203597767,Predicted CLV Eligible,279.66699203597767
17419.0,11.0,434.0,500.0,339.0709090909091,3945.48,2366.6256853885184,Predicted CLV Eligible,2366.6256853885184
17420.0,2.0,28.0,218.0,137.425,485.6,342.0307003710039,Predicted CLV Eligible,342.0307003710039
17421.0,2.0,349.0,552.0,464.305,1059.41,639.2650180554709,Predicted CLV Eligible,639.2650180554709
17422.0,6.0,314.0,351.0,322.7033333333333,2243.46,1752.0026521633647,Predicted CLV Eligible,1752.0026521633647
17423.0,1.0,176.0,210.0,449.42,869.96,820.0434792040123,Predicted CLV Eligible,820.0434792040123
17426.0,3.0,378.0,477.0,1237.4766666666667,4234.39,2744.838264330693,Predicted CLV Eligible,2744.838264330693
17428.0,21.0,526.0,555.0,962.2014285714286,21498.73,11430.678873891024,Predicted CLV Eligible,11430.678873891024
17429.0,3.0,244.0,246.0,226.56000000000003,1208.68,906.757387238537,Predicted CLV Eligible,906.757387238537
17430.0,2.0,114.0,296.0,129.305,469.40999999999997,301.48868248040986,Predicted CLV Eligible,301.48868248040986
17431.0,0.0,0.0,130.0,0.0,403.3,,Not Eligible - One-Time Customer,403.3
17432.0,4.0,351.0,553.0,300.82,1363.2299999999998,740.0576088068083,Predicted CLV Eligible,740.0576088068083
17433.0,0.0,0.0,202.0,0.0,266.8,,Not Eligible - One-Time Customer,266.8
17435.0,0.0,0.0,228.0,0.0,331.35,,Not Eligible - One-Time Customer,331.35
17436.0,3.0,506.0,549.0,121.21999999999998,440.15999999999997,245.2870920098515,Predicted CLV Eligible,245.2870920098515
17437.0,0.0,0.0,346.0,0.0,369.68,,Not Eligible - One-Time Customer,369.68
17438.0,4.0,388.0,458.0,289.76,1422.77,865.0670224892939,Predicted CLV Eligible,865.0670224892939
17439.0,0.0,0.0,472.0,0.0,325.74,,Not Eligible - One-Time Customer,325.74
17440.0,1.0,302.0,366.0,124.62,261.78,152.3300375541507,Predicted CLV Eligible,152.3300375541507
17441.0,0.0,0.0,549.0,0.0,293.35,,Not Eligible - One-Time Customer,293.35
17442.0,9.0,442.0,479.0,296.55555555555554,3186.57,1786.623310970955,Predicted CLV Eligible,1786.623310970955
17443.0,0.0,0.0,36.0,0.0,534.24,,Not Eligible - One-Time Customer,534.24
17446.0,0.0,0.0,127.0,0.0,68.10000000000001,,Not Eligible - One-Time Customer,68.10000000000001
17448.0,17.0,148.0,462.0,828.9458823529412,14523.67,0.6026736555561387,Predicted CLV Eligible,0.6026736555561387
17449.0,8.0,496.0,547.0,423.46875,3671.63,2022.7685621725198,Predicted CLV Eligible,2022.7685621725198
17450.0,13.0,246.0,255.0,5147.40923076923,106153.72,75555.14907407429,Predicted CLV Eligible,75555.14907407429
17454.0,9.0,501.0,510.0,154.33777777777777,1547.94,884.0162125693357,Predicted CLV Eligible,884.0162125693357
17455.0,0.0,0.0,20.0,0.0,131.7,,Not Eligible - One-Time Customer,131.7
17456.0,1.0,91.0,273.0,249.86,975.5600000000001,319.43830191839,Predicted CLV Eligible,319.43830191839
17457.0,12.0,528.0,549.0,440.7808333333333,5644.75,3084.9455920761775,Predicted CLV Eligible,3084.9455920761775
17458.0,0.0,0.0,198.0,0.0,213.08,,Not Eligible - One-Time Customer,213.08
17460.0,14.0,461.0,503.0,125.66714285714286,1998.1200000000001,1106.5350217345328,Predicted CLV Eligible,1106.5350217345328
17462.0,0.0,0.0,101.0,0.0,463.40999999999997,,Not Eligible - One-Time Customer,463.40999999999997
17463.0,3.0,356.0,406.0,379.2033333333334,1585.1100000000001,981.6509809544588,Predicted CLV Eligible,981.6509809544588
17464.0,1.0,97.0,436.0,369.09000000000003,617.1800000000001,264.7354473776506,Predicted CLV Eligible,264.7354473776506
17465.0,5.0,311.0,553.0,426.884,2542.79,1232.2285109587626,Predicted CLV Eligible,1232.2285109587626
17467.0,0.0,0.0,212.0,0.0,102.6,,Not Eligible - One-Time Customer,102.6
17468.0,0.0,0.0,192.0,0.0,57.8,,Not Eligible - One-Time Customer,57.8
17469.0,9.0,519.0,540.0,349.7033333333333,3485.6400000000003,1892.348673185814,Predicted CLV Eligible,1892.348673185814
17470.0,8.0,291.0,325.0,225.94375,2124.5099999999998,1712.8172594940581,Predicted CLV Eligible,1712.8172594940581
17471.0,0.0,0.0,291.0,0.0,321.65000000000003,,Not Eligible - One-Time Customer,321.65000000000003
17472.0,3.0,437.0,445.0,232.51333333333332,922.35,560.6565376407508,Predicted CLV Eligible,560.6565376407508
17473.0,1.0,48.0,273.0,308.9,607.0,335.00605898918644,Predicted CLV Eligible,335.00605898918644
17474.0,0.0,0.0,416.0,0.0,1047.0,,Not Eligible - One-Time Customer,1047.0
17476.0,1.0,342.0,554.0,229.5,489.86,177.70136687162037,Predicted CLV Eligible,177.70136687162037
17477.0,1.0,35.0,464.0,412.58,1144.3,184.61372612292388,Predicted CLV Eligible,184.61372612292388
17478.0,1.0,225.0,450.0,566.6,1272.8000000000002,493.1329114139238,Predicted CLV Eligible,493.1329114139238
17479.0,0.0,0.0,449.0,0.0,389.26000000000005,,Not Eligible - One-Time Customer,389.26000000000005
17480.0,0.0,0.0,261.0,0.0,370.40999999999997,,Not Eligible - One-Time Customer,370.40999999999997
17482.0,1.0,91.0,395.0,525.35,775.6400000000001,417.3363958481753,Predicted CLV Eligible,417.3363958481753
17483.0,0.0,0.0,231.0,0.0,177.69,,Not Eligible - One-Time Customer,177.69
17484.0,1.0,48.0,441.0,75.72,209.57,46.251084738086305,Predicted CLV Eligible,46.251084738086305
17486.0,0.0,0.0,78.0,0.0,396.87,,Not Eligible - One-Time Customer,396.87
17487.0,0.0,0.0,545.0,0.0,160.55,,Not Eligible - One-Time Customer,160.55
17488.0,0.0,0.0,458.0,0.0,336.5,,Not Eligible - One-Time Customer,336.5
17489.0,0.0,0.0,29.0,0.0,208.56,,Not Eligible - One-Time Customer,208.56
17490.0,1.0,181.0,386.0,305.04,658.1800000000001,305.9940681406692,Predicted CLV Eligible,305.9940681406692
17491.0,9.0,406.0,407.0,334.12888888888887,3419.66,2329.746055264434,Predicted CLV Eligible,2329.746055264434
17492.0,2.0,270.0,335.0,383.90999999999997,1122.42,838.2774337683305,Predicted CLV Eligible,838.2774337683305
17493.0,0.0,0.0,202.0,0.0,100.91000000000001,,Not Eligible - One-Time Customer,100.91000000000001
17494.0,0.0,0.0,318.0,0.0,54.699999999999996,,Not Eligible - One-Time Customer,54.699999999999996
17495.0,0.0,0.0,207.0,0.0,309.16,,Not Eligible - One-Time Customer,309.16
17496.0,3.0,336.0,511.0,352.74333333333334,1412.89,731.7484883602363,Predicted CLV Eligible,731.7484883602363
17497.0,1.0,220.0,427.0,82.65,287.25,84.92976234222469,Predicted CLV Eligible,84.92976234222469
17499.0,1.0,272.0,378.0,622.88,1341.3899999999999,676.2011421858773,Predicted CLV Eligible,676.2011421858773
17501.0,0.0,0.0,37.0,0.0,288.6,,Not Eligible - One-Time Customer,288.6
17504.0,14.0,463.0,486.0,654.3871428571429,9490.17,5920.993240396483,Predicted CLV Eligible,5920.993240396483
17505.0,2.0,400.0,422.0,426.23,1776.63,765.4920690111015,Predicted CLV Eligible,765.4920690111015
17507.0,1.0,48.0,126.0,265.02,605.5799999999999,658.9898833722916,Predicted CLV Eligible,658.9898833722916
17508.0,7.0,452.0,549.0,566.8971428571429,4579.23,2369.074710409545,Predicted CLV Eligible,2369.074710409545
17510.0,0.0,0.0,237.0,0.0,206.07999999999998,,Not Eligible - One-Time Customer,206.07999999999998
17511.0,36.0,531.0,554.0,3158.6736111111113,116820.89,63745.23610899935,Predicted CLV Eligible,63745.23610899935
17512.0,12.0,529.0,546.0,248.36333333333334,3845.25,1750.2499979581435,Predicted CLV Eligible,1750.2499979581435
17513.0,1.0,71.0,296.0,258.6,645.6,282.4163834999962,Predicted CLV Eligible,282.4163834999962
17514.0,0.0,0.0,486.0,0.0,313.35,,Not Eligible - One-Time Customer,313.35
17515.0,7.0,344.0,367.0,195.92000000000002,1534.86,1185.0038152723293,Predicted CLV Eligible,1185.0038152723293
17516.0,2.0,161.0,195.0,226.005,634.63,778.2527699101015,Predicted CLV Eligible,778.2527699101015
17517.0,0.0,0.0,125.0,0.0,153.94,,Not Eligible - One-Time Customer,153.94
17518.0,1.0,196.0,438.0,175.87,329.42,159.8138846737426,Predicted CLV Eligible,159.8138846737426
17519.0,11.0,532.0,555.0,325.21,3885.75,2075.859367836051,Predicted CLV Eligible,2075.859367836051
17521.0,2.0,235.0,251.0,234.655,714.4100000000001,662.9660915614611,Predicted CLV Eligible,662.9660915614611
17522.0,1.0,12.0,35.0,100.98,248.42000000000002,572.3436977232323,Predicted CLV Eligible,572.3436977232323
17524.0,1.0,77.0,255.0,145.0,539.14,199.08378626321877,Predicted CLV Eligible,199.08378626321877
17525.0,2.0,69.0,245.0,364.80000000000007,1161.9,927.4763126822133,Predicted CLV Eligible,927.4763126822133
17526.0,9.0,432.0,539.0,320.78,3616.14,1719.61779712944,Predicted CLV Eligible,1719.61779712944
17527.0,0.0,0.0,35.0,0.0,292.11,,Not Eligible - One-Time Customer,292.11
17529.0,1.0,87.0,514.0,381.98,1240.25,207.66213248996118,Predicted CLV Eligible,207.66213248996118
17530.0,6.0,527.0,550.0,257.3666666666666,1789.83,941.8350880396437,Predicted CLV Eligible,941.8350880396437
17531.0,2.0,428.0,435.0,353.34000000000003,1266.82,620.3510329531316,Predicted CLV Eligible,620.3510329531316
17532.0,0.0,0.0,202.0,0.0,65.34,,Not Eligible - One-Time Customer,65.34
17533.0,0.0,0.0,251.0,0.0,34.8,,Not Eligible - One-Time Customer,34.8
17534.0,3.0,201.0,469.0,314.42333333333335,1445.47,658.3678888674002,Predicted CLV Eligible,658.3678888674002
17535.0,0.0,0.0,97.0,0.0,164.4,,Not Eligible - One-Time Customer,164.4
17536.0,1.0,262.0,499.0,253.55,288.33000000000004,208.03988047970415,Predicted CLV Eligible,208.03988047970415
17537.0,0.0,0.0,120.0,0.0,620.75,,Not Eligible - One-Time Customer,620.75
17539.0,3.0,109.0,543.0,272.6133333333333,1176.84,305.27364317509694,Predicted CLV Eligible,305.27364317509694
17540.0,4.0,283.0,416.0,239.83750000000003,1280.5,770.323816555768,Predicted CLV Eligible,770.323816555768
17541.0,0.0,0.0,326.0,0.0,119.86,,Not Eligible - One-Time Customer,119.86
17542.0,1.0,372.0,458.0,170.75,340.85,166.98858996002747,Predicted CLV Eligible,166.98858996002747
17543.0,0.0,0.0,366.0,0.0,120.05,,Not Eligible - One-Time Customer,120.05
17544.0,0.0,0.0,207.0,0.0,944.82,,Not Eligible - One-Time Customer,944.82
17545.0,1.0,187.0,394.0,427.74,767.54,417.86078786309025,Predicted CLV Eligible,417.86078786309025
17547.0,1.0,290.0,482.0,323.3,727.85,278.8139401839344,Predicted CLV Eligible,278.8139401839344
17548.0,3.0,163.0,213.0,182.45333333333335,731.26,816.2477284605479,Predicted CLV Eligible,816.2477284605479
17550.0,6.0,473.0,487.0,370.93666666666667,2506.64,1511.905010630177,Predicted CLV Eligible,1511.905010630177
17551.0,0.0,0.0,176.0,0.0,290.34,,Not Eligible - One-Time Customer,290.34
17552.0,6.0,255.0,444.0,289.82666666666665,2154.88,1196.3449770904276,Predicted CLV Eligible,1196.3449770904276
17553.0,2.0,138.0,427.0,727.0,2270.0,1132.2687209914725,Predicted CLV Eligible,1132.2687209914725
17555.0,3.0,252.0,403.0,203.30999999999997,760.88,523.3339711488317,Predicted CLV Eligible,523.3339711488317
17556.0,1.0,174.0,196.0,157.9,300.67,320.4637432586606,Predicted CLV Eligible,320.4637432586606
17557.0,0.0,0.0,549.0,0.0,34.0,,Not Eligible - One-Time Customer,34.0
17558.0,0.0,0.0,210.0,0.0,259.17,,Not Eligible - One-Time Customer,259.17
17559.0,0.0,0.0,329.0,0.0,167.62,,Not Eligible - One-Time Customer,167.62
17560.0,5.0,456.0,477.0,260.74,1526.9,919.6770211212165,Predicted CLV Eligible,919.6770211212165
17561.0,2.0,343.0,550.0,174.1,537.9,245.18674811600698,Predicted CLV Eligible,245.18674811600698
17563.0,1.0,33.0,428.0,32.550000000000004,392.38,21.58378880918488,Predicted CLV Eligible,21.58378880918488
17565.0,0.0,0.0,403.0,0.0,131.83,,Not Eligible - One-Time Customer,131.83
17567.0,4.0,208.0,258.0,468.4925,2380.57,2277.346373398543,Predicted CLV Eligible,2277.346373398543
17568.0,0.0,0.0,450.0,0.0,374.45,,Not Eligible - One-Time Customer,374.45
17569.0,0.0,0.0,149.0,0.0,344.14,,Not Eligible - One-Time Customer,344.14
17570.0,0.0,0.0,198.0,0.0,100.0,,Not Eligible - One-Time Customer,100.0
17571.0,2.0,265.0,359.0,179.14999999999998,563.54,373.0841669771572,Predicted CLV Eligible,373.0841669771572
17572.0,7.0,486.0,541.0,73.62142857142858,577.6600000000001,319.4587078264763,Predicted CLV Eligible,319.4587078264763
17574.0,0.0,0.0,59.0,0.0,185.65,,Not Eligible - One-Time Customer,185.65
17575.0,0.0,0.0,484.0,0.0,171.7,,Not Eligible - One-Time Customer,171.7
17576.0,28.0,522.0,553.0,222.4907142857143,6549.7,3516.308024253827,Predicted CLV Eligible,3516.308024253827
17577.0,1.0,23.0,485.0,236.35,348.75,87.30522988648093,Predicted CLV Eligible,87.30522988648093
17578.0,4.0,311.0,346.0,222.725,1047.33,854.7121976011082,Predicted CLV Eligible,854.7121976011082
17579.0,0.0,0.0,395.0,0.0,304.38,,Not Eligible - One-Time Customer,304.38
17580.0,4.0,170.0,239.0,95.9025,541.02,504.91337597234997,Predicted CLV Eligible,504.91337597234997
17581.0,13.0,523.0,553.0,764.8684615384615,10345.49,5733.3968181584505,Predicted CLV Eligible,5733.3968181584505
17582.0,4.0,387.0,440.0,285.84999999999997,1446.95,885.8144459707822,Predicted CLV Eligible,885.8144459707822
17583.0,0.0,0.0,377.0,0.0,135.95,,Not Eligible - One-Time Customer,135.95
17584.0,3.0,216.0,500.0,1201.6899999999998,4067.12,2354.23703156857,Predicted CLV Eligible,2354.23703156857
17585.0,4.0,215.0,295.0,281.2375,1469.56,1220.8995032509724,Predicted CLV Eligible,1220.8995032509724
17586.0,0.0,0.0,436.0,0.0,167.4,,Not Eligible - One-Time Customer,167.4
17587.0,0.0,0.0,445.0,0.0,176.71,,Not Eligible - One-Time Customer,176.71
17588.0,4.0,405.0,454.0,423.5125,2096.55,1272.8319331174594,Predicted CLV Eligible,1272.8319331174594
17589.0,13.0,455.0,459.0,926.386923076923,12645.189999999999,8220.301710985934,Predicted CLV Eligible,8220.301710985934
17591.0,5.0,488.0,508.0,325.454,1762.92,1083.0801036192292,Predicted CLV Eligible,1083.0801036192292
17592.0,0.0,0.0,555.0,0.0,148.3,,Not Eligible - One-Time Customer,148.3
17593.0,6.0,383.0,552.0,664.725,4831.360000000001,2355.2501915819807,Predicted CLV Eligible,2355.2501915819807
17594.0,2.0,350.0,421.0,604.0,1819.7,1076.7021889576945,Predicted CLV Eligible,1076.7021889576945
17596.0,8.0,533.0,541.0,312.24,2971.98,1512.0729968659268,Predicted CLV Eligible,1512.0729968659268
17597.0,4.0,370.0,400.0,792.0675,3484.09,2656.9891699931086,Predicted CLV Eligible,2656.9891699931086
17598.0,0.0,0.0,198.0,0.0,409.98,,Not Eligible - One-Time Customer,409.98
17599.0,0.0,0.0,294.0,0.0,52.05,,Not Eligible - One-Time Customer,52.05
17601.0,1.0,141.0,197.0,116.00999999999999,413.08,234.3938208465409,Predicted CLV Eligible,234.3938208465409
17602.0,7.0,295.0,436.0,382.3528571428572,3067.06,1917.2063621719713,Predicted CLV Eligible,1917.2063621719713
17603.0,2.0,112.0,546.0,551.9050000000001,1393.66,573.5042065118591,Predicted CLV Eligible,573.5042065118591
17604.0,5.0,464.0,498.0,157.06,942.38,535.7313445187915,Predicted CLV Eligible,535.7313445187915
17605.0,0.0,0.0,407.0,0.0,160.75,,Not Eligible - One-Time Customer,160.75
17606.0,0.0,0.0,554.0,0.0,87.30000000000001,,Not Eligible - One-Time Customer,87.30000000000001
17607.0,0.0,0.0,193.0,0.0,333.81,,Not Eligible - One-Time Customer,333.81
17608.0,1.0,158.0,424.0,140.19,296.07,127.2973323531265,Predicted CLV Eligible,127.2973323531265
17609.0,5.0,307.0,426.0,187.62,1313.3700000000001,723.2625481073163,Predicted CLV Eligible,723.2625481073163
17610.0,4.0,193.0,550.0,285.9475,1511.94,552.2088057545749,Predicted CLV Eligible,552.2088057545749
17611.0,17.0,537.0,555.0,345.1623529411765,6375.25,3346.2940185095267,Predicted CLV Eligible,3346.2940185095267
17612.0,12.0,508.0,539.0,314.8966666666667,4012.16,2241.483888117512,Predicted CLV Eligible,2241.483888117512
17613.0,5.0,111.0,122.0,385.122,2512.41,4057.977693650095,Predicted CLV Eligible,4057.977693650095
17615.0,4.0,282.0,302.0,135.45,664.5,589.2537584538042,Predicted CLV Eligible,589.2537584538042
17616.0,2.0,197.0,268.0,204.0,571.1999999999999,542.2877399406184,Predicted CLV Eligible,542.2877399406184
17617.0,0.0,0.0,375.0,0.0,385.19,,Not Eligible - One-Time Customer,385.19
17618.0,9.0,436.0,501.0,362.27666666666664,3696.84,2088.8342046609228,Predicted CLV Eligible,2088.8342046609228
17619.0,0.0,0.0,129.0,0.0,214.37,,Not Eligible - One-Time Customer,214.37
17621.0,4.0,119.0,248.0,353.79499999999996,2697.0,1683.4064619489598,Predicted CLV Eligible,1683.4064619489598
17622.0,1.0,1.0,415.0,393.33,1130.21,133.12729517727902,Predicted CLV Eligible,133.12729517727902
17623.0,5.0,316.0,542.0,328.334,1838.7200000000003,977.3372197340625,Predicted CLV Eligible,977.3372197340625
17624.0,2.0,501.0,536.0,404.31,1125.45,586.5624078971551,Predicted CLV Eligible,586.5624078971551
17625.0,4.0,467.0,541.0,956.3525,4500.53,2442.970817009377,Predicted CLV Eligible,2442.970817009377
17626.0,0.0,0.0,419.0,0.0,254.0,,Not Eligible - One-Time Customer,254.0
17627.0,0.0,0.0,295.0,0.0,296.36,,Not Eligible - One-Time Customer,296.36
17629.0,4.0,207.0,238.0,226.91,1247.59,1189.4684678733206,Predicted CLV Eligible,1189.4684678733206
17630.0,0.0,0.0,49.0,0.0,335.5,,Not Eligible - One-Time Customer,335.5
17631.0,4.0,498.0,547.0,177.3025,772.71,455.31792251312385,Predicted CLV Eligible,455.31792251312385
17633.0,2.0,10.0,206.0,184.075,732.55,407.6174036299266,Predicted CLV Eligible,407.6174036299266
17634.0,4.0,125.0,154.0,256.41,1811.29,1876.7783014921313,Predicted CLV Eligible,1876.7783014921313
17635.0,2.0,166.0,407.0,363.39,1265.58,625.5912872201458,Predicted CLV Eligible,625.5912872201458
17638.0,1.0,74.0,538.0,234.0,842.4,112.89440744446877,Predicted CLV Eligible,112.89440744446877
17639.0,3.0,207.0,300.0,144.79666666666665,615.17,488.74791221642727,Predicted CLV Eligible,488.74791221642727
17640.0,4.0,247.0,443.0,518.3249999999999,2547.2799999999997,1521.1448995620103,Predicted CLV Eligible,1521.1448995620103
17642.0,2.0,305.0,551.0,415.59000000000003,1112.2,566.3064397484392,Predicted CLV Eligible,566.3064397484392
17643.0,1.0,132.0,322.0,101.55,439.70000000000005,124.96201392762829,Predicted CLV Eligible,124.96201392762829
17644.0,10.0,458.0,478.0,343.08000000000004,4054.73,2288.6295877120738,Predicted CLV Eligible,2288.6295877120738
17646.0,11.0,504.0,540.0,314.8445454545454,3898.79,2058.690406613602,Predicted CLV Eligible,2058.690406613602
17647.0,0.0,0.0,486.0,0.0,198.6,,Not Eligible - One-Time Customer,198.6
17648.0,2.0,193.0,202.0,553.6949999999999,1526.26,1836.7347430733573,Predicted CLV Eligible,1836.7347430733573
17649.0,1.0,3.0,289.0,14.850000000000001,710.4,16.860512395260375,Predicted CLV Eligible,16.860512395260375
17651.0,4.0,28.0,343.0,361.4175,1758.52,167.85496383146733,Predicted CLV Eligible,167.85496383146733
17652.0,2.0,91.0,98.0,610.65,1443.6,3392.6512904433566,Predicted CLV Eligible,3392.6512904433566
17654.0,0.0,0.0,94.0,0.0,117.55,,Not Eligible - One-Time Customer,117.55
17655.0,5.0,206.0,233.0,325.3,1940.14,2108.2820414742987,Predicted CLV Eligible,2108.2820414742987
17657.0,0.0,0.0,247.0,0.0,126.0,,Not Eligible - One-Time Customer,126.0
17658.0,0.0,0.0,28.0,0.0,317.59999999999997,,Not Eligible - One-Time Customer,317.59999999999997
17659.0,6.0,202.0,203.0,191.75333333333333,1715.55,1648.0193666094544,Predicted CLV Eligible,1648.0193666094544
17660.0,0.0,0.0,554.0,0.0,163.47,,Not Eligible - One-Time Customer,163.47
17662.0,1.0,61.0,539.0,59.92,412.92,30.194467970919373,Predicted CLV Eligible,30.194467970919373
17663.0,12.0,447.0,462.0,301.3775,4163.7300000000005,2466.4618225911595,Predicted CLV Eligible,2466.4618225911595
17664.0,2.0,408.0,437.0,289.46500000000003,887.78,507.0045826638562,Predicted CLV Eligible,507.0045826638562
17665.0,0.0,0.0,310.0,0.0,563.1,,Not Eligible - One-Time Customer,563.1
17666.0,2.0,50.0,344.0,504.11999999999995,1319.6399999999999,754.8982898134234,Predicted CLV Eligible,754.8982898134234
17667.0,5.0,443.0,471.0,559.432,3251.86,1985.314072961172,Predicted CLV Eligible,1985.314072961172
17669.0,5.0,407.0,434.0,568.1479999999999,4346.63,2168.1416704087865,Predicted CLV Eligible,2168.1416704087865
17670.0,0.0,0.0,44.0,0.0,205.7,,Not Eligible - One-Time Customer,205.7
17671.0,2.0,164.0,192.0,393.365,1223.1799999999998,1358.0665466301953,Predicted CLV Eligible,1358.0665466301953
17672.0,4.0,373.0,499.0,915.8525000000001,3778.3,2497.305587667605,Predicted CLV Eligible,2497.305587667605
17673.0,8.0,444.0,447.0,378.50874999999996,3612.0099999999998,2174.047947357956,Predicted CLV Eligible,2174.047947357956
17674.0,0.0,0.0,185.0,0.0,300.66,,Not Eligible - One-Time Customer,300.66
17675.0,45.0,542.0,546.0,548.558,25013.81,14006.336314265982,Predicted CLV Eligible,14006.336314265982
17676.0,4.0,253.0,436.0,252.215,1378.1599999999999,760.7862241833476,Predicted CLV Eligible,760.7862241833476
17677.0,23.0,511.0,540.0,1040.3265217391304,24958.16,13843.210284957231,Predicted CLV Eligible,13843.210284957231
17678.0,1.0,340.0,420.0,298.11,599.76,306.07583722207113,Predicted CLV Eligible,306.07583722207113
17679.0,3.0,215.0,553.0,373.5,1585.5,648.4403125880987,Predicted CLV Eligible,648.4403125880987
17680.0,1.0,128.0,328.0,87.0,313.05,105.91775132264625,Predicted CLV Eligible,105.91775132264625
17681.0,3.0,96.0,510.0,128.06666666666666,731.2,147.6824148704634,Predicted CLV Eligible,147.6824148704634
17682.0,7.0,449.0,458.0,332.1228571428572,2698.36,1649.2755488006605,Predicted CLV Eligible,1649.2755488006605
17683.0,2.0,169.0,371.0,156.41,819.01,303.858873001805,Predicted CLV Eligible,303.858873001805
17685.0,9.0,400.0,483.0,352.7711111111111,3811.84,2094.5074502469697,Predicted CLV Eligible,2094.5074502469697
17686.0,3.0,333.0,350.0,1433.0766666666666,5594.1,4200.976721788005,Predicted CLV Eligible,4200.976721788005
17687.0,0.0,0.0,237.0,0.0,432.68,,Not Eligible - One-Time Customer,432.68
17688.0,0.0,0.0,210.0,0.0,304.2,,Not Eligible - One-Time Customer,304.2
17689.0,1.0,86.0,291.0,151.08,317.08000000000004,182.26997552786648,Predicted CLV Eligible,182.26997552786648
17690.0,13.0,488.0,491.0,382.7023076923077,5269.78,3201.8238115731388,Predicted CLV Eligible,3201.8238115731388
17691.0,3.0,188.0,363.0,154.96666666666667,637.55,430.25176052713965,Predicted CLV Eligible,430.25176052713965
17692.0,9.0,314.0,357.0,279.4133333333333,2858.3199999999997,2177.031494748278,Predicted CLV Eligible,2177.031494748278
17694.0,1.0,51.0,379.0,801.98,1412.85,553.0362331909669,Predicted CLV Eligible,553.0362331909669
17695.0,2.0,286.0,497.0,338.4,980.6999999999999,510.2463206289525,Predicted CLV Eligible,510.2463206289525
17696.0,19.0,544.0,546.0,305.4710526315789,6231.47,3351.104000226519,Predicted CLV Eligible,3351.104000226519
17697.0,0.0,0.0,53.0,0.0,338.95,,Not Eligible - One-Time Customer,338.95
17698.0,0.0,0.0,77.0,0.0,154.95,,Not Eligible - One-Time Customer,154.95
17699.0,1.0,85.0,378.0,259.3,442.0,218.40070451430543,Predicted CLV Eligible,218.40070451430543
17700.0,10.0,525.0,555.0,457.41700000000003,5270.900000000001,2663.555989505868,Predicted CLV Eligible,2663.555989505868
17701.0,0.0,0.0,69.0,0.0,417.95,,Not Eligible - One-Time Customer,417.95
17702.0,2.0,194.0,217.0,465.145,1759.47,1457.736185348791,Predicted CLV Eligible,1457.736185348791
17703.0,0.0,0.0,235.0,0.0,296.1,,Not Eligible - One-Time Customer,296.1
17704.0,0.0,0.0,56.0,0.0,387.29,,Not Eligible - One-Time Customer,387.29
17705.0,4.0,361.0,393.0,132.245,617.6800000000001,458.70837132534547,Predicted CLV Eligible,458.70837132534547
17706.0,13.0,502.0,506.0,667.7584615384616,10958.93,5431.964083853581,Predicted CLV Eligible,5431.964083853581
17707.0,7.0,547.0,549.0,79.75714285714287,609.3000000000001,341.95712312962104,Predicted CLV Eligible,341.95712312962104
17708.0,3.0,236.0,240.0,192.54333333333332,884.1800000000001,788.4278834519856,Predicted CLV Eligible,788.4278834519856
17709.0,3.0,133.0,420.0,94.03000000000002,533.56,202.08067782032873,Predicted CLV Eligible,202.08067782032873
17710.0,0.0,0.0,240.0,0.0,293.5,,Not Eligible - One-Time Customer,293.5
17711.0,0.0,0.0,106.0,0.0,220.53000000000003,,Not Eligible - One-Time Customer,220.53000000000003
17713.0,3.0,166.0,365.0,298.3866666666667,1198.0900000000001,796.7841861499796,Predicted CLV Eligible,796.7841861499796
17714.0,4.0,193.0,330.0,266.64250000000004,1410.18,1029.6234050735013,Predicted CLV Eligible,1029.6234050735013
17715.0,1.0,392.0,409.0,326.4,489.59999999999997,349.2294165901145,Predicted CLV Eligible,349.2294165901145
17716.0,12.0,488.0,554.0,936.0333333333333,11752.6,6462.390244479462,Predicted CLV Eligible,6462.390244479462
17717.0,0.0,0.0,238.0,0.0,376.92,,Not Eligible - One-Time Customer,376.92
17718.0,1.0,412.0,461.0,139.35,439.17999999999995,139.19044283312763,Predicted CLV Eligible,139.19044283312763
17719.0,4.0,65.0,72.0,347.9075,1971.46,4191.714571039257,Predicted CLV Eligible,4191.714571039257
17720.0,7.0,353.0,395.0,267.2471428571429,2003.35,1510.164875766605,Predicted CLV Eligible,1510.164875766605
17721.0,0.0,0.0,476.0,0.0,307.21000000000004,,Not Eligible - One-Time Customer,307.21000000000004
17722.0,3.0,186.0,192.0,700.2933333333334,3197.06,3372.652509202212,Predicted CLV Eligible,3372.652509202212
17723.0,3.0,184.0,192.0,387.2666666666667,1263.8000000000002,1872.9561539999456,Predicted CLV Eligible,1872.9561539999456
17725.0,3.0,75.0,84.0,310.64000000000004,1269.63,2670.0844863701673,Predicted CLV Eligible,2670.0844863701673
17726.0,6.0,287.0,499.0,163.87000000000003,1092.0600000000002,610.7127127790276,Predicted CLV Eligible,610.7127127790276
17728.0,1.0,49.0,270.0,372.55,1362.75,409.27437560837046,Predicted CLV Eligible,409.27437560837046
17729.0,0.0,0.0,413.0,0.0,438.65000000000003,,Not Eligible - One-Time Customer,438.65000000000003
17730.0,10.0,404.0,406.0,415.938,4506.72,3207.9520213647993,Predicted CLV Eligible,3207.9520213647993
17731.0,1.0,47.0,485.0,95.78,468.88,48.428960992417174,Predicted CLV Eligible,48.428960992417174
17732.0,6.0,115.0,304.0,297.2483333333334,2166.42,1249.3341657620547,Predicted CLV Eligible,1249.3341657620547
17733.0,0.0,0.0,78.0,0.0,216.95000000000002,,Not Eligible - One-Time Customer,216.95000000000002
17734.0,3.0,409.0,459.0,177.65666666666667,854.6700000000001,417.59623126328387,Predicted CLV Eligible,417.59623126328387
17735.0,15.0,310.0,314.0,635.3633333333333,9801.47,9010.247744156897,Predicted CLV Eligible,9010.247744156897
17738.0,6.0,348.0,447.0,438.54333333333335,3084.43,1908.1543506550263,Predicted CLV Eligible,1908.1543506550263
17739.0,13.0,536.0,549.0,430.6776923076923,6010.01,3255.6947969767793,Predicted CLV Eligible,3255.6947969767793
17740.0,5.0,308.0,514.0,73.32000000000001,426.9,236.41164250469075,Predicted CLV Eligible,236.41164250469075
17741.0,1.0,154.0,377.0,59.7,101.10000000000001,68.2625405867835,Predicted CLV Eligible,68.2625405867835
17742.0,9.0,406.0,555.0,203.04333333333335,2045.94,1044.736887516372,Predicted CLV Eligible,1044.736887516372
17743.0,0.0,0.0,265.0,0.0,229.2,,Not Eligible - One-Time Customer,229.2
17744.0,4.0,130.0,197.0,322.24,1615.7,1929.817890302681,Predicted CLV Eligible,1929.817890302681
17745.0,1.0,78.0,372.0,111.11,600.34,98.3902678744656,Predicted CLV Eligible,98.3902678744656
17746.0,2.0,370.0,427.0,249.79999999999998,904.1800000000001,446.60913674990803,Predicted CLV Eligible,446.60913674990803
17748.0,0.0,0.0,344.0,0.0,358.15,,Not Eligible - One-Time Customer,358.15
17749.0,1.0,290.0,363.0,369.01,720.6700000000001,426.61985023989047,Predicted CLV Eligible,426.61985023989047
17751.0,0.0,0.0,238.0,0.0,157.85999999999999,,Not Eligible - One-Time Customer,157.85999999999999
17752.0,0.0,0.0,176.0,0.0,80.64,,Not Eligible - One-Time Customer,80.64
17753.0,2.0,238.0,519.0,175.805,382.05999999999995,251.35002799602512,Predicted CLV Eligible,251.35002799602512
17754.0,7.0,468.0,545.0,397.23285714285714,3050.81,1677.6471056872267,Predicted CLV Eligible,1677.6471056872267
17756.0,2.0,19.0,211.0,276.425,728.75,650.9556494715293,Predicted CLV Eligible,650.9556494715293
17757.0,39.0,504.0,512.0,148.54153846153847,5910.4,3494.699521311962,Predicted CLV Eligible,3494.699521311962
17758.0,5.0,360.0,385.0,434.55,2607.71,1844.7339595394221,Predicted CLV Eligible,1844.7339595394221
17759.0,1.0,190.0,400.0,309.77,441.91999999999996,301.5946454324901,Predicted CLV Eligible,301.5946454324901
17760.0,3.0,276.0,466.0,163.26666666666665,631.3399999999999,368.77204581650795,Predicted CLV Eligible,368.77204581650795
17762.0,0.0,0.0,273.0,0.0,129.75,,Not Eligible - One-Time Customer,129.75
17763.0,2.0,396.0,476.0,34.05,86.15,63.16883316769748,Predicted CLV Eligible,63.16883316769748
17764.0,3.0,525.0,553.0,261.5133333333333,971.69,517.3905524316741,Predicted CLV Eligible,517.3905524316741
17765.0,2.0,238.0,265.0,129.15,414.67,355.368582177862,Predicted CLV Eligible,355.368582177862
17766.0,0.0,0.0,198.0,0.0,299.61,,Not Eligible - One-Time Customer,299.61
17767.0,0.0,0.0,227.0,0.0,141.85,,Not Eligible - One-Time Customer,141.85
17768.0,2.0,350.0,554.0,414.13,1210.83,569.1259540194785,Predicted CLV Eligible,569.1259540194785
17769.0,8.0,411.0,506.0,462.73875,3972.71,2354.7773268898386,Predicted CLV Eligible,2354.7773268898386
17770.0,3.0,84.0,99.0,180.03333333333333,1143.27,1407.5116463636448,Predicted CLV Eligible,1407.5116463636448
17771.0,2.0,266.0,406.0,120.69999999999999,257.4,227.34806798204383,Predicted CLV Eligible,227.34806798204383
17772.0,0.0,0.0,209.0,0.0,187.3,,Not Eligible - One-Time Customer,187.3
17773.0,1.0,176.0,507.0,209.02,575.37,153.17912819062403,Predicted CLV Eligible,153.17912819062403
17774.0,6.0,420.0,486.0,352.0716666666667,2655.09,1432.3751876157762,Predicted CLV Eligible,1432.3751876157762
17775.0,0.0,0.0,71.0,0.0,56.4,,Not Eligible - One-Time Customer,56.4
17776.0,1.0,337.0,540.0,122.81,330.56,101.65806395897071,Predicted CLV Eligible,101.65806395897071
17778.0,0.0,0.0,478.0,0.0,197.70000000000002,,Not Eligible - One-Time Customer,197.70000000000002
17780.0,1.0,17.0,501.0,193.81,346.56,62.79208212345623,Predicted CLV Eligible,62.79208212345623
17781.0,0.0,0.0,70.0,0.0,102.0,,Not Eligible - One-Time Customer,102.0
17782.0,0.0,0.0,199.0,0.0,679.02,,Not Eligible - One-Time Customer,679.02
17783.0,1.0,265.0,329.0,112.41,205.89999999999998,151.56159588610444,Predicted CLV Eligible,151.56159588610444
17784.0,0.0,0.0,367.0,0.0,112.86,,Not Eligible - One-Time Customer,112.86
17785.0,1.0,120.0,382.0,156.19,271.44,148.04006843679178,Predicted CLV Eligible,148.04006843679178
17786.0,0.0,0.0,134.0,0.0,103.35,,Not Eligible - One-Time Customer,103.35
17787.0,2.0,67.0,188.0,466.12,1668.52,1531.8834189325376,Predicted CLV Eligible,1531.8834189325376
17789.0,1.0,380.0,478.0,225.9,397.15,208.67776758435855,Predicted CLV Eligible,208.67776758435855
17790.0,12.0,346.0,361.0,125.53166666666668,1712.12,1281.704673471446,Predicted CLV Eligible,1281.704673471446
17792.0,1.0,11.0,295.0,117.31,368.35,88.92507967383139,Predicted CLV Eligible,88.92507967383139
17794.0,1.0,2.0,505.0,13.5,147.3,5.826849313816263,Predicted CLV Eligible,5.826849313816263
17795.0,0.0,0.0,81.0,0.0,155.69,,Not Eligible - One-Time Customer,155.69
17796.0,5.0,108.0,238.0,203.84,1160.49,1181.3221492411428,Predicted CLV Eligible,1181.3221492411428
17797.0,4.0,329.0,541.0,246.4275,1191.44,616.0294824106008,Predicted CLV Eligible,616.0294824106008
17798.0,0.0,0.0,398.0,0.0,178.07,,Not Eligible - One-Time Customer,178.07
17799.0,12.0,484.0,543.0,355.0441666666666,4594.99,2502.624671309393,Predicted CLV Eligible,2502.624671309393
17800.0,2.0,117.0,151.0,109.4,354.85,468.2809017747936,Predicted CLV Eligible,468.2809017747936
17801.0,2.0,240.0,508.0,193.795,770.03,283.01416223411087,Predicted CLV Eligible,283.01416223411087
17802.0,6.0,354.0,543.0,539.7383333333333,3761.38,1919.453597109586,Predicted CLV Eligible,1919.453597109586
17803.0,0.0,0.0,209.0,0.0,184.66,,Not Eligible - One-Time Customer,184.66
17804.0,2.0,362.0,555.0,129.41500000000002,383.78,183.50596079571744,Predicted CLV Eligible,183.50596079571744
17805.0,0.0,0.0,427.0,0.0,414.72,,Not Eligible - One-Time Customer,414.72
17807.0,2.0,309.0,521.0,124.095,437.87,185.1111918101882,Predicted CLV Eligible,185.1111918101882
17808.0,3.0,33.0,398.0,46.946666666666665,262.64,35.10307659156856,Predicted CLV Eligible,35.10307659156856
17809.0,11.0,520.0,554.0,599.0890909090909,7324.68,3822.0600152203183,Predicted CLV Eligible,3822.0600152203183
17810.0,1.0,15.0,500.0,64.14,373.15999999999997,22.567431009802277,Predicted CLV Eligible,22.567431009802277
17811.0,24.0,258.0,262.0,231.94375000000002,5793.66,6051.323450115854,Predicted CLV Eligible,6051.323450115854
17812.0,3.0,162.0,347.0,101.36,405.48,291.70517570231993,Predicted CLV Eligible,291.70517570231993
17814.0,1.0,47.0,239.0,808.75,1609.37,1005.3823325836008,Predicted CLV Eligible,1005.3823325836008
17815.0,0.0,0.0,210.0,0.0,591.96,,Not Eligible - One-Time Customer,591.96
17816.0,3.0,455.0,541.0,18.743333333333336,80.86,44.82932388997888,Predicted CLV Eligible,44.82932388997888
17817.0,3.0,145.0,239.0,188.67333333333332,670.1700000000001,757.8690157621303,Predicted CLV Eligible,757.8690157621303
17818.0,0.0,0.0,554.0,0.0,124.78,,Not Eligible - One-Time Customer,124.78
17819.0,9.0,532.0,543.0,515.5666666666667,5185.2,2773.907126676823,Predicted CLV Eligible,2773.907126676823
17820.0,0.0,0.0,191.0,0.0,180.60999999999999,,Not Eligible - One-Time Customer,180.60999999999999
17821.0,0.0,0.0,223.0,0.0,334.62,,Not Eligible - One-Time Customer,334.62
17822.0,1.0,140.0,377.0,1088.01,2162.9300000000003,1026.7438081201235,Predicted CLV Eligible,1026.7438081201235
17823.0,0.0,0.0,238.0,0.0,449.25,,Not Eligible - One-Time Customer,449.25
17825.0,1.0,127.0,542.0,264.5,701.96,156.84846876425712,Predicted CLV Eligible,156.84846876425712
17826.0,0.0,0.0,191.0,0.0,133.34,,Not Eligible - One-Time Customer,133.34
17827.0,2.0,379.0,438.0,790.235,1969.31,1359.6786814178677,Predicted CLV Eligible,1359.6786814178677
17828.0,0.0,0.0,1.0,0.0,833.16,,Not Eligible - One-Time Customer,833.16
17829.0,4.0,357.0,472.0,861.61,4756.74,2472.256759370026,Predicted CLV Eligible,2472.256759370026
17830.0,1.0,27.0,105.0,99.15,287.65,289.5230755777538,Predicted CLV Eligible,289.5230755777538
17833.0,0.0,0.0,540.0,0.0,338.46000000000004,,Not Eligible - One-Time Customer,338.46000000000004
17834.0,1.0,31.0,262.0,276.99,689.6700000000001,286.62184805719545,Predicted CLV Eligible,286.62184805719545
17838.0,9.0,338.0,447.0,455.5133333333333,4538.84,2862.054289379708,Predicted CLV Eligible,2862.054289379708
17840.0,0.0,0.0,260.0,0.0,175.9,,Not Eligible - One-Time Customer,175.9
17841.0,126.0,553.0,554.0,315.5628571428571,40286.63,22095.82479186323,Predicted CLV Eligible,22095.82479186323
17842.0,0.0,0.0,419.0,0.0,430.69,,Not Eligible - One-Time Customer,430.69
17843.0,1.0,108.0,228.0,205.48,320.4,332.7559284262857,Predicted CLV Eligible,332.7559284262857
17845.0,1.0,21.0,393.0,144.9,596.09,77.20038228651553,Predicted CLV Eligible,77.20038228651553
17847.0,1.0,130.0,462.0,89.04,129.69,71.56818944401327,Predicted CLV Eligible,71.56818944401327
17848.0,22.0,484.0,550.0,130.50363636363636,3046.28,1626.8870365649,Predicted CLV Eligible,1626.8870365649
17849.0,6.0,417.0,452.0,145.4466666666667,1063.76,637.8991240090708,Predicted CLV Eligible,637.8991240090708
17850.0,22.0,362.0,551.0,2223.0213636363637,51208.87,5641.145919691371,Predicted CLV Eligible,5641.145919691371
17851.0,5.0,314.0,553.0,247.06199999999998,1552.35,718.1196009396496,Predicted CLV Eligible,718.1196009396496
17852.0,2.0,343.0,548.0,227.71,543.47,319.3939918338757,Predicted CLV Eligible,319.3939918338757
17853.0,2.0,329.0,553.0,505.97,1596.29,690.7997769191674,Predicted CLV Eligible,690.7997769191674
17854.0,4.0,546.0,548.0,233.14,1068.5,596.9034528117983,Predicted CLV Eligible,596.9034528117983
17855.0,0.0,0.0,189.0,0.0,208.97,,Not Eligible - One-Time Customer,208.97
17856.0,2.0,48.0,98.0,329.91,1142.6299999999999,1804.6074882665391,Predicted CLV Eligible,1804.6074882665391
17857.0,9.0,435.0,458.0,975.9822222222223,9251.84,6107.264681535915,Predicted CLV Eligible,6107.264681535915
17858.0,21.0,472.0,550.0,449.94380952380953,9982.79,5313.869009684825,Predicted CLV Eligible,5313.869009684825
17859.0,0.0,0.0,121.0,0.0,141.92000000000002,,Not Eligible - One-Time Customer,141.92000000000002
17860.0,2.0,360.0,545.0,235.22500000000002,717.39,332.85154463700246,Predicted CLV Eligible,332.85154463700246
17861.0,11.0,476.0,546.0,283.58181818181816,3448.39,1829.6663696640378,Predicted CLV Eligible,1829.6663696640378
17862.0,3.0,240.0,380.0,368.02,1254.89,990.1420960329228,Predicted CLV Eligible,990.1420960329228
17863.0,8.0,398.0,469.0,404.6,3572.38,2212.6896284550567,Predicted CLV Eligible,2212.6896284550567
17864.0,2.0,152.0,244.0,157.78,522.5699999999999,452.25812506177544,Predicted CLV Eligible,452.25812506177544
17865.0,25.0,534.0,555.0,774.328,19947.53,10914.323354653914,Predicted CLV Eligible,10914.323354653914
17866.0,1.0,241.0,542.0,655.8000000000001,805.3000000000001,466.26678542411344,Predicted CLV Eligible,466.26678542411344
17867.0,9.0,534.0,554.0,104.69777777777779,1028.23,558.3925787235839,Predicted CLV Eligible,558.3925787235839
17868.0,0.0,0.0,203.0,0.0,227.15,,Not Eligible - One-Time Customer,227.15
17869.0,4.0,332.0,364.0,135.3075,696.42,501.3834594992743,Predicted CLV Eligible,501.3834594992743
17870.0,1.0,15.0,198.0,326.4,1213.7999999999997,424.4943002451904,Predicted CLV Eligible,424.4943002451904
17871.0,4.0,489.0,510.0,209.6175,1068.95,572.9304066653087,Predicted CLV Eligible,572.9304066653087
17872.0,0.0,0.0,198.0,0.0,235.87,,Not Eligible - One-Time Customer,235.87
17873.0,13.0,539.0,540.0,415.42538461538464,5993.29,3189.5478418190683,Predicted CLV Eligible,3189.5478418190683
17874.0,2.0,70.0,72.0,309.15000000000003,683.46,2090.45088379983,Predicted CLV Eligible,2090.45088379983
17875.0,0.0,0.0,505.0,0.0,167.1,,Not Eligible - One-Time Customer,167.1
17876.0,2.0,276.0,492.0,1323.31,3424.02,1982.8269531510798,Predicted CLV Eligible,1982.8269531510798
17878.0,0.0,0.0,212.0,0.0,999.48,,Not Eligible - One-Time Customer,999.48
17880.0,2.0,366.0,547.0,326.66,824.9200000000001,458.0388209195395,Predicted CLV Eligible,458.0388209195395
17881.0,0.0,0.0,121.0,0.0,133.35000000000002,,Not Eligible - One-Time Customer,133.35000000000002
17882.0,0.0,0.0,196.0,0.0,291.56,,Not Eligible - One-Time Customer,291.56
17883.0,2.0,406.0,469.0,137.475,443.42999999999995,230.35440877202436,Predicted CLV Eligible,230.35440877202436
17884.0,14.0,424.0,552.0,174.61142857142858,2593.94,1358.8297597770884,Predicted CLV Eligible,1358.8297597770884
17886.0,4.0,379.0,406.0,234.195,1080.98,782.4154101141224,Predicted CLV Eligible,782.4154101141224
17888.0,18.0,506.0,535.0,66.49555555555555,1260.17,709.3704441914672,Predicted CLV Eligible,709.3704441914672
17889.0,4.0,406.0,435.0,182.495,746.42,575.6930815229075,Predicted CLV Eligible,575.6930815229075
17890.0,1.0,39.0,178.0,123.88,586.89,223.8089830115248,Predicted CLV Eligible,223.8089830115248
17893.0,0.0,0.0,42.0,0.0,107.21,,Not Eligible - One-Time Customer,107.21
17894.0,14.0,184.0,286.0,137.16285714285715,2052.62,1592.997980541178,Predicted CLV Eligible,1592.997980541178
17897.0,6.0,209.0,393.0,283.52666666666664,1968.75,1265.132293406962,Predicted CLV Eligible,1265.132293406962
17898.0,2.0,360.0,384.0,66.04,246.96,138.29944029101932,Predicted CLV Eligible,138.29944029101932
17900.0,0.0,0.0,7.0,0.0,112.19999999999999,,Not Eligible - One-Time Customer,112.19999999999999
17901.0,0.0,0.0,338.0,0.0,149.7,,Not Eligible - One-Time Customer,149.7
17902.0,0.0,0.0,363.0,0.0,216.39999999999998,,Not Eligible - One-Time Customer,216.39999999999998
17903.0,0.0,0.0,211.0,0.0,381.09000000000003,,Not Eligible - One-Time Customer,381.09000000000003
17905.0,9.0,328.0,497.0,177.3722222222222,1772.78,971.3256152315054,Predicted CLV Eligible,971.3256152315054
17906.0,0.0,0.0,64.0,0.0,72.9,,Not Eligible - One-Time Customer,72.9
17907.0,0.0,0.0,457.0,0.0,291.76,,Not Eligible - One-Time Customer,291.76
17908.0,4.0,352.0,542.0,185.8775,1142.47,469.89898468243,Predicted CLV Eligible,469.89898468243
17909.0,0.0,0.0,554.0,0.0,110.05,,Not Eligible - One-Time Customer,110.05
17910.0,0.0,0.0,543.0,0.0,261.7,,Not Eligible - One-Time Customer,261.7
17912.0,4.0,65.0,192.0,77.515,374.55,432.3528384505134,Predicted CLV Eligible,432.3528384505134
17913.0,11.0,381.0,553.0,269.2127272727273,3238.69,1598.4697269652984,Predicted CLV Eligible,1598.4697269652984
17915.0,0.0,0.0,368.0,0.0,225.78,,Not Eligible - One-Time Customer,225.78
17916.0,1.0,105.0,550.0,18.41,43.870000000000005,15.520699477003271,Predicted CLV Eligible,15.520699477003271
17917.0,1.0,106.0,179.0,119.55,226.70999999999998,253.29691980581924,Predicted CLV Eligible,253.29691980581924
17918.0,2.0,5.0,322.0,135.23,396.39,120.18961075593683,Predicted CLV Eligible,120.18961075593683
17919.0,0.0,0.0,255.0,0.0,536.28,,Not Eligible - One-Time Customer,536.28
17920.0,38.0,533.0,550.0,529.3715789473684,20974.920000000002,11354.834640558036,Predicted CLV Eligible,11354.834640558036
17921.0,6.0,246.0,329.0,281.09999999999997,1852.2,1597.9909358542054,Predicted CLV Eligible,1597.9909358542054
17922.0,0.0,0.0,360.0,0.0,170.4,,Not Eligible - One-Time Customer,170.4
17923.0,2.0,262.0,361.0,154.75,497.0,321.9948488855565,Predicted CLV Eligible,321.9948488855565
17924.0,2.0,113.0,231.0,251.10000000000002,797.4000000000001,728.3812133660718,Predicted CLV Eligible,728.3812133660718
17925.0,0.0,0.0,189.0,0.0,244.08,,Not Eligible - One-Time Customer,244.08
17926.0,3.0,376.0,396.0,223.87666666666667,849.9300000000001,598.1273439760594,Predicted CLV Eligible,598.1273439760594
17927.0,0.0,0.0,538.0,0.0,294.0,,Not Eligible - One-Time Customer,294.0
17928.0,1.0,325.0,388.0,78.25999999999999,206.95999999999998,95.72897719822183,Predicted CLV Eligible,95.72897719822183
17929.0,8.0,476.0,547.0,285.21250000000003,2674.1,1361.9657996791057,Predicted CLV Eligible,1361.9657996791057
17930.0,8.0,406.0,462.0,335.2475,2925.34,1863.286382829034,Predicted CLV Eligible,1863.286382829034
17931.0,9.0,406.0,478.0,325.96555555555557,3291.08,1958.1178294461185,Predicted CLV Eligible,1958.1178294461185
17932.0,0.0,0.0,28.0,0.0,589.01,,Not Eligible - One-Time Customer,589.01
17933.0,0.0,0.0,449.0,0.0,114.69,,Not Eligible - One-Time Customer,114.69
17934.0,0.0,0.0,223.0,0.0,344.90000000000003,,Not Eligible - One-Time Customer,344.90000000000003
17935.0,3.0,335.0,552.0,144.70000000000002,540.35,281.9275082689831,Predicted CLV Eligible,281.9275082689831
17937.0,3.0,105.0,179.0,644.64,3327.48,3206.270162668381,Predicted CLV Eligible,3206.270162668381
17938.0,0.0,0.0,237.0,0.0,144.29,,Not Eligible - One-Time Customer,144.29
17940.0,9.0,518.0,553.0,2809.1433333333334,29662.29,14817.091851746978,Predicted CLV Eligible,14817.091851746978
17941.0,2.0,112.0,519.0,357.0,1128.72,403.1385217048217,Predicted CLV Eligible,403.1385217048217
17944.0,0.0,0.0,240.0,0.0,74.99,,Not Eligible - One-Time Customer,74.99
17945.0,0.0,0.0,513.0,0.0,360.35,,Not Eligible - One-Time Customer,360.35
17946.0,1.0,26.0,76.0,132.03,149.57999999999998,482.29359681517855,Predicted CLV Eligible,482.29359681517855
17949.0,52.0,548.0,554.0,1299.4153846153847,69435.6,37761.798776594995,Predicted CLV Eligible,37761.798776594995
17950.0,4.0,339.0,521.0,203.82750000000001,947.26,533.5346808626201,Predicted CLV Eligible,533.5346808626201
17951.0,2.0,46.0,221.0,204.75,741.54,547.3063664427161,Predicted CLV Eligible,547.3063664427161
17952.0,1.0,163.0,358.0,428.35,788.46,451.95957658298556,Predicted CLV Eligible,451.95957658298556
17953.0,0.0,0.0,357.0,0.0,159.17000000000002,,Not Eligible - One-Time Customer,159.17000000000002
17954.0,13.0,546.0,547.0,206.43923076923076,3006.69,1570.0305341518595,Predicted CLV Eligible,1570.0305341518595
17955.0,4.0,467.0,482.0,231.22500000000002,949.9000000000001,664.1875320568781,Predicted CLV Eligible,664.1875320568781
17956.0,0.0,0.0,66.0,0.0,12.75,,Not Eligible - One-Time Customer,12.75
17958.0,0.0,0.0,545.0,0.0,465.42,,Not Eligible - One-Time Customer,465.42
17959.0,0.0,0.0,409.0,0.0,140.75,,Not Eligible - One-Time Customer,140.75
17960.0,1.0,119.0,458.0,50.400000000000006,61.300000000000004,43.336975135074375,Predicted CLV Eligible,43.336975135074375
17961.0,67.0,542.0,555.0,36.456567164179106,2444.69,1365.128804654705,Predicted CLV Eligible,1365.128804654705
17962.0,1.0,146.0,512.0,198.32,564.55,135.53409958030537,Predicted CLV Eligible,135.53409958030537
17963.0,3.0,218.0,506.0,157.32999999999998,643.16,311.1357923498754,Predicted CLV Eligible,311.1357923498754
17964.0,0.0,0.0,189.0,0.0,261.76,,Not Eligible - One-Time Customer,261.76
17965.0,20.0,473.0,542.0,273.213,5731.24,3138.671558294004,Predicted CLV Eligible,3138.671558294004
17966.0,4.0,506.0,507.0,191.7675,1148.99,528.1357138965392,Predicted CLV Eligible,528.1357138965392
17967.0,1.0,45.0,233.0,112.27,223.42,155.1147494270955,Predicted CLV Eligible,155.1147494270955
17968.0,3.0,139.0,329.0,153.96666666666667,590.44,449.7752666942562,Predicted CLV Eligible,449.7752666942562
17969.0,18.0,372.0,550.0,119.43833333333333,2251.29,739.7886845271519,Predicted CLV Eligible,739.7886845271519
17970.0,0.0,0.0,28.0,0.0,562.79,,Not Eligible - One-Time Customer,562.79
17971.0,0.0,0.0,365.0,0.0,161.94,,Not Eligible - One-Time Customer,161.94
17972.0,0.0,0.0,58.0,0.0,135.19,,Not Eligible - One-Time Customer,135.19
17974.0,3.0,188.0,224.0,330.64,1199.17,1412.790912086051,Predicted CLV Eligible,1412.790912086051
17975.0,17.0,298.0,307.0,287.3317647058824,4993.24,4692.015383995713,Predicted CLV Eligible,4692.015383995713
17976.0,0.0,0.0,189.0,0.0,321.79,,Not Eligible - One-Time Customer,321.79
17977.0,0.0,0.0,217.0,0.0,1223.31,,Not Eligible - One-Time Customer,1223.31
17978.0,3.0,366.0,548.0,345.62999999999994,1159.9899999999998,673.9996196431736,Predicted CLV Eligible,673.9996196431736
17979.0,0.0,0.0,76.0,0.0,231.67,,Not Eligible - One-Time Customer,231.67
17980.0,2.0,189.0,210.0,281.375,764.02,912.6112951276924,Predicted CLV Eligible,912.6112951276924
17981.0,0.0,0.0,227.0,0.0,239.12,,Not Eligible - One-Time Customer,239.12
17982.0,0.0,0.0,497.0,0.0,138.18,,Not Eligible - One-Time Customer,138.18
17983.0,0.0,0.0,212.0,0.0,171.71,,Not Eligible - One-Time Customer,171.71
17984.0,3.0,346.0,555.0,262.29333333333335,999.51,504.0297541038069,Predicted CLV Eligible,504.0297541038069
17987.0,4.0,365.0,367.0,197.865,965.44,724.78240811571,Predicted CLV Eligible,724.78240811571
17988.0,6.0,406.0,549.0,31.44333333333333,353.40999999999997,119.60729876941107,Predicted CLV Eligible,119.60729876941107
17989.0,0.0,0.0,196.0,0.0,207.32999999999998,,Not Eligible - One-Time Customer,207.32999999999998
17990.0,5.0,496.0,549.0,238.98200000000003,1527.6100000000001,741.9674256761815,Predicted CLV Eligible,741.9674256761815
17991.0,2.0,366.0,408.0,46.675000000000004,300.3,95.65928339450349,Predicted CLV Eligible,95.65928339450349
17992.0,0.0,0.0,206.0,0.0,252.88,,Not Eligible - One-Time Customer,252.88
17993.0,0.0,0.0,434.0,0.0,225.99,,Not Eligible - One-Time Customer,225.99
17994.0,9.0,431.0,437.0,175.10888888888888,2149.32,1150.44389983562,Predicted CLV Eligible,1150.44389983562
17995.0,2.0,106.0,204.0,81.175,495.48,274.3362291142469,Predicted CLV Eligible,274.3362291142469
17996.0,1.0,167.0,363.0,219.43,482.33,234.9863547663367,Predicted CLV Eligible,234.9863547663367
17998.0,2.0,358.0,555.0,204.82,639.24,285.53382487495253,Predicted CLV Eligible,285.53382487495253
17999.0,1.0,12.0,195.0,190.34,338.40999999999997,251.60243562525235,Predicted CLV Eligible,251.60243562525235
18000.0,0.0,0.0,381.0,0.0,124.25,,Not Eligible - One-Time Customer,124.25
18001.0,2.0,288.0,554.0,166.20499999999998,509.01,228.29896016054892,Predicted CLV Eligible,228.29896016054892
18002.0,3.0,356.0,548.0,66.68333333333334,244.37,135.7665210093537,Predicted CLV Eligible,135.7665210093537
18003.0,0.0,0.0,193.0,0.0,353.51,,Not Eligible - One-Time Customer,353.51
18004.0,0.0,0.0,179.0,0.0,157.92,,Not Eligible - One-Time Customer,157.92
18006.0,2.0,341.0,539.0,235.64,524.8299999999999,335.57215427188,Predicted CLV Eligible,335.57215427188
18007.0,0.0,0.0,209.0,0.0,215.22,,Not Eligible - One-Time Customer,215.22
18008.0,18.0,499.0,519.0,1091.7055555555555,19708.3,11869.037512539906,Predicted CLV Eligible,11869.037512539906
18009.0,6.0,417.0,469.0,315.3283333333333,2144.23,1326.9048358878836,Predicted CLV Eligible,1326.9048358878836
18010.0,0.0,0.0,73.0,0.0,174.8,,Not Eligible - One-Time Customer,174.8
18011.0,1.0,194.0,384.0,102.78999999999999,410.78999999999996,112.91774811029703,Predicted CLV Eligible,112.91774811029703
18012.0,0.0,0.0,540.0,0.0,115.3,,Not Eligible - One-Time Customer,115.3
18016.0,4.0,495.0,498.0,189.64,959.76,530.7948215609523,Predicted CLV Eligible,530.7948215609523
18017.0,1.0,121.0,248.0,165.0,330.0,253.52954539086818,Predicted CLV Eligible,253.52954539086818
18018.0,2.0,221.0,237.0,36.0,213.3,120.86502394840242,Predicted CLV Eligible,120.86502394840242
18020.0,0.0,0.0,360.0,0.0,190.48000000000002,,Not Eligible - One-Time Customer,190.48000000000002
18021.0,1.0,3.0,329.0,116.41,216.41,65.78966052225937,Predicted CLV Eligible,65.78966052225937
18022.0,3.0,161.0,363.0,240.67333333333332,894.53,644.5572316257789,Predicted CLV Eligible,644.5572316257789
18025.0,4.0,240.0,436.0,229.8175,1177.72,687.3174256991863,Predicted CLV Eligible,687.3174256991863
18026.0,1.0,5.0,322.0,1328.65,2074.07,737.2189267088563,Predicted CLV Eligible,737.2189267088563
18028.0,0.0,0.0,400.0,0.0,192.05,,Not Eligible - One-Time Customer,192.05
18029.0,0.0,0.0,459.0,0.0,433.77,,Not Eligible - One-Time Customer,433.77
18031.0,0.0,0.0,195.0,0.0,451.3,,Not Eligible - One-Time Customer,451.3
18032.0,0.0,0.0,151.0,0.0,73.5,,Not Eligible - One-Time Customer,73.5
18034.0,0.0,0.0,192.0,0.0,335.52,,Not Eligible - One-Time Customer,335.52
18035.0,0.0,0.0,202.0,0.0,546.34,,Not Eligible - One-Time Customer,546.34
18036.0,7.0,476.0,538.0,168.78857142857143,1252.32,726.4199424359966,Predicted CLV Eligible,726.4199424359966
18037.0,12.0,513.0,555.0,11.355833333333335,158.22,85.14740477042653,Predicted CLV Eligible,85.14740477042653
18038.0,0.0,0.0,373.0,0.0,141.48,,Not Eligible - One-Time Customer,141.48
18039.0,3.0,266.0,457.0,142.41666666666666,548.22,327.8146680637418,Predicted CLV Eligible,327.8146680637418
18040.0,0.0,0.0,62.0,0.0,239.0,,Not Eligible - One-Time Customer,239.0
18041.0,27.0,481.0,511.0,220.47296296296295,6473.01,3611.278170787181,Predicted CLV Eligible,3611.278170787181
18042.0,0.0,0.0,358.0,0.0,116.1,,Not Eligible - One-Time Customer,116.1
18043.0,1.0,160.0,183.0,133.68,421.59000000000003,289.2210533604728,Predicted CLV Eligible,289.2210533604728
18044.0,13.0,362.0,377.0,172.7969230769231,2300.22,1830.1117729449654,Predicted CLV Eligible,1830.1117729449654
18046.0,0.0,0.0,466.0,0.0,189.63,,Not Eligible - One-Time Customer,189.63
18047.0,0.0,0.0,198.0,0.0,326.09,,Not Eligible - One-Time Customer,326.09
18048.0,1.0,290.0,310.0,172.29000000000002,394.93,240.70093347345124,Predicted CLV Eligible,240.70093347345124
18049.0,1.0,153.0,407.0,238.57,500.92,218.3843423552961,Predicted CLV Eligible,218.3843423552961
18050.0,1.0,34.0,210.0,74.4,412.06000000000006,115.07781835658017,Predicted CLV Eligible,115.07781835658017
18051.0,6.0,96.0,547.0,324.83,2282.2799999999997,37.86850468433289,Predicted CLV Eligible,37.86850468433289
18052.0,0.0,0.0,381.0,0.0,10877.18,,Not Eligible - One-Time Customer,10877.18
18053.0,1.0,2.0,344.0,29.849999999999998,271.05,19.44143534008413,Predicted CLV Eligible,19.44143534008413
18054.0,0.0,0.0,209.0,0.0,176.5,,Not Eligible - One-Time Customer,176.5
18055.0,8.0,210.0,230.0,669.04,6743.83,6735.511941194021,Predicted CLV Eligible,6735.511941194021
18056.0,1.0,330.0,435.0,363.65,554.5999999999999,356.15898886112683,Predicted CLV Eligible,356.15898886112683
18057.0,2.0,297.0,507.0,445.57,1188.46,658.3265423326663,Predicted CLV Eligible,658.3265423326663
18058.0,1.0,126.0,484.0,302.7,603.9,207.85322150632064,Predicted CLV Eligible,207.85322150632064
18060.0,1.0,156.0,381.0,721.06,1185.46,694.1975757401115,Predicted CLV Eligible,694.1975757401115
18061.0,21.0,529.0,552.0,230.61,5155.02,2759.517867357199,Predicted CLV Eligible,2759.517867357199
18062.0,4.0,377.0,414.0,243.82999999999998,1398.07,799.7456270892638,Predicted CLV Eligible,799.7456270892638
18063.0,1.0,243.0,450.0,84.60000000000001,186.60000000000002,83.48381994967544,Predicted CLV Eligible,83.48381994967544
18064.0,7.0,441.0,493.0,517.6328571428571,4075.83,2395.5822288327995,Predicted CLV Eligible,2395.5822288327995
18065.0,13.0,511.0,547.0,331.8946153846154,4621.53,2515.278413630893,Predicted CLV Eligible,2515.278413630893
18066.0,1.0,29.0,232.0,371.1,1122.4,438.8694033510575,Predicted CLV Eligible,438.8694033510575
18068.0,0.0,0.0,106.0,0.0,101.69999999999999,,Not Eligible - One-Time Customer,101.69999999999999
18069.0,6.0,414.0,466.0,458.34999999999997,3129.69,1936.0458165857585,Predicted CLV Eligible,1936.0458165857585
18070.0,0.0,0.0,486.0,0.0,314.1,,Not Eligible - One-Time Customer,314.1
18071.0,4.0,477.0,551.0,235.60750000000002,1169.68,597.5317035020341,Predicted CLV Eligible,597.5317035020341
18072.0,0.0,0.0,2.0,0.0,247.44,,Not Eligible - One-Time Customer,247.44
18073.0,2.0,12.0,14.0,220.62,504.24,2768.594605726399,Predicted CLV Eligible,2768.594605726399
18074.0,1.0,132.0,322.0,489.6,1019.44,553.1238120865653,Predicted CLV Eligible,553.1238120865653
18075.0,15.0,294.0,315.0,254.30933333333334,4442.26,3597.416925364297,Predicted CLV Eligible,3597.416925364297
18076.0,0.0,0.0,197.0,0.0,151.49,,Not Eligible - One-Time Customer,151.49
18077.0,10.0,506.0,549.0,216.214,2373.76,1273.945200638061,Predicted CLV Eligible,1273.945200638061
18078.0,3.0,411.0,445.0,156.43666666666667,725.53,379.55407109088964,Predicted CLV Eligible,379.55407109088964
18079.0,1.0,253.0,308.0,1612.83,2203.6099999999997,2103.8795013048266,Predicted CLV Eligible,2103.8795013048266
18080.0,0.0,0.0,59.0,0.0,841.4999999999999,,Not Eligible - One-Time Customer,841.4999999999999
18083.0,0.0,0.0,214.0,0.0,463.53,,Not Eligible - One-Time Customer,463.53
18084.0,1.0,5.0,205.0,88.5,704.75,108.4245142125427,Predicted CLV Eligible,108.4245142125427
18085.0,3.0,298.0,445.0,361.0333333333333,1341.85,849.1401265482523,Predicted CLV Eligible,849.1401265482523
18086.0,0.0,0.0,91.0,0.0,101.34,,Not Eligible - One-Time Customer,101.34
18087.0,12.0,448.0,555.0,1126.165,13908.72,7674.91557795839,Predicted CLV Eligible,7674.91557795839
18089.0,0.0,0.0,263.0,0.0,428.45,,Not Eligible - One-Time Customer,428.45
18090.0,0.0,0.0,238.0,0.0,321.9,,Not Eligible - One-Time Customer,321.9
18091.0,0.0,0.0,410.0,0.0,360.85,,Not Eligible - One-Time Customer,360.85
18092.0,12.0,551.0,552.0,768.1583333333333,10295.5,5349.236952842443,Predicted CLV Eligible,5349.236952842443
18093.0,5.0,321.0,435.0,622.902,3463.7100000000005,2341.802405820577,Predicted CLV Eligible,2341.802405820577
18094.0,7.0,483.0,518.0,613.8142857142857,5151.42,2719.661391084903,Predicted CLV Eligible,2719.661391084903
18095.0,4.0,287.0,416.0,320.5125,2303.09,1027.6433712739665,Predicted CLV Eligible,1027.6433712739665
18096.0,2.0,71.0,330.0,293.265,808.81,529.8128240569083,Predicted CLV Eligible,529.8128240569083
18097.0,7.0,517.0,539.0,464.40285714285716,3422.08,1988.392956467898,Predicted CLV Eligible,1988.392956467898
18098.0,0.0,0.0,213.0,0.0,527.94,,Not Eligible - One-Time Customer,527.94
18100.0,0.0,0.0,367.0,0.0,451.56,,Not Eligible - One-Time Customer,451.56
18101.0,2.0,300.0,491.0,143.555,399.61,225.2054472389472,Predicted CLV Eligible,225.2054472389472
18102.0,49.0,553.0,555.0,8054.798571428571,396971.37,220354.78631711856,Predicted CLV Eligible,220354.78631711856
18103.0,0.0,0.0,366.0,0.0,105.8,,Not Eligible - One-Time Customer,105.8
18106.0,3.0,364.0,510.0,378.9166666666667,1441.06,792.0089664051181,Predicted CLV Eligible,792.0089664051181
18107.0,0.0,0.0,259.0,0.0,165.88,,Not Eligible - One-Time Customer,165.88
18108.0,2.0,483.0,554.0,177.78,848.81,254.11796042193038,Predicted CLV Eligible,254.11796042193038
18109.0,22.0,332.0,343.0,172.78045454545455,4022.4700000000003,3300.6748539948467,Predicted CLV Eligible,3300.6748539948467
18110.0,0.0,0.0,228.0,0.0,193.48000000000002,,Not Eligible - One-Time Customer,193.48000000000002
18111.0,0.0,0.0,406.0,0.0,405.85,,Not Eligible - One-Time Customer,405.85
18112.0,1.0,133.0,368.0,268.67,420.67,265.8204168112354,Predicted CLV Eligible,265.8204168112354
18113.0,0.0,0.0,185.0,0.0,76.32000000000001,,Not Eligible - One-Time Customer,76.32000000000001
18114.0,0.0,0.0,107.0,0.0,220.1,,Not Eligible - One-Time Customer,220.1
18115.0,0.0,0.0,514.0,0.0,9.700000000000001,,Not Eligible - One-Time Customer,9.700000000000001
18116.0,11.0,177.0,228.0,158.58818181818182,1970.93,2154.188341726377,Predicted CLV Eligible,2154.188341726377
18118.0,17.0,195.0,198.0,233.62529411764706,4099.28,5460.055425969212,Predicted CLV Eligible,5460.055425969212
18119.0,0.0,0.0,184.0,0.0,180.7,,Not Eligible - One-Time Customer,180.7
18120.0,0.0,0.0,31.0,0.0,111.15,,Not Eligible - One-Time Customer,111.15
18123.0,0.0,0.0,330.0,0.0,92.2,,Not Eligible - One-Time Customer,92.2
18124.0,0.0,0.0,289.0,0.0,102.65,,Not Eligible - One-Time Customer,102.65
18125.0,2.0,115.0,133.0,194.34,933.9000000000001,894.8396799133155,Predicted CLV Eligible,894.8396799133155
18127.0,0.0,0.0,220.0,0.0,209.05,,Not Eligible - One-Time Customer,209.05
18128.0,0.0,0.0,354.0,0.0,399.29,,Not Eligible - One-Time Customer,399.29
18129.0,0.0,0.0,60.0,0.0,112.55000000000001,,Not Eligible - One-Time Customer,112.55000000000001
18131.0,0.0,0.0,448.0,0.0,222.95999999999998,,Not Eligible - One-Time Customer,222.95999999999998
18132.0,0.0,0.0,321.0,0.0,220.13,,Not Eligible - One-Time Customer,220.13
18133.0,0.0,0.0,29.0,0.0,931.4999999999999,,Not Eligible - One-Time Customer,931.4999999999999
18134.0,1.0,96.0,511.0,142.85,445.0,85.56327473448277,Predicted CLV Eligible,85.56327473448277
18135.0,5.0,444.0,451.0,97.326,677.53,366.5386467736727,Predicted CLV Eligible,366.5386467736727
18136.0,3.0,240.0,268.0,255.03333333333333,1447.88,946.8797304400551,Predicted CLV Eligible,946.8797304400551
18137.0,0.0,0.0,368.0,0.0,145.99,,Not Eligible - One-Time Customer,145.99
18138.0,0.0,0.0,112.0,0.0,152.65,,Not Eligible - One-Time Customer,152.65
18140.0,0.0,0.0,290.0,0.0,536.41,,Not Eligible - One-Time Customer,536.41
18141.0,1.0,188.0,406.0,424.20000000000005,882.47,401.17469768255575,Predicted CLV Eligible,401.17469768255575
18142.0,0.0,0.0,32.0,0.0,282.48,,Not Eligible - One-Time Customer,282.48
18144.0,12.0,511.0,540.0,251.02916666666667,3609.85,1785.5177278611827,Predicted CLV Eligible,1785.5177278611827
18145.0,8.0,527.0,548.0,432.78375,3771.9700000000003,2067.6668104065147,Predicted CLV Eligible,2067.6668104065147
18146.0,0.0,0.0,37.0,0.0,76.65,,Not Eligible - One-Time Customer,76.65
18148.0,0.0,0.0,463.0,0.0,112.85000000000001,,Not Eligible - One-Time Customer,112.85000000000001
18149.0,5.0,420.0,452.0,226.04399999999995,1491.56,837.0016589362876,Predicted CLV Eligible,837.0016589362876
18150.0,0.0,0.0,18.0,0.0,227.57999999999998,,Not Eligible - One-Time Customer,227.57999999999998
18151.0,4.0,356.0,462.0,243.61,1538.64,719.4936575658464,Predicted CLV Eligible,719.4936575658464
18152.0,0.0,0.0,463.0,0.0,426.69,,Not Eligible - One-Time Customer,426.69
18153.0,0.0,0.0,476.0,0.0,246.22,,Not Eligible - One-Time Customer,246.22
18154.0,2.0,102.0,307.0,172.055,533.41,374.7327535943113,Predicted CLV Eligible,374.7327535943113
18155.0,0.0,0.0,108.0,0.0,113.93,,Not Eligible - One-Time Customer,113.93
18156.0,0.0,0.0,186.0,0.0,186.88,,Not Eligible - One-Time Customer,186.88
18157.0,0.0,0.0,388.0,0.0,213.9,,Not Eligible - One-Time Customer,213.9
18159.0,0.0,0.0,118.0,0.0,530.15,,Not Eligible - One-Time Customer,530.15
18160.0,1.0,186.0,203.0,318.55,684.37,609.1427169918641,Predicted CLV Eligible,609.1427169918641
18161.0,2.0,127.0,196.0,273.15999999999997,730.7299999999999,921.8006902343416,Predicted CLV Eligible,921.8006902343416
18162.0,0.0,0.0,549.0,0.0,371.51,,Not Eligible - One-Time Customer,371.51
18163.0,0.0,0.0,401.0,0.0,728.84,,Not Eligible - One-Time Customer,728.84
18166.0,0.0,0.0,440.0,0.0,175.5,,Not Eligible - One-Time Customer,175.5
18168.0,14.0,532.0,553.0,218.76642857142858,3320.35,1766.6713526431452,Predicted CLV Eligible,1766.6713526431452
18170.0,6.0,483.0,517.0,323.91833333333335,2201.9,1250.8010990912737,Predicted CLV Eligible,1250.8010990912737
18171.0,5.0,465.0,520.0,273.678,1670.5900000000001,891.0338525459254,Predicted CLV Eligible,891.0338525459254
18172.0,25.0,517.0,545.0,535.7048,13625.72,7673.216670029164,Predicted CLV Eligible,7673.216670029164
18173.0,3.0,413.0,429.0,576.2800000000001,2318.36,1420.4733934630294,Predicted CLV Eligible,1420.4733934630294
18174.0,0.0,0.0,420.0,0.0,58.5,,Not Eligible - One-Time Customer,58.5
18175.0,0.0,0.0,492.0,0.0,176.1,,Not Eligible - One-Time Customer,176.1
18176.0,0.0,0.0,175.0,0.0,476.35,,Not Eligible - One-Time Customer,476.35
18177.0,6.0,520.0,541.0,209.00833333333333,1588.55,777.8082045933728,Predicted CLV Eligible,777.8082045933728
18178.0,9.0,440.0,476.0,569.688888888889,5612.870000000001,3444.4888282996167,Predicted CLV Eligible,3444.4888282996167
18179.0,5.0,411.0,480.0,310.632,1857.54,1083.8273829318096,Predicted CLV Eligible,1083.8273829318096
18181.0,3.0,335.0,552.0,174.16666666666666,821.49,337.8317395996115,Predicted CLV Eligible,337.8317395996115
18182.0,0.0,0.0,280.0,0.0,291.13,,Not Eligible - One-Time Customer,291.13
18183.0,1.0,47.0,91.0,319.27000000000004,632.07,1024.523976257106,Predicted CLV Eligible,1024.523976257106
18185.0,0.0,0.0,66.0,0.0,304.25,,Not Eligible - One-Time Customer,304.25
18186.0,0.0,0.0,539.0,0.0,329.58,,Not Eligible - One-Time Customer,329.58
18187.0,0.0,0.0,448.0,0.0,724.89,,Not Eligible - One-Time Customer,724.89
18188.0,3.0,333.0,440.0,468.8,1706.15,1120.4350813661613,Predicted CLV Eligible,1120.4350813661613
18189.0,1.0,358.0,442.0,633.1,946.59,608.8905539159583,Predicted CLV Eligible,608.8905539159583
18190.0,4.0,525.0,534.0,138.3,745.62,365.44730375048357,Predicted CLV Eligible,365.44730375048357
18191.0,1.0,216.0,294.0,207.79999999999998,529.4,291.314577711918,Predicted CLV Eligible,291.314577711918
18193.0,1.0,62.0,259.0,279.44,963.5899999999999,345.54370394966213,Predicted CLV Eligible,345.54370394966213
18194.0,4.0,242.0,497.0,639.47,3188.2000000000003,1630.524100121666,Predicted CLV Eligible,1630.524100121666
18195.0,0.0,0.0,204.0,0.0,101.16,,Not Eligible - One-Time Customer,101.16
18196.0,2.0,342.0,449.0,464.205,1221.34,780.2269936399962,Predicted CLV Eligible,780.2269936399962
18197.0,0.0,0.0,392.0,0.0,230.1,,Not Eligible - One-Time Customer,230.1
18198.0,10.0,149.0,153.0,320.025,3500.79,5464.716611578972,Predicted CLV Eligible,5464.716611578972
18199.0,0.0,0.0,500.0,0.0,344.75,,Not Eligible - One-Time Customer,344.75
18201.0,0.0,0.0,539.0,0.0,447.53000000000003,,Not Eligible - One-Time Customer,447.53000000000003
18202.0,1.0,112.0,128.0,911.26,1396.99,2388.3351696401196,Predicted CLV Eligible,2388.3351696401196
18203.0,2.0,350.0,548.0,111.50999999999999,332.1,160.7789965699369,Predicted CLV Eligible,160.7789965699369
18204.0,0.0,0.0,9.0,0.0,540.98,,Not Eligible - One-Time Customer,540.98
18206.0,0.0,0.0,370.0,0.0,314.65999999999997,,Not Eligible - One-Time Customer,314.65999999999997
18207.0,0.0,0.0,316.0,0.0,544.47,,Not Eligible - One-Time Customer,544.47
18208.0,0.0,0.0,382.0,0.0,360.08,,Not Eligible - One-Time Customer,360.08
18210.0,1.0,115.0,199.0,142.4,289.85,272.5016355138623,Predicted CLV Eligible,272.5016355138623
18211.0,0.0,0.0,95.0,0.0,137.9,,Not Eligible - One-Time Customer,137.9
18212.0,1.0,351.0,494.0,216.07,514.37,190.9140257418031,Predicted CLV Eligible,190.9140257418031
18213.0,0.0,0.0,53.0,0.0,232.48000000000002,,Not Eligible - One-Time Customer,232.48000000000002
18214.0,3.0,24.0,371.0,352.2633333333333,1780.34,229.89860733894696,Predicted CLV Eligible,229.89860733894696
18215.0,3.0,186.0,440.0,383.20000000000005,1933.15,846.3528268849624,Predicted CLV Eligible,846.3528268849624
18217.0,1.0,13.0,343.0,22.45,323.29,19.031882210702673,Predicted CLV Eligible,19.031882210702673
18218.0,3.0,449.0,477.0,273.3066666666667,1121.84,617.2056479573782,Predicted CLV Eligible,617.2056479573782
18219.0,11.0,518.0,549.0,185.77454545454546,2195.2400000000002,1199.9266439799144,Predicted CLV Eligible,1199.9266439799144
18220.0,5.0,498.0,541.0,333.62399999999997,1921.76,1047.447904354413,Predicted CLV Eligible,1047.447904354413
18221.0,2.0,206.0,207.0,268.505,920.34,884.5648814757185,Predicted CLV Eligible,884.5648814757185
18223.0,18.0,530.0,552.0,504.92388888888894,10273.79,5194.917409776729,Predicted CLV Eligible,5194.917409776729
18224.0,0.0,0.0,80.0,0.0,158.95000000000002,,Not Eligible - One-Time Customer,158.95000000000002
18225.0,17.0,531.0,552.0,536.3770588235294,9177.91,5221.093793904993,Predicted CLV Eligible,5221.093793904993
18226.0,19.0,459.0,461.0,464.72210526315786,9251.17,5932.157973104179,Predicted CLV Eligible,5932.157973104179
18227.0,1.0,267.0,301.0,93.75,388.75,140.5707444477799,Predicted CLV Eligible,140.5707444477799
18229.0,15.0,552.0,553.0,380.1673333333334,6083.51,3278.4587822619264,Predicted CLV Eligible,3278.4587822619264
18230.0,4.0,318.0,342.0,611.7900000000001,2735.1600000000003,2354.235548665294,Predicted CLV Eligible,2354.235548665294
18231.0,24.0,506.0,515.0,274.41125,6854.17,3984.17872649178,Predicted CLV Eligible,3984.17872649178
18232.0,1.0,5.0,14.0,263.13,370.98,1870.8802403498287,Predicted CLV Eligible,1870.8802403498287
18233.0,0.0,0.0,142.0,0.0,440.0,,Not Eligible - One-Time Customer,440.0
18234.0,0.0,0.0,368.0,0.0,179.6,,Not Eligible - One-Time Customer,179.6
18235.0,0.0,0.0,34.0,0.0,430.46000000000004,,Not Eligible - One-Time Customer,430.46000000000004
18236.0,5.0,417.0,420.0,196.19400000000002,1217.6100000000001,777.8185767738114,Predicted CLV Eligible,777.8185767738114
18238.0,0.0,0.0,332.0,0.0,270.92,,Not Eligible - One-Time Customer,270.92
18239.0,5.0,204.0,239.0,312.322,1712.26,1981.0772678478193,Predicted CLV Eligible,1981.0772678478193
18241.0,4.0,400.0,434.0,265.85749999999996,1279.73,835.9020384100855,Predicted CLV Eligible,835.9020384100855
18242.0,5.0,501.0,514.0,348.052,2066.8,1145.9814828223773,Predicted CLV Eligible,1145.9814828223773
18243.0,0.0,0.0,231.0,0.0,515.78,,Not Eligible - One-Time Customer,515.78
18244.0,1.0,72.0,319.0,265.84,568.64,265.13534386519746,Predicted CLV Eligible,265.13534386519746
18245.0,12.0,430.0,458.0,396.12000000000006,5064.21,3261.539292034063,Predicted CLV Eligible,3261.539292034063
18246.0,1.0,376.0,426.0,232.9,395.62,241.36748409796243,Predicted CLV Eligible,241.36748409796243
18247.0,2.0,217.0,448.0,326.865,839.73,530.633719172709,Predicted CLV Eligible,530.633719172709
18248.0,0.0,0.0,3.0,0.0,496.46000000000004,,Not Eligible - One-Time Customer,496.46000000000004
18250.0,0.0,0.0,127.0,0.0,349.27,,Not Eligible - One-Time Customer,349.27
18251.0,6.0,272.0,534.0,3113.2100000000005,21964.14,10031.383717423196,Predicted CLV Eligible,10031.383717423196
18252.0,4.0,173.0,538.0,159.6425,1015.42,292.54973533147194,Predicted CLV Eligible,292.54973533147194
18253.0,0.0,0.0,459.0,0.0,317.88,,Not Eligible - One-Time Customer,317.88
18254.0,0.0,0.0,398.0,0.0,267.9,,Not Eligible - One-Time Customer,267.9
18255.0,0.0,0.0,273.0,0.0,199.85,,Not Eligible - One-Time Customer,199.85
18256.0,0.0,0.0,204.0,0.0,110.7,,Not Eligible - One-Time Customer,110.7
18257.0,6.0,453.0,476.0,437.22333333333336,2983.7200000000003,1816.5439895068214,Predicted CLV Eligible,1816.5439895068214
18258.0,4.0,108.0,389.0,296.22,2059.67,669.0400949087106,Predicted CLV Eligible,669.0400949087106
18259.0,4.0,365.0,548.0,405.80000000000007,1979.6000000000001,1010.0640265280155,Predicted CLV Eligible,1010.0640265280155
18260.0,20.0,519.0,541.0,460.5875,9520.130000000001,5346.527357027384,Predicted CLV Eligible,5346.527357027384
18262.0,1.0,209.0,419.0,226.0,428.06,216.1456421534863,Predicted CLV Eligible,216.1456421534863
18263.0,0.0,0.0,69.0,0.0,307.59999999999997,,Not Eligible - One-Time Customer,307.59999999999997
18264.0,0.0,0.0,315.0,0.0,603.25,,Not Eligible - One-Time Customer,603.25
18266.0,0.0,0.0,251.0,0.0,251.1,,Not Eligible - One-Time Customer,251.1
18267.0,0.0,0.0,489.0,0.0,269.37,,Not Eligible - One-Time Customer,269.37
18268.0,4.0,137.0,545.0,272.3875,1464.73,349.76571652320825,Predicted CLV Eligible,349.76571652320825
18269.0,0.0,0.0,183.0,0.0,168.6,,Not Eligible - One-Time Customer,168.6
18270.0,1.0,166.0,249.0,111.95,273.35,185.98879236180014,Predicted CLV Eligible,185.98879236180014
18271.0,1.0,122.0,548.0,488.3,680.85,275.2405277097346,Predicted CLV Eligible,275.2405277097346
18272.0,4.0,420.0,462.0,413.235,2287.94,1223.7603525815457,Predicted CLV Eligible,1223.7603525815457
18273.0,1.0,333.0,407.0,51.0,204.0,63.78231059286543,Predicted CLV Eligible,63.78231059286543
18275.0,1.0,153.0,548.0,369.21000000000004,741.85,228.24736541463253,Predicted CLV Eligible,228.24736541463253
18276.0,4.0,337.0,546.0,275.65250000000003,1320.66,683.9968091998935,Predicted CLV Eligible,683.9968091998935
18277.0,2.0,97.0,311.0,366.265,1069.67,765.2182576946157,Predicted CLV Eligible,765.2182576946157
18278.0,0.0,0.0,221.0,0.0,240.3,,Not Eligible - One-Time Customer,240.3
18279.0,0.0,0.0,336.0,0.0,231.33999999999997,,Not Eligible - One-Time Customer,231.33999999999997
18280.0,1.0,117.0,211.0,180.60000000000002,488.15000000000003,322.331368056664,Predicted CLV Eligible,322.331368056664
18281.0,0.0,0.0,394.0,0.0,120.32,,Not Eligible - One-Time Customer,120.32
18283.0,9.0,458.0,475.0,115.33222222222223,1134.8899999999999,705.8170026002399,Predicted CLV Eligible,705.8170026002399
18284.0,0.0,0.0,248.0,0.0,461.68,,Not Eligible - One-Time Customer,461.68
18285.0,0.0,0.0,477.0,0.0,427.0,,Not Eligible - One-Time Customer,427.0
18286.0,1.0,247.0,540.0,833.48,1296.43,596.6929472596379,Predicted CLV Eligible,596.6929472596379
18287.0,3.0,370.0,388.0,679.7933333333334,3110.99,1827.888285134514,Predicted CLV Eligible,1827.888285134514
