Customer ID,SnapshotCutoff,CalibratedNoReturnProbability,CLVStatus,HistoricalPurchaseValue,PredictedGrossPurchaseCLV,ValueForRetention,ExpectedValueAtRisk,RetentionPriority
12346.0,2011-06-09,0.2497990564343548,Predicted CLV Eligible,77556.46,46126.50884927289,46126.50884927289,11522.358387159284,Priority
12347.0,2011-06-09,0.3243365508653464,Predicted CLV Eligible,2434.96,2593.0008654321327,2593.0008654321327,841.0049570851162,Standard
12348.0,2011-06-09,0.19629729663244425,Predicted CLV Eligible,1709.4,1889.416942730474,1889.416942730474,370.88743806952976,Standard
12350.0,2011-06-09,0.5438733579023738,Not Eligible - One-Time Customer,334.4,,334.4,181.8712508825538,Standard
12352.0,2011-06-09,0.24002397726514074,Predicted CLV Eligible,1905.61,2432.6097182964945,2432.6097182964945,583.8846597193582,Standard
12353.0,2011-06-09,0.6081720900756638,Predicted CLV Eligible,406.76,170.99572140278724,170.99572140278724,103.99482527952902,Standard
12354.0,2011-06-09,0.4569115851264257,Not Eligible - One-Time Customer,1079.4,,1079.4,493.19036498546393,Standard
12355.0,2011-06-09,0.5079965275095047,Predicted CLV Eligible,947.61,511.7253634161825,511.7253634161825,259.9547076539601,Standard
12356.0,2011-06-09,0.26884571148939107,Predicted CLV Eligible,6313.38,6886.844983347453,6886.844983347453,1851.4987394651896,Priority
12359.0,2011-06-09,0.11249344545075954,Predicted CLV Eligible,6059.09,3146.9610849355977,3146.9610849355977,354.0124951438657,Standard
12360.0,2011-06-09,0.45141371056367063,Predicted CLV Eligible,2674.41,1812.90581070525,1812.90581070525,818.3705389128963,Standard
12361.0,2011-06-09,0.5753694290950137,Predicted CLV Eligible,511.25,292.84274687825564,292.84274687825564,168.49276408595753,Standard
12362.0,2011-06-09,0.29335685508295867,Predicted CLV Eligible,1104.34,682.8572238749676,682.8572238749676,200.32084766664033,Standard
12363.0,2011-06-09,0.5397382435227742,Not Eligible - One-Time Customer,299.1,,299.1,161.43570863766178,Standard
12365.0,2011-06-09,0.42298549608979413,Not Eligible - One-Time Customer,641.38,,641.38,271.29443748207217,Standard
12370.0,2011-06-09,0.2032641403349035,Predicted CLV Eligible,3577.28,2120.1247316872327,2120.1247316872327,430.9453309891733,Standard
12372.0,2011-06-09,0.3190479687918741,Predicted CLV Eligible,914.92,1464.2056786280218,1464.2056786280218,467.1518476597979,Standard
12373.0,2011-06-09,0.5386295414320308,Predicted CLV Eligible,1127.65,537.4067316754408,537.4067316754408,289.4631414448291,Standard
12377.0,2011-06-09,0.34044012123747047,Predicted CLV Eligible,3426.32,1874.9267958911803,1874.9267958911803,638.3003057045755,Standard
12380.0,2011-06-09,0.48549511709597504,Predicted CLV Eligible,7559.04,3249.3109958673963,3249.3109958673963,1577.5246224198809,Priority
12383.0,2011-06-09,0.07970227421497131,Predicted CLV Eligible,1850.56,2141.2222889145805,2141.2222889145805,170.6602860262784,Standard
12386.0,2011-06-09,0.6005774255414134,Predicted CLV Eligible,401.9,235.63862277343367,235.63862277343367,141.51923742339304,Standard
12388.0,2011-06-09,0.31768009990734203,Predicted CLV Eligible,1886.7,1193.5912969301166,1193.5912969301166,379.1802024572934,Standard
12393.0,2011-06-09,0.24056908601939414,Predicted CLV Eligible,1877.95,1990.7265584898853,1990.7265584898853,478.9072686904457,Standard
12394.0,2011-06-09,0.5203256595633451,Not Eligible - One-Time Customer,381.08,,381.08,198.28570234639955,Standard
12395.0,2011-06-09,0.0979249133664544,Predicted CLV Eligible,3272.26,1632.2174802478014,1632.2174802478014,159.83475534847844,Standard
12399.0,2011-06-09,0.36021645982791123,Predicted CLV Eligible,1622.6,1052.9764491010303,1052.9764491010303,379.2994487773379,Standard
12401.0,2011-06-09,0.6267858183241689,Not Eligible - One-Time Customer,84.3,,84.3,52.83804448472744,Standard
12402.0,2011-06-09,0.5705073061875243,Predicted CLV Eligible,1256.9,726.7265134126767,726.7265134126767,414.60278550211797,Standard
12407.0,2011-06-09,0.4074498199318475,Predicted CLV Eligible,495.96,909.2977857489656,909.2977857489656,370.49321906784365,Standard
12408.0,2011-06-09,0.3302181485066745,Predicted CLV Eligible,2289.81,2227.125934147105,2227.125934147105,735.437402465255,Standard
12410.0,2011-06-09,0.38644992628168523,Predicted CLV Eligible,1013.71,847.5759401414265,847.5759401414265,327.54565958578434,Standard
12413.0,2011-06-09,0.2708869133915882,Predicted CLV Eligible,805.25,878.1429195363429,878.1429195363429,237.87742498987774,Standard
12414.0,2011-06-09,0.258015757975108,Predicted CLV Eligible,952.41,674.3719935350279,674.3719935350279,173.99860106912485,Standard
12415.0,2011-06-09,0.039588951367080856,Predicted CLV Eligible,70427.74,59725.599200045406,59725.599200045406,2364.473842100361,Priority
12417.0,2011-06-09,0.06624366986743893,Predicted CLV Eligible,5046.58,2737.9868376492127,2737.9868376492127,181.37429617462757,Standard
12421.0,2011-06-09,0.5919201933081251,Predicted CLV Eligible,449.01,416.6046534289721,416.6046534289721,246.5967069907416,Standard
12422.0,2011-06-09,0.5672583410806622,Predicted CLV Eligible,4666.74,2639.161597918953,2639.161597918953,1497.0864298792949,Priority
12423.0,2011-06-09,0.09043203321726492,Predicted CLV Eligible,2214.77,2068.982102097632,2068.982102097632,187.10225818281967,Standard
12426.0,2011-06-09,0.4896120931700948,Predicted CLV Eligible,1345.21,534.9968940939704,534.9968940939704,261.9409491568484,Standard
12428.0,2011-06-09,0.16233951166456476,Predicted CLV Eligible,6310.54,3319.2652301185067,3319.2652301185067,538.8478965426075,Standard
12429.0,2011-06-09,0.5131925880037899,Predicted CLV Eligible,4173.49,2616.310395725117,2616.310395725117,1342.6711030033923,Priority
12431.0,2011-06-09,0.06107161118120332,Predicted CLV Eligible,7103.3,3690.052110939889,3690.052110939889,225.35742775769944,Standard
12434.0,2011-06-09,0.448497743338556,Predicted CLV Eligible,583.54,533.255856328662,533.255856328662,239.16404818547417,Standard
12435.0,2011-06-09,0.3821640628970881,Predicted CLV Eligible,10075.03,5652.783599696024,5652.783599696024,2160.2907471378594,Priority
12437.0,2011-06-09,0.09507080167858575,Predicted CLV Eligible,9707.08,5160.950202817466,5160.950202817466,490.6556732051162,Standard
12447.0,2011-06-09,0.5104985017409996,Not Eligible - One-Time Customer,476.49,,476.49,243.24743109456892,Standard
12449.0,2011-06-09,0.46387619495440224,Predicted CLV Eligible,1627.5300000000002,1309.1483649663032,1309.1483649663032,607.2827621713458,Standard
12451.0,2011-06-09,0.2164126795334182,Predicted CLV Eligible,8942.18,6683.278929938735,6683.278929938735,1446.3463012972775,Priority
12455.0,2011-06-09,0.18231757350428662,Predicted CLV Eligible,5376.39,2318.5971030118767,2318.5971030118767,422.7209977551939,Standard
12456.0,2011-06-09,0.46930466216892874,Not Eligible - One-Time Customer,940.17,,940.17,441.22616423136174,Standard
12457.0,2011-06-09,0.3186191045743646,Predicted CLV Eligible,1699.9299999999998,1377.968122785571,1377.968122785571,439.04696941395673,Standard
12458.0,2011-06-09,0.5220767638149658,Predicted CLV Eligible,1272.01,1043.6409393658346,1043.6409393658346,544.8606842089259,Standard
12462.0,2011-06-09,0.4391544242814385,Not Eligible - One-Time Customer,762.11,,762.11,334.68397828912714,Standard
12463.0,2011-06-09,0.3061265758485951,Predicted CLV Eligible,647.95,1266.0238739347185,1266.0238739347185,387.5635534702088,Standard
12464.0,2011-06-09,0.19194967837187432,Predicted CLV Eligible,544.8499999999999,795.4276314716951,795.4276314716951,152.68207802909365,Standard
12468.0,2011-06-09,0.29078509974451877,Predicted CLV Eligible,3670.74,2229.4166218589257,2229.4166218589257,648.2811347593358,Standard
12471.0,2011-06-09,0.018118919960366516,Predicted CLV Eligible,28491.46,15441.79081478128,15441.79081478128,279.78857181774487,Standard
12472.0,2011-06-09,0.2673519838234245,Predicted CLV Eligible,12726.02,6634.506888784521,6634.506888784521,1773.7485784067178,Priority
12473.0,2011-06-09,0.38376766128678474,Not Eligible - One-Time Customer,661.6899999999999,,661.6899999999999,253.93522379685257,Standard
12474.0,2011-06-09,0.046725954508999704,Predicted CLV Eligible,7767.79,4908.068135236541,4908.068135236541,229.33416841413361,Standard
12476.0,2011-06-09,0.055340489637635645,Predicted CLV Eligible,9712.59,7971.277232733774,7971.277232733774,441.13438509682436,Standard
12477.0,2011-06-09,0.22568231957572218,Predicted CLV Eligible,11633.6,7378.252855475619,7378.252855475619,1665.1412188399333,Priority
12480.0,2011-06-09,0.3095025675963685,Predicted CLV Eligible,3770.49,3306.5143974875946,3306.5143974875946,1023.37469581677,Standard
12481.0,2011-06-09,0.07255338562370807,Predicted CLV Eligible,9689.74,5005.558650333827,5005.558650333827,363.1702270197579,Standard
12483.0,2011-06-09,0.08505710247154082,Predicted CLV Eligible,3606.86,2115.938516492712,2115.938516492712,179.97559922080066,Standard
12484.0,2011-06-09,0.4200753838767377,Predicted CLV Eligible,2965.45,1560.2079320014498,1560.2079320014498,655.4049459630401,Standard
12489.0,2011-06-09,0.548034456871059,Not Eligible - One-Time Customer,334.93,,334.93,183.5531806398238,Standard
12490.0,2011-06-09,0.27993708556067476,Predicted CLV Eligible,5601.43,2884.7853845532904,2884.7853845532904,807.5584130198785,Standard
12493.0,2011-06-09,0.4997590703271523,Not Eligible - One-Time Customer,232.5,,232.5,116.19398385106291,Standard
12494.0,2011-06-09,0.09615889516163127,Predicted CLV Eligible,1284.81,790.0212142773289,790.0212142773289,75.9675671191583,Standard
12500.0,2011-06-09,0.23543248095439923,Predicted CLV Eligible,2907.59,1623.8043375752702,1623.8043375752702,382.29628377986063,Standard
12501.0,2011-06-09,0.3812510937392487,Not Eligible - One-Time Customer,2169.39,,2169.39,827.0823102469886,Standard
12502.0,2011-06-09,0.20641188876639655,Predicted CLV Eligible,1842.65,2854.443233235735,2854.443233235735,589.1910191486479,Standard
12506.0,2011-06-09,0.6239629555630858,Not Eligible - One-Time Customer,73.5,,73.5,45.8612772338868,Standard
12507.0,2011-06-09,0.5237990426912005,Predicted CLV Eligible,985.41,462.570607470389,462.570607470389,242.29404137007683,Standard
12509.0,2011-06-09,0.5793871142094458,Not Eligible - One-Time Customer,176.5,,176.5,102.26182565796718,Standard
12510.0,2011-06-09,0.5015090975040263,Predicted CLV Eligible,4876.5,2645.9473237772463,2645.9473237772463,1326.9666543907204,Priority
12514.0,2011-06-09,0.4664117424631401,Predicted CLV Eligible,1597.76,942.8243706728032,942.8243706728032,439.7443575622156,Standard
12515.0,2011-06-09,0.542278836242746,Not Eligible - One-Time Customer,383.7,,383.7,208.07238946634163,Standard
12517.0,2011-06-09,0.4729712566530496,Not Eligible - One-Time Customer,749.7,,749.7,354.5865511127913,Standard
12520.0,2011-06-09,0.2144266233987125,Predicted CLV Eligible,1697.56,2084.4095132064963,2084.4095132064963,446.952893697023,Standard
12523.0,2011-06-09,0.2608616881434961,Predicted CLV Eligible,3062.77,1720.4448512242968,1720.4448512242968,448.79814824815605,Standard
12524.0,2011-06-09,0.11324558144105994,Predicted CLV Eligible,9473.77,5797.744392035037,5797.744392035037,656.5689347226523,Standard
12527.0,2011-06-09,0.4497015800310436,Predicted CLV Eligible,671.72,369.6443046602526,369.6443046602526,166.22962785519204,Standard
12528.0,2011-06-09,0.3421563426892093,Predicted CLV Eligible,771.6600000000001,651.467976211652,651.467976211652,222.90390011971962,Standard
12530.0,2011-06-09,0.3132482483143293,Predicted CLV Eligible,2901.98,1816.8332898894596,1816.8332898894596,569.1198455370333,Standard
12535.0,2011-06-09,0.5168150323248109,Not Eligible - One-Time Customer,371.45,,371.45,191.97094375705097,Standard
12539.0,2011-06-09,0.19466864563070213,Predicted CLV Eligible,10164.09,3242.006503877583,3242.006503877583,631.1170152357768,Standard
12540.0,2011-06-09,0.048258452622651785,Predicted CLV Eligible,15356.77,8563.23401699194,8563.23401699194,413.2484231056857,Standard
12541.0,2011-06-09,0.543275117818739,Not Eligible - One-Time Customer,312.4,,312.4,169.71914680657406,Standard
12545.0,2011-06-09,0.49565428896765107,Not Eligible - One-Time Customer,628.15,,628.15,311.34524161503003,Standard
12547.0,2011-06-09,0.4038891639299219,Predicted CLV Eligible,383.58,249.1963785752581,249.1963785752581,100.6477169971253,Standard
12551.0,2011-06-09,0.5939497922615554,Not Eligible - One-Time Customer,168.0,,168.0,99.78356509994131,Standard
12553.0,2011-06-09,0.08982807668975665,Predicted CLV Eligible,2651.09,2630.4365995963603,2630.4365995963603,236.28706059608456,Standard
12557.0,2011-06-09,0.2521629637563035,Predicted CLV Eligible,10959.8,5629.339258076934,5629.339258076934,1419.5108713063903,Priority
12559.0,2011-06-09,0.3931698431346408,Predicted CLV Eligible,561.71,161.11929715432325,161.11929715432325,63.34724878812885,Standard
12561.0,2011-06-09,0.5636074552667569,Not Eligible - One-Time Customer,238.85,,238.85,134.6176406904649,Standard
12562.0,2011-06-09,0.5073726894150528,Predicted CLV Eligible,1630.14,1670.5738365198108,1670.5738365198108,847.6035403014791,Standard
12564.0,2011-06-09,0.5161321316877799,Not Eligible - One-Time Customer,456.9,,456.9,235.82077096814663,Standard
12565.0,2011-06-09,0.5462732059627673,Not Eligible - One-Time Customer,145.92,,145.92,79.712186214087,Standard
12567.0,2011-06-09,0.10155825695889686,Predicted CLV Eligible,6823.200000000001,4184.795750423092,4184.795750423092,425.000562141968,Standard
12569.0,2011-06-09,0.26510703618705994,Predicted CLV Eligible,1164.3200000000002,2582.3255628257284,2582.3255628257284,684.5926764308103,Standard
12573.0,2011-06-09,0.5760396574656674,Predicted CLV Eligible,717.4100000000001,648.5987192023196,648.5987192023196,373.61858404197477,Standard
12574.0,2011-06-09,0.571245466201558,Not Eligible - One-Time Customer,218.45,,218.45,124.78857209173034,Standard
12576.0,2011-06-09,0.3620622705688976,Predicted CLV Eligible,1248.54,844.790048018881,844.790048018881,305.8666029397241,Standard
12577.0,2011-06-09,0.5848820100280825,Predicted CLV Eligible,1186.39,630.6294444117503,630.6294444117503,368.84381703043744,Standard
12578.0,2011-06-09,0.34717972167354966,Predicted CLV Eligible,3456.6000000000004,3114.489416626796,3114.489416626796,1081.287568819707,Standard
12580.0,2011-06-09,0.5196558093684742,Predicted CLV Eligible,1052.9,449.86447897953417,449.86447897953417,233.77468993023678,Standard
12582.0,2011-06-09,0.38670292460749933,Predicted CLV Eligible,1980.4,1012.0817601371618,1012.0817601371618,391.3749765869461,Standard
12583.0,2011-06-09,0.10270735789774568,Predicted CLV Eligible,9352.59,4914.096737723012,4914.096737723012,504.71389238546186,Standard
12584.0,2011-06-09,0.29194703120016374,Predicted CLV Eligible,622.74,537.3391294697869,537.3391294697869,156.87456359638472,Standard
12585.0,2011-06-09,0.19725734637046782,Predicted CLV Eligible,2040.1,1632.7833067940417,1632.7833067940417,322.0785022961901,Standard
12590.0,2011-06-09,0.230135700523919,Not Eligible - One-Time Customer,9864.26,,9864.26,2270.118385250073,Priority
12591.0,2011-06-09,0.5259619478063704,Predicted CLV Eligible,1338.95,945.1669764049176,945.1669764049176,497.1218639121882,Standard
12592.0,2011-06-09,0.5509565220910007,Predicted CLV Eligible,2376.86,296.529208965282,296.529208965282,163.37470166990735,Standard
12593.0,2011-06-09,0.5506832043098059,Not Eligible - One-Time Customer,236.0,,236.0,129.9612362171142,Standard
12594.0,2011-06-09,0.10673412376980018,Predicted CLV Eligible,3516.88,2322.3635636123936,2322.3635636123936,247.87544003707944,Standard
12596.0,2011-06-09,0.5461777795041562,Not Eligible - One-Time Customer,269.95,,269.95,147.44069157714696,Standard
12597.0,2011-06-09,0.5095810193204783,Not Eligible - One-Time Customer,516.15,,516.15,263.02024312226484,Standard
12598.0,2011-06-09,0.23464032197417928,Predicted CLV Eligible,2796.75,1593.3457850187874,1593.3457850187874,373.8631680130097,Standard
12599.0,2011-06-09,0.2616032550142501,Predicted CLV Eligible,1728.0,990.0506405162428,990.0506405162428,259.0004701879923,Standard
12600.0,2011-06-09,0.10235343049223614,Predicted CLV Eligible,3684.34,1963.489165297079,1963.489165297079,200.9698518024933,Standard
12601.0,2011-06-09,0.13076783712445775,Predicted CLV Eligible,681.26,792.5804532912501,792.5804532912501,103.64403162401909,Standard
12604.0,2011-06-09,0.5750181333349917,Not Eligible - One-Time Customer,178.5,,178.5,102.64073680029603,Standard
12609.0,2011-06-09,0.28335273429018615,Predicted CLV Eligible,3109.74,1710.9657763381151,1710.9657763381151,484.80683100233597,Standard
12613.0,2011-06-09,0.2034009585848274,Predicted CLV Eligible,4935.51,2217.894748454802,2217.894748454802,451.1219178759614,Standard
12614.0,2011-06-09,0.542137623435894,Not Eligible - One-Time Customer,315.6,,315.6,171.09863395636816,Standard
12616.0,2011-06-09,0.4587817614115206,Predicted CLV Eligible,673.4,442.52553941816313,442.52553941816313,203.02264644384817,Standard
12619.0,2011-06-09,0.40175969880627704,Predicted CLV Eligible,771.8,626.7683973875974,626.7683973875974,251.81028255573406,Standard
12620.0,2011-06-09,0.4936074999150309,Not Eligible - One-Time Customer,561.66,,561.66,277.23958840227624,Standard
12621.0,2011-06-09,0.05065112911880162,Predicted CLV Eligible,17977.35,11295.366334358803,11295.366334358803,572.1230586457726,Standard
12622.0,2011-06-09,0.5697457712624976,Not Eligible - One-Time Customer,180.1,,180.1,102.61121340437582,Standard
12623.0,2011-06-09,0.5440738654224179,Predicted CLV Eligible,3747.84,1396.0016907959975,1396.0016907959975,759.5280360476094,Standard
12625.0,2011-06-09,0.2166098532851838,Predicted CLV Eligible,5164.88,3546.945398055048,3546.945398055048,768.3033222832619,Standard
12626.0,2011-06-09,0.31010944969653625,Predicted CLV Eligible,1274.1,334.4894355182749,334.4894355182749,103.72833477787728,Standard
12633.0,2011-06-09,0.24538058481559596,Predicted CLV Eligible,5243.73,2912.3866856576,2912.3866856576,714.6431481358171,Standard
12637.0,2011-06-09,0.1446204568087917,Predicted CLV Eligible,4668.06,3495.373670735266,3495.373670735266,505.50253697915724,Standard
12639.0,2011-06-09,0.5084077881368992,Predicted CLV Eligible,1312.37,903.7103613213214,903.7103613213214,459.45338591577104,Standard
12643.0,2011-06-09,0.19235649780729253,Predicted CLV Eligible,6372.1,3120.145722740669,3120.145722740669,600.1803038747987,Standard
12645.0,2011-06-09,0.31659588628466057,Predicted CLV Eligible,2563.02,1514.7690477029978,1514.7690477029978,479.56964917410187,Standard
12647.0,2011-06-09,0.09996252606354161,Predicted CLV Eligible,15535.04,8580.130182123901,8580.130182123901,857.6914869591405,Standard
12649.0,2011-06-09,0.5205101211505289,Predicted CLV Eligible,2046.14,1146.7440888794667,1146.7440888794667,596.8919046313041,Standard
12651.0,2011-06-09,0.6136916005050922,Predicted CLV Eligible,377.75,321.5122167650016,321.5122167650016,197.30934688845397,Standard
12652.0,2011-06-09,0.4305392937075757,Predicted CLV Eligible,1017.03,1280.6601660727497,1280.6601660727497,551.3745233803883,Standard
12653.0,2011-06-09,0.48818296709361836,Predicted CLV Eligible,2730.08,907.1889478498664,907.1889478498664,442.8741922758856,Standard
12654.0,2011-06-09,0.272866453362379,Predicted CLV Eligible,337.75,518.5869875967275,518.5869875967275,141.50499206539905,Standard
12656.0,2011-06-09,0.2953120001801253,Predicted CLV Eligible,4016.26,2702.102877692994,2702.102877692994,797.9634055039905,Standard
12662.0,2011-06-09,0.12937718364799783,Predicted CLV Eligible,4714.84,3046.115396853642,3046.115396853642,394.09783111172743,Standard
12664.0,2011-06-09,0.29766765346334667,Predicted CLV Eligible,2491.74,1289.3165398961196,1289.3165398961196,383.78782900235933,Standard
12665.0,2011-06-09,0.5977999636630618,Predicted CLV Eligible,313.6,120.47324580463471,120.47324580463471,72.01890196438174,Standard
12668.0,2011-06-09,0.16581669493579992,Predicted CLV Eligible,10500.35,5691.803808651775,5691.803808651775,943.7960957736356,Standard
12669.0,2011-06-09,0.33375901082047776,Predicted CLV Eligible,2272.6,3694.7485221285633,3694.7485221285633,1233.1556119760514,Standard
12670.0,2011-06-09,0.3546336543238947,Predicted CLV Eligible,1790.63,1158.1041532991344,1158.1041532991344,410.702707972152,Standard
12672.0,2011-06-09,0.5714155050727454,Predicted CLV Eligible,437.05,230.58465449946104,230.58465449946104,131.75964681283403,Standard
12673.0,2011-06-09,0.5723014302581684,Predicted CLV Eligible,840.4,348.9839739499379,348.9839739499379,199.72402742872882,Standard
12674.0,2011-06-09,0.49135625825747675,Not Eligible - One-Time Customer,586.74,,586.74,288.29837096999194,Standard
12676.0,2011-06-09,0.1989726099245888,Predicted CLV Eligible,2340.65,1872.9231726775247,1872.9231726775247,372.66041185588836,Standard
12678.0,2011-06-09,0.06399237528728219,Predicted CLV Eligible,22544.08,12497.069550594497,12497.069550594497,799.71716467291,Standard
12679.0,2011-06-09,0.29010891461970084,Predicted CLV Eligible,906.38,375.2312908559505,375.2312908559505,108.85794252156907,Standard
12681.0,2011-06-09,0.03351781875729143,Predicted CLV Eligible,24802.06,13610.140261437891,13610.140261437891,456.18221454419023,Standard
12682.0,2011-06-09,0.07377583957230133,Predicted CLV Eligible,15947.69,8723.431327978562,8723.431327978562,643.5784701729339,Standard
12683.0,2011-06-09,0.05729620170351668,Predicted CLV Eligible,8244.06,4704.747580785924,4704.747580785924,269.56416635284245,Standard
12684.0,2011-06-09,0.35781265273613067,Predicted CLV Eligible,917.1,2163.3942732212363,2163.3942732212363,774.089843815444,Standard
12690.0,2011-06-09,0.517067602747676,Not Eligible - One-Time Customer,389.01,,389.01,201.14446814487346,Standard
12691.0,2011-06-09,0.38258642782892543,Predicted CLV Eligible,540.8,530.2997950106858,530.2997950106858,202.8855042515497,Standard
12693.0,2011-06-09,0.2056376924225638,Predicted CLV Eligible,1477.88,857.7422300934014,857.7422300934014,176.38413288979083,Standard
12695.0,2011-06-09,0.6089854199995957,Predicted CLV Eligible,914.27,317.8985015302418,317.8985015302418,193.5955524716364,Standard
12700.0,2011-06-09,0.40285893511959603,Not Eligible - One-Time Customer,1092.43,,1092.43,440.0951864927003,Standard
12701.0,2011-06-09,0.5322150529555542,Predicted CLV Eligible,1985.78,1089.6035692383707,1089.6035692383707,579.9034213027603,Standard
12705.0,2011-06-09,0.10540452298247834,Predicted CLV Eligible,8057.91,5893.500278536058,5893.500278536058,621.2015855561964,Standard
12707.0,2011-06-09,0.5035474357466903,Not Eligible - One-Time Customer,603.42,,603.42,303.8505936782678,Standard
12708.0,2011-06-09,0.10748496210280903,Predicted CLV Eligible,3742.92,2104.0596956556383,2104.0596956556383,226.15477664959417,Standard
12709.0,2011-06-09,0.04500363383554456,Predicted CLV Eligible,25708.37,13944.44751498357,13944.44751498357,627.5508100032898,Standard
12710.0,2011-06-09,0.425879596653859,Not Eligible - One-Time Customer,718.96,,718.96,306.19039481025845,Standard
12712.0,2011-06-09,0.08954575984840141,Predicted CLV Eligible,4594.38,2473.88783364684,2473.88783364684,221.52616584362195,Standard
12714.0,2011-06-09,0.2800780546257934,Predicted CLV Eligible,11146.77,6193.501996607939,6193.501996607939,1734.6639905309187,Priority
12717.0,2011-06-09,0.4952219048285887,Predicted CLV Eligible,887.6700000000001,635.0937427579104,635.0937427579104,314.5123330332901,Standard
12720.0,2011-06-09,0.059641049724227034,Predicted CLV Eligible,4347.32,3184.384123340987,3184.384123340987,189.92001184121892,Standard
12721.0,2011-06-09,0.21004858559216438,Predicted CLV Eligible,2464.77,1898.213396673475,1898.213396673475,398.7170391233615,Standard
12724.0,2011-06-09,0.5949500925654302,Predicted CLV Eligible,1441.01,828.6753450581174,828.6753450581174,493.02047324901673,Standard
12726.0,2011-06-09,0.09215311532349235,Predicted CLV Eligible,2872.82,1812.0325712470735,1812.0325712470735,166.98444650805592,Standard
12727.0,2011-06-09,0.07802235755252494,Predicted CLV Eligible,4499.2300000000005,2613.365398638281,2613.365398638281,203.90092954795284,Standard
12728.0,2011-06-09,0.28696164972146543,Predicted CLV Eligible,851.15,955.1003218131724,955.1003218131724,274.0771639970105,Standard
12731.0,2011-06-09,0.10347804186264624,Predicted CLV Eligible,15109.89,9258.729830031474,9258.729830031474,958.0752329469284,Standard
12733.0,2011-06-09,0.5226511116832071,Predicted CLV Eligible,2424.87,918.1432840737516,918.1432840737516,479.8686081056169,Standard
12734.0,2011-06-09,0.6183319390269444,Predicted CLV Eligible,639.6500000000001,702.4351868701525,702.4351868701525,434.3381111381754,Standard
12735.0,2011-06-09,0.39940097258324087,Predicted CLV Eligible,779.5699999999999,833.3365544392303,833.3365544392303,332.8354303321954,Standard
12736.0,2011-06-09,0.5697281500212713,Not Eligible - One-Time Customer,234.0,,234.0,133.31638710497748,Standard
12744.0,2011-06-09,0.12063989802060271,Predicted CLV Eligible,14300.42,10686.239095806037,10686.239095806037,1289.186794741818,Standard
12747.0,2011-06-09,0.09461952520148828,Predicted CLV Eligible,6793.87,3676.7472960051086,3676.7472960051086,347.8920834338593,Standard
12748.0,2011-06-09,0.02413118397985676,Predicted CLV Eligible,30352.64,16806.83950437567,16806.83950437567,405.5689362000138,Standard
12749.0,2011-06-09,0.4214050689980791,Predicted CLV Eligible,3665.58,2852.5126346075604,2852.5126346075604,1202.0632836046914,Standard
12753.0,2011-06-09,0.0683081094961807,Predicted CLV Eligible,12940.51,15511.470206655424,15511.470206655424,1059.5592053229634,Standard
12754.0,2011-06-09,0.1667107724000752,Predicted CLV Eligible,3010.74,6838.182518381687,6838.182518381687,1139.9986894521026,Standard
12755.0,2011-06-09,0.9998875498859305,Predicted CLV Eligible,5236.259999999999,3275.2846274312788,3275.2846274312788,3274.916321301314,Priority
12757.0,2011-06-09,0.15987966804191855,Predicted CLV Eligible,4445.43,16739.732667635264,16739.732667635264,2676.3429020119856,Priority
12758.0,2011-06-09,0.44067539161261804,Predicted CLV Eligible,8681.84,3785.2835462089433,3785.2835462089433,1668.0813090904257,Priority
12759.0,2011-06-09,0.5201958630874167,Predicted CLV Eligible,3934.1,2096.062768503479,2096.062768503479,1090.3631809470676,Standard
12764.0,2011-06-09,0.442604657221477,Not Eligible - One-Time Customer,1693.88,,1693.88,749.7191767743155,Standard
12766.0,2011-06-09,0.18882640948869925,Predicted CLV Eligible,5945.07,6699.139809419128,6699.139809419128,1264.974516875423,Standard
12769.0,2011-06-09,0.45428513029576056,Not Eligible - One-Time Customer,1143.6,,1143.6,519.5204750062318,Standard
12770.0,2011-06-09,0.43919699290694225,Predicted CLV Eligible,3246.45,1975.3593219493457,1975.3593219493457,867.5718741108491,Standard
12775.0,2011-06-09,0.1504958006907126,Predicted CLV Eligible,1464.76,1724.723975745742,1724.723975745742,259.5637157003247,Standard
12778.0,2011-06-09,0.3473158795711423,Predicted CLV Eligible,1361.51,775.703485542473,775.703485542473,269.4141383675849,Standard
12779.0,2011-06-09,0.06674759328112004,Predicted CLV Eligible,5492.16,2968.986768322385,2968.986768322385,198.17272126900954,Standard
12781.0,2011-06-09,0.4622628611537382,Not Eligible - One-Time Customer,549.26,,549.26,253.90249911730226,Standard
12782.0,2011-06-09,0.1799286661474153,Predicted CLV Eligible,3850.27,3244.737559317979,3244.737559317979,583.8213010465038,Standard
12787.0,2011-06-09,0.5713414166378141,Predicted CLV Eligible,556.62,285.0313333379798,285.0313333379798,162.8502057754864,Standard
12790.0,2011-06-09,0.5262573441942158,Predicted CLV Eligible,591.85,571.0061811721553,571.0061811721553,300.49619642213963,Standard
12792.0,2011-06-09,0.52365153355422,Predicted CLV Eligible,827.01,475.0509217531816,475.0509217531816,248.76114369239934,Standard
12793.0,2011-06-09,0.5344724956402064,Predicted CLV Eligible,885.53,783.4830765505981,783.4830765505981,418.750155215865,Standard
12802.0,2011-06-09,0.5079279688350569,Predicted CLV Eligible,2416.42,1392.5116357555323,1392.5116357555323,707.29560672849,Standard
12808.0,2011-06-09,0.5724674252543351,Predicted CLV Eligible,574.4000000000001,468.7774730286685,468.7774730286685,268.3598330019554,Standard
12811.0,2011-06-09,0.3878238260853006,Predicted CLV Eligible,1033.9,955.2161783395244,955.2161783395244,370.4555930222132,Standard
12815.0,2011-06-09,0.48681373730583355,Not Eligible - One-Time Customer,615.36,,615.36,299.56570138851777,Standard
12817.0,2011-06-09,0.5826465164633838,Predicted CLV Eligible,690.98,683.5857233689853,683.5857233689853,398.28884042504166,Standard
12818.0,2011-06-09,0.43932078044335476,Not Eligible - One-Time Customer,1542.08,,1542.08,677.4677891060885,Standard
12820.0,2011-06-09,0.5882036098522481,Predicted CLV Eligible,1917.64,1045.053783794673,1045.053783794673,614.7044081177775,Standard
12821.0,2011-06-09,0.6073212495646423,Predicted CLV Eligible,220.8,103.24106336464712,103.24106336464712,62.7004916089999,Standard
12823.0,2011-06-09,0.3161768233341342,Predicted CLV Eligible,5736.5,3378.542801369372,3378.542801369372,1068.2169304353747,Standard
12826.0,2011-06-09,0.43508919337196705,Predicted CLV Eligible,2023.13,947.570111259227,947.570111259227,412.27751537116217,Standard
12829.0,2011-06-09,0.4299265748537426,Predicted CLV Eligible,385.3,296.1930695512651,296.1930695512651,127.34127188759177,Standard
12831.0,2011-06-09,0.5636414639044041,Predicted CLV Eligible,451.11,312.55372114117444,312.55372114117444,176.16823693278045,Standard
12834.0,2011-06-09,0.5436050222369279,Not Eligible - One-Time Customer,312.38,,312.38,169.81133684637152,Standard
12836.0,2011-06-09,0.2815565974269648,Predicted CLV Eligible,5610.77,3013.601249071555,3013.601249071555,848.4993136902381,Standard
12839.0,2011-06-09,0.1328676979191196,Predicted CLV Eligible,5473.59,2966.406572641779,2966.406572641779,394.13961239905876,Standard
12840.0,2011-06-09,0.2781877616316054,Predicted CLV Eligible,2893.17,1919.7001402246665,1919.7001402246665,534.037085012979,Standard
12841.0,2011-06-09,0.12805618064871305,Predicted CLV Eligible,4906.35,3974.356456396855,3974.356456396855,508.9409083427347,Standard
12842.0,2011-06-09,0.548169250228457,Predicted CLV Eligible,1109.73,498.0397905934298,498.0397905934298,273.01009859353815,Standard
12843.0,2011-06-09,0.22556771457275254,Predicted CLV Eligible,5952.610000000001,3396.1728170127262,3396.1728170127262,766.0669406276676,Standard
12845.0,2011-06-09,0.3904759085951494,Predicted CLV Eligible,354.09,663.6255335550687,663.6255335550687,259.1297831818563,Standard
12849.0,2011-06-09,0.49317064757258927,Predicted CLV Eligible,2701.03,1834.1278927587664,1834.1278927587664,904.5380406027894,Standard
12852.0,2011-06-09,0.4948307645800244,Not Eligible - One-Time Customer,311.55,,311.55,154.1645247049066,Standard
12853.0,2011-06-09,0.2106316464181414,Predicted CLV Eligible,2835.4,1660.3135700236755,1660.3135700236755,349.71458082446884,Standard
12854.0,2011-06-09,0.2676172266299659,Predicted CLV Eligible,2465.09,1209.2814700367264,1209.2814700367264,323.6245532262369,Standard
12857.0,2011-06-09,0.3018265114186779,Predicted CLV Eligible,3688.0,2341.9189481866324,2341.9189481866324,706.8532261564707,Standard
12866.0,2011-06-09,0.5070074254454235,Predicted CLV Eligible,1227.35,995.896216994206,995.896216994206,504.92677698906925,Standard
12867.0,2011-06-09,0.10907331362256274,Predicted CLV Eligible,5549.31,3157.814360537173,3157.814360537173,344.43327610870347,Standard
12868.0,2011-06-09,0.11826230653658572,Predicted CLV Eligible,2043.76,2403.3984502581234,2403.3984502581234,284.23144425398124,Standard
12871.0,2011-06-09,0.584838685017447,Predicted CLV Eligible,495.38,219.73631775234364,219.73631775234364,128.51029912485654,Standard
12872.0,2011-06-09,0.5721567171813116,Predicted CLV Eligible,3283.96,1617.6016934178042,1617.6016934178042,925.5216746128613,Standard
12873.0,2011-06-09,0.5322479019985238,Predicted CLV Eligible,2027.3,1173.319599235344,1173.319599235344,624.4968950667605,Standard
12875.0,2011-06-09,0.5604211717671976,Predicted CLV Eligible,1307.52,689.238601692356,689.238601692356,386.263904787615,Standard
12876.0,2011-06-09,0.4759704179264487,Predicted CLV Eligible,2590.2,1570.7766289586991,1570.7766289586991,747.6432085545703,Standard
12877.0,2011-06-09,0.11216629818950699,Predicted CLV Eligible,2088.4100000000003,1119.3853709391244,1119.3853709391244,125.55731330572972,Standard
12878.0,2011-06-09,0.37379114965428756,Predicted CLV Eligible,854.99,1755.4516749842812,1755.4516749842812,656.1722997549192,Standard
12881.0,2011-06-09,0.545401373347922,Not Eligible - One-Time Customer,298.0,,298.0,162.52960925768076,Standard
12886.0,2011-06-09,0.42486044261811784,Not Eligible - One-Time Customer,775.0,,775.0,329.26684302904135,Standard
12888.0,2011-06-09,0.34172768821429983,Predicted CLV Eligible,354.12,336.13216391083495,336.13216391083495,114.86566730771973,Standard
12891.0,2011-06-09,0.2582167554277022,Predicted CLV Eligible,840.5,555.1667869489798,555.1667869489798,143.353366447188,Standard
12897.0,2011-06-09,0.3895257762539649,Predicted CLV Eligible,514.25,401.0481180688254,401.0481180688254,156.21857950595097,Standard
12901.0,2011-06-09,0.07958709803976897,Predicted CLV Eligible,8061.8,19486.724013038976,19486.724013038976,1550.8918144996533,Priority
12902.0,2011-06-09,0.5909689907484326,Not Eligible - One-Time Customer,138.68,,138.68,81.95557963699264,Standard
12908.0,2011-06-09,0.5819212751764204,Predicted CLV Eligible,1344.0,805.2961025895122,805.2961025895122,468.6189349134904,Standard
12909.0,2011-06-09,0.2151727786815572,Predicted CLV Eligible,2452.89,1581.2280036427462,1581.2280036427462,340.2372232729012,Standard
12910.0,2011-06-09,0.2970044143135751,Predicted CLV Eligible,3863.98,2156.374038621117,2156.374038621117,640.4526083816635,Standard
12913.0,2011-06-09,0.4308472263107479,Predicted CLV Eligible,4666.0,2382.3196928840257,2382.3196928840257,1026.4158318645552,Standard
12916.0,2011-06-09,0.14566096031819914,Predicted CLV Eligible,3786.36,2287.783990273195,2287.783990273195,333.2408130237951,Standard
12921.0,2011-06-09,0.018882701369428566,Predicted CLV Eligible,24717.47,13713.687967516458,13713.687967516458,258.95147456413906,Standard
12924.0,2011-06-09,0.17640431862698078,Predicted CLV Eligible,2190.9700000000003,1180.4323665775064,1180.4323665775064,208.2333673113394,Standard
12928.0,2011-06-09,0.30393289469204815,Predicted CLV Eligible,3022.23,2179.4993674357643,2179.4993674357643,662.4215517242397,Standard
12929.0,2011-06-09,0.6081755518131736,Not Eligible - One-Time Customer,117.85,,117.85,71.67348878118251,Standard
12931.0,2011-06-09,0.0697078238818315,Predicted CLV Eligible,54212.08,29718.5903539899,29718.5903539899,2071.6182624122243,Priority
12933.0,2011-06-09,0.5560969211384317,Predicted CLV Eligible,1139.85,627.112023784141,627.112023784141,348.7350656352518,Standard
12935.0,2011-06-09,0.26078182992866783,Predicted CLV Eligible,2949.39,1858.7163308767667,1858.7163308767667,484.71944608434245,Standard
12937.0,2011-06-09,0.3724154506885268,Predicted CLV Eligible,2021.57,1122.7829696183062,1122.7829696183062,418.14172565580395,Standard
12939.0,2011-06-09,0.19592012841716824,Predicted CLV Eligible,20911.32,12496.946330983032,12496.946330983032,2448.403329988655,Priority
12942.0,2011-06-09,0.5806161058536932,Predicted CLV Eligible,396.52,300.2953165698155,300.2953165698155,174.3562973128683,Standard
12944.0,2011-06-09,0.5606004351912877,Not Eligible - One-Time Customer,286.95,,286.95,160.86429487814,Standard
12945.0,2011-06-09,0.5197781181302523,Predicted CLV Eligible,900.11,419.504685847152,419.504685847152,218.04935615645536,Standard
12947.0,2011-06-09,0.20427441723694936,Predicted CLV Eligible,1035.27,1265.5459357320813,1265.5459357320813,258.51865850826067,Standard
12948.0,2011-06-09,0.30293402906607997,Predicted CLV Eligible,1138.74,638.7735575725034,638.7735575725034,193.50624745631205,Standard
12949.0,2011-06-09,0.20643668972434578,Predicted CLV Eligible,13610.18,6836.907201597477,6836.907201597477,1411.3884906503235,Priority
12951.0,2011-06-09,0.15984409618954576,Predicted CLV Eligible,2774.53,1614.0901145977864,1614.0901145977864,258.0027755363635,Standard
12955.0,2011-06-09,0.29083236760505277,Predicted CLV Eligible,697.42,708.7956431322708,708.7956431322708,206.14071504030437,Standard
12956.0,2011-06-09,0.6125520011011177,Predicted CLV Eligible,521.89,315.79004661212497,315.79004661212497,193.4378249800724,Standard
12957.0,2011-06-09,0.08946005624203177,Predicted CLV Eligible,6404.72,3205.722562655984,3205.722562655984,286.7841207515545,Standard
12967.0,2011-06-09,0.5141597572674915,Predicted CLV Eligible,2938.5200000000004,2176.614451881628,2176.614451881628,1119.127558244372,Standard
12970.0,2011-06-09,0.6338388998205898,Predicted CLV Eligible,1071.93,544.5488118203853,544.5488118203853,345.1562197828424,Standard
12971.0,2011-06-09,0.03583639567802947,Predicted CLV Eligible,9374.03,5315.133236415738,5315.133236415738,190.47521774163977,Standard
12974.0,2011-06-09,0.5775710155877796,Predicted CLV Eligible,408.95,171.69708424818614,171.69708424818614,99.16725932268542,Standard
12976.0,2011-06-09,0.4774280285111817,Predicted CLV Eligible,3156.38,1901.6962573475048,1901.6962573475048,907.9230949725121,Standard
12980.0,2011-06-09,0.05162053977268651,Predicted CLV Eligible,14329.86,7737.771795420407,7737.771795420407,399.42795671747103,Standard
12982.0,2011-06-09,0.47156898144568143,Predicted CLV Eligible,2744.81,1549.1882542306446,1549.1882542306446,730.5491271151584,Standard
12987.0,2011-06-09,0.4806804023116138,Predicted CLV Eligible,1057.81,555.6161913153812,555.6161913153812,267.073814372324,Standard
12988.0,2011-06-09,0.5148396859929468,Not Eligible - One-Time Customer,505.82,,505.82,260.4162099689524,Standard
12989.0,2011-06-09,0.08653039256350159,Predicted CLV Eligible,9955.58,5494.10256890494,5494.10256890494,475.40685207148704,Standard
12990.0,2011-06-09,0.34972048737071015,Predicted CLV Eligible,809.9,534.1799176218827,534.1799176218827,186.81366113437062,Standard
12993.0,2011-06-09,0.40853138191620086,Predicted CLV Eligible,1020.17,618.0731165607771,618.0731165607771,252.50226443382735,Standard
12994.0,2011-06-09,0.48745119801562964,Not Eligible - One-Time Customer,352.6,,352.6,171.875292420311,Standard
12997.0,2011-06-09,0.2782632824687404,Predicted CLV Eligible,1492.49,1150.2572946351272,1150.2572946351272,320.07437048878353,Standard
12999.0,2011-06-09,0.33838936184292734,Predicted CLV Eligible,455.88,528.1262168850254,528.1262168850254,178.71229350424318,Standard
13000.0,2011-06-09,0.5521163318200826,Predicted CLV Eligible,956.18,331.67496696153535,331.67496696153535,183.12316611534996,Standard
13001.0,2011-06-09,0.0506916266003153,Predicted CLV Eligible,22069.18,11968.997220234613,11968.997220234613,606.7279378683447,Standard
13002.0,2011-06-09,0.6076830097320934,Predicted CLV Eligible,414.13,322.8360593459507,322.8360593459507,196.18198819339605,Standard
13003.0,2011-06-09,0.6339392730998255,Not Eligible - One-Time Customer,59.05,,59.05,37.43411407654469,Standard
13004.0,2011-06-09,0.07335220767271133,Predicted CLV Eligible,8442.96,4698.13603975853,4698.13603975853,344.61865046301733,Standard
13005.0,2011-06-09,0.49226357119934755,Predicted CLV Eligible,807.63,749.7445300728691,749.7445300728691,369.0719198608472,Standard
13008.0,2011-06-09,0.5324743716575945,Predicted CLV Eligible,612.13,305.00383851506786,305.00383851506786,162.40672726646517,Standard
13012.0,2011-06-09,0.23601229625220038,Predicted CLV Eligible,2018.38,1319.6840452975405,1319.6840452975405,311.4616618580653,Standard
13013.0,2011-06-09,0.36528911831916594,Predicted CLV Eligible,8658.78,4598.560664748233,4598.560664748233,1679.8041707630796,Priority
13014.0,2011-06-09,0.18710391464367784,Predicted CLV Eligible,3242.83,1731.9440840997056,1731.9440840997056,324.0535180790141,Standard
13015.0,2011-06-09,0.22580751291747023,Predicted CLV Eligible,5003.18,3260.579934507423,3260.579934507423,736.2634456797291,Standard
13018.0,2011-06-09,0.10566542184181618,Predicted CLV Eligible,6159.42,3618.031004185679,3618.031004185679,382.3007722940496,Standard
13021.0,2011-06-09,0.15769826408735316,Predicted CLV Eligible,3035.86,1644.879507910376,1644.879507910376,259.394643030326,Standard
13026.0,2011-06-09,0.4242276458239962,Predicted CLV Eligible,1001.44,420.9944917084606,420.9944917084606,178.59750212235014,Standard
13027.0,2011-06-09,0.1485670592469996,Predicted CLV Eligible,14167.2,8497.06595768753,8497.06595768753,1262.3841015614264,Standard
13029.0,2011-06-09,0.5424874869028242,Predicted CLV Eligible,1062.3,742.9977291260998,742.9977291260998,403.0669708481232,Standard
13033.0,2011-06-09,0.5862684080514204,Predicted CLV Eligible,220.55,263.6446355767587,263.6446355767587,154.5665207908832,Standard
13035.0,2011-06-09,0.5359755290778558,Predicted CLV Eligible,775.3199999999999,522.7032488965999,522.7032488965999,280.1561503780693,Standard
13037.0,2011-06-09,0.3881694074434721,Predicted CLV Eligible,3611.2,1938.689025653764,1938.689025653764,752.5397703051839,Standard
13038.0,2011-06-09,0.53012984222005,Not Eligible - One-Time Customer,395.1,,395.1,209.45430066114176,Standard
13043.0,2011-06-09,0.46295555556824064,Not Eligible - One-Time Customer,516.42,,516.42,239.0795080065508,Standard
13044.0,2011-06-09,0.5081760872123496,Predicted CLV Eligible,4848.05,2858.808663067981,2858.808663067981,1452.778200486655,Priority
13046.0,2011-06-09,0.569482095824832,Predicted CLV Eligible,517.66,293.5685677781552,293.5685677781552,167.18204324659808,Standard
13047.0,2011-06-09,0.1757455571193183,Predicted CLV Eligible,6862.67,3852.3036291244025,3852.3036291244025,677.0252474932398,Standard
13048.0,2011-06-09,0.3181375071905507,Predicted CLV Eligible,3153.1400000000003,1829.8644852169325,1829.8644852169325,582.1485258234352,Standard
13049.0,2011-06-09,0.5931873079306614,Predicted CLV Eligible,905.34,968.9359696621516,968.9359696621516,574.7605194010767,Standard
13050.0,2011-06-09,0.027565116405373114,Predicted CLV Eligible,9608.79,5355.987533805014,5355.987533805014,147.63841983506248,Standard
13052.0,2011-06-09,0.5252081911930143,Predicted CLV Eligible,3119.33,1816.4126325451407,1816.4126325451407,953.9947931991748,Standard
13055.0,2011-06-09,0.5260094630266415,Predicted CLV Eligible,1451.56,561.2828258738463,561.2828258738463,295.2400778439778,Standard
13059.0,2011-06-09,0.5714181844259211,Predicted CLV Eligible,2291.77,1230.023844525789,1230.023844525789,702.8579920395177,Standard
13060.0,2011-06-09,0.5398137006073165,Not Eligible - One-Time Customer,307.53,,307.53,166.00890734776803,Standard
13062.0,2011-06-09,0.5219359689028391,Not Eligible - One-Time Customer,346.98,,346.98,181.10134248990713,Standard
13064.0,2011-06-09,0.5775636020704735,Predicted CLV Eligible,764.55,479.450446617138,479.450446617138,276.9131269624915,Standard
13068.0,2011-06-09,0.5891133391739044,Not Eligible - One-Time Customer,165.0,,165.0,97.20370096369423,Standard
13069.0,2011-06-09,0.049101235958870545,Predicted CLV Eligible,7531.77,5628.218662728973,5628.218662728973,276.35249258677413,Standard
13070.0,2011-06-09,0.5483183761913074,Predicted CLV Eligible,751.7,398.87696519582585,398.87696519582585,218.71156985629187,Standard
13072.0,2011-06-09,0.5763171044872653,Not Eligible - One-Time Customer,177.15,,177.15,102.09457505991904,Standard
13077.0,2011-06-09,0.4839052360816119,Predicted CLV Eligible,2588.82,1410.8239294530308,1410.8239294530308,682.7050866515563,Standard
13078.0,2011-06-09,0.02529500578541452,Predicted CLV Eligible,20857.28,11319.900914226788,11319.900914226788,286.3369591156857,Standard
13081.0,2011-06-09,0.056703535116790806,Predicted CLV Eligible,42964.5,23289.11034273968,23289.11034273968,1320.5748861583554,Standard
13082.0,2011-06-09,0.1326645275682984,Predicted CLV Eligible,5682.3,3274.6279231565827,3274.6279231565827,434.42696638752625,Standard
13085.0,2011-06-09,0.5373033304425985,Predicted CLV Eligible,2295.3,1065.0017166715004,1065.0017166715004,572.2289692946819,Standard
13089.0,2011-06-09,0.00554925228926686,Predicted CLV Eligible,84122.0,46582.944536722265,46582.944536722265,258.50051161119717,Standard
13090.0,2011-06-09,0.14444427583844038,Predicted CLV Eligible,7292.519999999999,6536.061512690775,6536.061512690775,944.0966720361203,Standard
13092.0,2011-06-09,0.14600434082967384,Predicted CLV Eligible,2102.2,1094.6322922968436,1094.6322922968436,159.8210662876755,Standard
13093.0,2011-06-09,0.07543512803501207,Predicted CLV Eligible,54144.25,20193.138027704423,20193.138027704423,1523.2719525485543,Priority
13094.0,2011-06-09,0.07419098420354955,Predicted CLV Eligible,1375.2,1516.6567505418573,1516.6567505418573,112.52225702165772,Standard
13097.0,2011-06-09,0.10253854301676184,Predicted CLV Eligible,10323.04,5544.420698345797,5544.420698345797,568.5168202803552,Standard
13098.0,2011-06-09,0.027312438465218164,Predicted CLV Eligible,7734.97,13455.8934179954,13455.8934179954,367.5132609735335,Standard
13101.0,2011-06-09,0.605254394459384,Predicted CLV Eligible,695.4,383.9499920037652,383.9499920037652,232.38741991292423,Standard
13102.0,2011-06-09,0.042378832221861694,Predicted CLV Eligible,8725.17,6108.626262560753,6108.626262560753,258.87644748712023,Standard
13104.0,2011-06-09,0.4097609557376236,Predicted CLV Eligible,824.34,533.1072052651384,533.1072052651384,218.4465179400566,Standard
13107.0,2011-06-09,0.4617215844998984,Predicted CLV Eligible,4288.29,2471.505799995296,2471.505799995296,1141.147574074517,Standard
13110.0,2011-06-09,0.28351966434054443,Predicted CLV Eligible,2201.29,1093.9516284829024,1093.9516284829024,310.15679851226446,Standard
13113.0,2011-06-09,0.016673904687180517,Predicted CLV Eligible,14840.27,9983.689317986144,9983.689317986144,166.46708411452323,Standard
13115.0,2011-06-09,0.3586508940884838,Predicted CLV Eligible,4078.47,2594.637566753309,2594.637566753309,930.5690831516422,Standard
13117.0,2011-06-09,0.24467630226801282,Predicted CLV Eligible,2022.12,1339.0152754725343,1339.0152754725343,327.62530628300425,Standard
13118.0,2011-06-09,0.23194875163769915,Predicted CLV Eligible,2017.3,2122.1257231850536,2122.1257231850536,492.2244123110227,Standard
13120.0,2011-06-09,0.6743011953241966,Not Eligible - One-Time Customer,30.6,,30.6,20.633616576920417,Standard
13121.0,2011-06-09,0.501283868911106,Not Eligible - One-Time Customer,283.73,,283.73,142.22927212614812,Standard
13122.0,2011-06-09,0.469446494225828,Not Eligible - One-Time Customer,903.67,,903.67,424.224713437054,Standard
13124.0,2011-06-09,0.25421031427678326,Predicted CLV Eligible,3401.8,4082.110833156535,4082.110833156535,1037.7146778093843,Standard
13126.0,2011-06-09,0.2277176042685857,Predicted CLV Eligible,2752.59,1581.386036739733,1581.386036739733,360.10943971016565,Standard
13131.0,2011-06-09,0.5254562571024526,Predicted CLV Eligible,2565.37,1410.1466178230658,1410.1466178230658,740.9703637669908,Standard
13132.0,2011-06-09,0.6254602266347304,Not Eligible - One-Time Customer,77.3,,77.3,48.34807551886466,Standard
13133.0,2011-06-09,0.5060922577063771,Predicted CLV Eligible,200.45,152.4112438651619,152.4112438651619,77.13415050755701,Standard
13134.0,2011-06-09,0.34966197624774764,Predicted CLV Eligible,1207.35,1285.3262130577623,1285.3262130577623,449.4297037808107,Standard
13135.0,2011-06-09,0.3859385727392338,Predicted CLV Eligible,3371.45,4098.457051255198,4098.457051255198,1581.75266479448,Priority
13136.0,2011-06-09,0.4400181510191962,Predicted CLV Eligible,4241.41,2284.81745477498,2284.81745477498,1005.3611518664727,Standard
13137.0,2011-06-09,0.3535260328188675,Predicted CLV Eligible,4831.09,3773.008296961273,3773.008296961273,1333.8566550173905,Priority
13138.0,2011-06-09,0.5666057539036295,Predicted CLV Eligible,698.47,620.6070477907256,620.6070477907256,351.6395241913699,Standard
13139.0,2011-06-09,0.3396339049328052,Predicted CLV Eligible,4308.06,1608.8664797405695,1608.8664797405695,546.4256050297855,Standard
13141.0,2011-06-09,0.14760112384006457,Predicted CLV Eligible,6668.36,3680.776287109602,3680.776287109602,543.2867165812374,Standard
13144.0,2011-06-09,0.6150078681129829,Predicted CLV Eligible,135.35,169.43602897543974,169.43602897543974,104.2044909617148,Standard
13148.0,2011-06-09,0.15813881590465576,Predicted CLV Eligible,6593.9400000000005,3620.5960628912735,3620.5960628912735,572.5567742546846,Standard
13149.0,2011-06-09,0.5329480894985144,Not Eligible - One-Time Customer,376.74,,376.74,200.7828632376703,Standard
13151.0,2011-06-09,0.40531263549851876,Predicted CLV Eligible,2465.21,1315.4855165593035,1315.4855165593035,533.1829016767816,Standard
13155.0,2011-06-09,0.5817364188503165,Predicted CLV Eligible,967.92,778.6435798212128,778.6435798212128,452.96532768598286,Standard
13157.0,2011-06-09,0.34570085962768193,Predicted CLV Eligible,4444.08,3081.249659766864,3081.249659766864,1065.1906561089074,Standard
13158.0,2011-06-09,0.5617952352577915,Predicted CLV Eligible,563.53,423.5794366945488,423.5794366945488,237.96490928817684,Standard
13161.0,2011-06-09,0.6111165162438248,Predicted CLV Eligible,472.13,149.65246909024404,149.65246909024404,91.4550955577166,Standard
13162.0,2011-06-09,0.1325101675811802,Predicted CLV Eligible,8892.64,4729.69708566661,4729.69708566661,626.7329534299022,Standard
13165.0,2011-06-09,0.5468928748642492,Predicted CLV Eligible,784.3199999999999,498.72146395711377,498.72146395711377,272.747215180013,Standard
13166.0,2011-06-09,0.47212407255563205,Predicted CLV Eligible,875.9300000000001,669.780631578281,669.780631578281,316.2195594996214,Standard
13168.0,2011-06-09,0.1743904285405528,Predicted CLV Eligible,1494.2,919.884571194589,919.884571194589,160.41906457846702,Standard
13169.0,2011-06-09,0.5082795451342575,Predicted CLV Eligible,632.4,559.6550374460053,559.6550374460053,284.46120786515144,Standard
13171.0,2011-06-09,0.5957622531525825,Not Eligible - One-Time Customer,140.35,,140.35,83.61523222996495,Standard
13174.0,2011-06-09,0.5015084383035098,Predicted CLV Eligible,7286.6,3838.334728851336,3838.334728851336,1924.9572555523591,Priority
13178.0,2011-06-09,0.09223445321321765,Predicted CLV Eligible,11052.92,6133.618496925683,6133.618496925683,565.7309482824182,Standard
13183.0,2011-06-09,0.17187808967880966,Predicted CLV Eligible,4605.4800000000005,2916.7460531994584,2916.7460531994584,501.3247397021306,Standard
13184.0,2011-06-09,0.1586910683703942,Predicted CLV Eligible,919.97,1686.7276702365511,1686.7276702365511,267.6686160397443,Standard
13185.0,2011-06-09,0.6310229325226205,Not Eligible - One-Time Customer,71.4,,71.4,45.05503738211511,Standard
13187.0,2011-06-09,0.5699236606697159,Predicted CLV Eligible,341.36,226.56540591528577,226.56540591528577,129.12498552035976,Standard
13192.0,2011-06-09,0.5058200396082876,Predicted CLV Eligible,2110.96,989.619067911977,989.619067911977,500.56915612835286,Standard
13196.0,2011-06-09,0.5090771223147452,Predicted CLV Eligible,1783.19,1280.710885559724,1280.710885559724,651.9806121379132,Standard
13198.0,2011-06-09,0.15928872904154398,Predicted CLV Eligible,3660.74,3505.423790928091,3505.423790928091,558.3745004089266,Standard
13199.0,2011-06-09,0.061784542017967715,Predicted CLV Eligible,9887.25,5500.8239036068335,5500.8239036068335,339.8658856058376,Standard
13203.0,2011-06-09,0.5765193788904235,Predicted CLV Eligible,1944.5,994.1081437079936,994.1081437079936,573.1226095604443,Standard
13208.0,2011-06-09,0.23273363231311825,Predicted CLV Eligible,1452.61,858.7309627365735,858.7309627365735,199.85557613742375,Standard
13209.0,2011-06-09,0.11638680462184896,Predicted CLV Eligible,4980.34,3077.7255936197325,3077.7255936197325,358.2066473442839,Standard
13211.0,2011-06-09,0.619507747829118,Predicted CLV Eligible,1634.05,829.2194123603063,829.2194123603063,513.707850607518,Standard
13213.0,2011-06-09,0.43984654490066843,Predicted CLV Eligible,2746.2200000000003,2048.1355440833645,2048.1355440833645,900.8653425533186,Standard
13216.0,2011-06-09,0.5369680033766044,Not Eligible - One-Time Customer,333.74,,333.74,179.20770144690798,Standard
13220.0,2011-06-09,0.30777486154301403,Predicted CLV Eligible,1243.29,652.7440990185769,652.7440990185769,200.89822469846195,Standard
13221.0,2011-06-09,0.2982352139109314,Predicted CLV Eligible,847.4100000000001,718.1935834454557,718.1935834454557,214.19061698831385,Standard
13223.0,2011-06-09,0.4679815492282309,Predicted CLV Eligible,969.12,529.4746714973651,529.4746714973651,247.78437704444553,Standard
13225.0,2011-06-09,0.08684694600609193,Predicted CLV Eligible,13538.11,7204.638691151386,7204.638691151386,625.7008674038252,Standard
13226.0,2011-06-09,0.6073612347744446,Predicted CLV Eligible,312.46000000000004,202.6983410211551,202.6983410211551,123.11111468934021,Standard
13227.0,2011-06-09,0.5423567701675853,Not Eligible - One-Time Customer,257.7,,257.7,139.76533967218674,Standard
13229.0,2011-06-09,0.575584070505957,Not Eligible - One-Time Customer,160.95,,160.95,92.64025614793377,Standard
13230.0,2011-06-09,0.12063983115966041,Predicted CLV Eligible,5128.01,3328.033385309677,3328.033385309677,401.49338569747255,Standard
13232.0,2011-06-09,0.32023539326819267,Predicted CLV Eligible,674.9,2075.891370508333,2075.891370508333,664.7738894167834,Standard
13233.0,2011-06-09,0.5540253818375906,Predicted CLV Eligible,875.5799999999999,438.6021288831786,438.6021288831786,242.99671192928315,Standard
13235.0,2011-06-09,0.4693923298641051,Not Eligible - One-Time Customer,1031.07,,1031.07,483.9763495529828,Standard
13238.0,2011-06-09,0.6307663500505377,Predicted CLV Eligible,397.05,258.12838648607584,258.12838648607584,162.8187001882566,Standard
13239.0,2011-06-09,0.5367864919328154,Predicted CLV Eligible,1594.69,1336.4353816718146,1336.4353816718146,717.3804602225065,Standard
13240.0,2011-06-09,0.5618682213246575,Predicted CLV Eligible,1254.55,803.4782740127484,803.4782740127484,451.44890869254874,Standard
13242.0,2011-06-09,0.5292535014034218,Predicted CLV Eligible,533.0,301.35693197198304,301.35693197198304,159.4942114183648,Standard
13243.0,2011-06-09,0.49083972382299457,Predicted CLV Eligible,1220.38,823.9962521581043,823.9962521581043,404.45009284046654,Standard
13246.0,2011-06-09,0.14036365827654196,Predicted CLV Eligible,3016.27,2590.973115060297,2590.973115060297,363.678464926031,Standard
13248.0,2011-06-09,0.5146386243116574,Not Eligible - One-Time Customer,387.47,,387.47,199.4070277620379,Standard
13249.0,2011-06-09,0.5443911139596221,Predicted CLV Eligible,1189.36,737.1101883916529,737.1101883916529,401.27623656951886,Standard
13253.0,2011-06-09,0.5263766643248448,Predicted CLV Eligible,2397.19,1037.940829648015,1037.940829648015,546.3478316766841,Standard
13258.0,2011-06-09,0.5592115169078212,Predicted CLV Eligible,535.47,636.1017238690578,636.1017238690578,355.71540991249583,Standard
13261.0,2011-06-09,0.38471009010271384,Predicted CLV Eligible,944.1,283.9387901379169,283.9387901379169,109.23411753761357,Standard
13262.0,2011-06-09,0.5682012807487912,Predicted CLV Eligible,573.45,313.58050569056155,313.58050569056155,178.17684495123066,Standard
13263.0,2011-06-09,0.07857499995429465,Predicted CLV Eligible,4679.67,5231.606221663442,5231.606221663442,411.07345862809257,Standard
13265.0,2011-06-09,0.3605583709956798,Predicted CLV Eligible,1124.88,2465.6048920273256,2465.6048920273256,888.9944833883515,Standard
13266.0,2011-06-09,0.12438506859501648,Predicted CLV Eligible,4127.21,2276.0912968467865,2276.0912968467865,283.11177208680755,Standard
13267.0,2011-06-09,0.04644504512632518,Predicted CLV Eligible,7118.46,3910.021501862219,3910.021501862219,181.6011250988925,Standard
13268.0,2011-06-09,0.14673808288797638,Predicted CLV Eligible,1810.34,3195.7350333636577,3195.7350333636577,468.9360322137264,Standard
13269.0,2011-06-09,0.09088098068995167,Predicted CLV Eligible,5239.32,2911.1799293809017,2911.1799293809017,264.5708869470406,Standard
13280.0,2011-06-09,0.40854199249644274,Predicted CLV Eligible,2177.83,1243.6506671172194,1243.6506671172194,508.08352151359907,Standard
13282.0,2011-06-09,0.4738313736442362,Predicted CLV Eligible,525.75,603.8271122491669,603.8271122491669,286.11223004065516,Standard
13283.0,2011-06-09,0.6763063613750777,Predicted CLV Eligible,305.20000000000005,156.3678695154293,156.3678695154293,105.75258486795293,Standard
13284.0,2011-06-09,0.527473198030265,Not Eligible - One-Time Customer,201.19,,201.19,106.12233271170902,Standard
13285.0,2011-06-09,0.32427560295528873,Predicted CLV Eligible,1828.74,1192.3194954339729,1192.3194954339729,386.6401232971972,Standard
13292.0,2011-06-09,0.5579369045828579,Predicted CLV Eligible,665.14,456.3547014998911,456.3547014998911,254.61712954668337,Standard
13294.0,2011-06-09,0.3387938186975722,Predicted CLV Eligible,1689.53,723.4949795138672,723.4949795138672,245.11562691802482,Standard
13295.0,2011-06-09,0.583279860022993,Predicted CLV Eligible,1101.97,685.2322305587843,685.2322305587843,399.682159523571,Standard
13299.0,2011-06-09,0.5899444863595553,Predicted CLV Eligible,1218.7,918.6452207366136,918.6452207366136,541.9496828941218,Standard
13301.0,2011-06-09,0.3924299150445084,Predicted CLV Eligible,327.77,464.2265163039826,464.2265163039826,182.17637235458,Standard
13304.0,2011-06-09,0.5572394306449964,Predicted CLV Eligible,1217.99,659.3808217500357,659.3808217500357,367.43299369021975,Standard
13305.0,2011-06-09,0.3381418641308359,Predicted CLV Eligible,2255.8,1286.9450478477552,1286.9450478477552,435.16999751318775,Standard
13308.0,2011-06-09,0.4181759241677495,Predicted CLV Eligible,1099.81,845.8915976610325,845.8915976610325,353.7315005976364,Standard
13309.0,2011-06-09,0.33145546917792207,Predicted CLV Eligible,796.22,890.0107724556632,890.0107724556632,294.99893815769667,Standard
13310.0,2011-06-09,0.23292807675105864,Predicted CLV Eligible,1226.8200000000002,1420.700615486409,1420.700615486409,330.9210620042945,Standard
13313.0,2011-06-09,0.3081733639895653,Predicted CLV Eligible,2499.74,1264.1662231472567,1264.1662231472567,389.5823576292736,Standard
13316.0,2011-06-09,0.3898652829737177,Predicted CLV Eligible,8830.37,4866.37451381232,4866.37451381232,1897.2304768835281,Priority
13317.0,2011-06-09,0.08089419193954171,Predicted CLV Eligible,5526.391,3001.260350828792,3001.260350828792,242.78453088048062,Standard
13319.0,2011-06-09,0.03565985078931243,Predicted CLV Eligible,15487.57,8428.319840037962,8428.319840037962,300.55262790035533,Standard
13320.0,2011-06-09,0.3945101479088974,Predicted CLV Eligible,1188.01,1074.9992719584714,1074.9992719584714,424.09812178229356,Standard
13324.0,2011-06-09,0.06321790975483507,Predicted CLV Eligible,7190.51,5608.745982312797,5608.745982312797,354.5731973476442,Standard
13327.0,2011-06-09,0.20000439461722283,Predicted CLV Eligible,7379.06,3809.558315599164,3809.558315599164,761.9284046704179,Standard
13328.0,2011-06-09,0.4587574319747542,Not Eligible - One-Time Customer,1308.48,,1308.48,600.2749245903263,Standard
13330.0,2011-06-09,0.28966736704854756,Predicted CLV Eligible,2383.39,1279.761285714769,1279.761285714769,370.7050820836611,Standard
13334.0,2011-06-09,0.23713597033764552,Predicted CLV Eligible,5408.07,3201.4862063413475,3201.4862063413475,759.187538063343,Standard
13339.0,2011-06-09,0.46598243802512196,Not Eligible - One-Time Customer,860.12,,860.12,400.8008145941679,Standard
13340.0,2011-06-09,0.3883138815025501,Predicted CLV Eligible,15042.11,6463.064859092196,6463.064859092196,2509.6978018368222,Priority
13341.0,2011-06-09,0.4824540673795445,Not Eligible - One-Time Customer,775.85,,775.85,374.3119881764196,Standard
13344.0,2011-06-09,0.4375217202250787,Not Eligible - One-Time Customer,1656.15,,1656.15,724.6015969507641,Standard
13345.0,2011-06-09,0.47899111513414194,Not Eligible - One-Time Customer,389.5,,389.5,186.56703934474828,Standard
13357.0,2011-06-09,0.49722952046706553,Predicted CLV Eligible,3805.51,1792.8903045512584,1792.8903045512584,891.4779863820733,Standard
13358.0,2011-06-09,0.5198365997868235,Not Eligible - One-Time Customer,439.03,,439.03,228.22386240440912,Standard
13362.0,2011-06-09,0.3291408758072806,Predicted CLV Eligible,3884.86,3914.8036573491263,3914.8036573491263,1288.5219043934367,Standard
13365.0,2011-06-09,0.4817544240414214,Not Eligible - One-Time Customer,700.6,,700.6,337.5171494834198,Standard
13368.0,2011-06-09,0.34996651893673586,Predicted CLV Eligible,1121.5,884.9042474603054,884.9042474603054,309.68685907601497,Standard
13373.0,2011-06-09,0.46981371656349263,Predicted CLV Eligible,5262.64,2940.637770379989,2940.637770379989,1381.551959969205,Priority
13376.0,2011-06-09,0.37407333695030587,Predicted CLV Eligible,770.0,1776.900677794661,1776.900677794661,664.6911659719092,Standard
13381.0,2011-06-09,0.3036157847054815,Predicted CLV Eligible,5656.41,3353.5272677746143,3353.5272677746143,1018.1838129366189,Standard
13382.0,2011-06-09,0.5643275144662547,Predicted CLV Eligible,1387.58,718.506160097375,718.506160097375,405.4727954564445,Standard
13385.0,2011-06-09,0.517509494162659,Not Eligible - One-Time Customer,534.57,,534.57,276.64505029453267,Standard
13389.0,2011-06-09,0.5474089124296625,Not Eligible - One-Time Customer,257.89,,257.89,141.17128442648564,Standard
13391.0,2011-06-09,0.6314899793443043,Not Eligible - One-Time Customer,59.8,,59.8,37.76310076478939,Standard
13394.0,2011-06-09,0.23097993193115895,Predicted CLV Eligible,5037.01,2723.2156063710568,2723.2156063710568,629.0081553934565,Standard
13395.0,2011-06-09,0.5285248281310096,Predicted CLV Eligible,1180.23,979.1370044978428,979.1370044978428,517.4982170189339,Standard
13396.0,2011-06-09,0.48553267619879625,Not Eligible - One-Time Customer,387.27,,387.27,188.0322395115078,Standard
13397.0,2011-06-09,0.3904568929418561,Predicted CLV Eligible,2249.51,1254.5775583773086,1254.5775583773086,489.858455398584,Standard
13398.0,2011-06-09,0.5046345081809176,Predicted CLV Eligible,670.3399999999999,701.9596847269719,701.9596847269719,354.2330802650274,Standard
13404.0,2011-06-09,0.554694881127862,Not Eligible - One-Time Customer,217.81,,217.81,120.81809205845963,Standard
13405.0,2011-06-09,0.32046052888534815,Predicted CLV Eligible,1198.81,679.8962395695614,679.8962395695614,217.87990851962104,Standard
13408.0,2011-06-09,0.02365369162596263,Predicted CLV Eligible,33562.652,18538.179536520944,18538.179536520944,438.49638206359725,Standard
13410.0,2011-06-09,0.2132352327692832,Predicted CLV Eligible,1743.94,1017.845932296906,1017.845932296906,217.0406142965988,Standard
13414.0,2011-06-09,0.5319338074746695,Predicted CLV Eligible,1493.64,1056.1891738412237,1056.1891738412237,561.8227286548877,Standard
13417.0,2011-06-09,0.5484993626531033,Predicted CLV Eligible,1264.66,490.86474194728686,490.86474194728686,269.23899810696685,Standard
13418.0,2011-06-09,0.06097726730727095,Predicted CLV Eligible,8772.83,4612.291315961694,4612.291315961694,281.24492047240074,Standard
13421.0,2011-06-09,0.43023933605357245,Predicted CLV Eligible,3050.08,1586.542395108964,1586.542395108964,682.5929466925253,Standard
13425.0,2011-06-09,0.5297870264496142,Predicted CLV Eligible,2167.79,1253.3271691636774,1253.3271691636774,663.9964741197372,Standard
13426.0,2011-06-09,0.14420314194096437,Predicted CLV Eligible,5811.08,3020.432884330302,3020.432884330302,435.55591194223894,Standard
13427.0,2011-06-09,0.5561148410318923,Predicted CLV Eligible,638.4300000000001,368.4301336814525,368.4301336814525,204.8894652236198,Standard
13435.0,2011-06-09,0.5060261814349472,Predicted CLV Eligible,1081.16,873.806407040795,873.806407040795,442.1689194682446,Standard
13437.0,2011-06-09,0.4318954670706675,Not Eligible - One-Time Customer,1440.9,,1440.9,622.3181785021249,Standard
13439.0,2011-06-09,0.545186748616081,Predicted CLV Eligible,986.61,751.6924826766523,751.6924826766523,409.8127805896338,Standard
13448.0,2011-06-09,0.38866658502670964,Predicted CLV Eligible,6634.5,3395.288377402602,3395.288377402602,1319.6351388259473,Standard
13450.0,2011-06-09,0.39756523840913605,Predicted CLV Eligible,2754.86,1907.7754069477048,1907.7754069477048,758.4651844942508,Standard
13451.0,2011-06-09,0.154583250817515,Predicted CLV Eligible,5781.28,3532.482174373518,3532.482174373518,546.0625779695823,Standard
13452.0,2011-06-09,0.41743224062650697,Predicted CLV Eligible,729.8,730.0811366941706,730.0811366941706,304.75940472939476,Standard
13453.0,2011-06-09,0.5773278039414538,Predicted CLV Eligible,609.71,316.1743193658689,316.1743193658689,182.53622546218094,Standard
13456.0,2011-06-09,0.5568279305012294,Not Eligible - One-Time Customer,207.66,,207.66,115.63088804788529,Standard
13458.0,2011-06-09,0.026827780099810506,Predicted CLV Eligible,8572.78,10009.898109625436,10009.898109625436,268.54334530654006,Standard
13462.0,2011-06-09,0.5836578416049594,Predicted CLV Eligible,1153.85,631.9000456459646,631.9000456459646,368.813416751799,Standard
13466.0,2011-06-09,0.5283114749561125,Predicted CLV Eligible,1013.35,603.1994010673355,603.1994010673355,318.6771652705277,Standard
13468.0,2011-06-09,0.05602002759771794,Predicted CLV Eligible,10679.43,5800.040224645078,5800.040224645078,324.9184134524914,Standard
13473.0,2011-06-09,0.5160797460757544,Predicted CLV Eligible,2476.38,1290.3294148519817,1290.3294148519817,665.9128767708875,Standard
13474.0,2011-06-09,0.556075854644548,Predicted CLV Eligible,646.59,352.07360397119743,352.07360397119743,195.77963022606974,Standard
13475.0,2011-06-09,0.172392314836556,Predicted CLV Eligible,1431.78,2608.374746771128,2608.374746771128,449.6637605570903,Standard
13476.0,2011-06-09,0.39837918971051833,Predicted CLV Eligible,1550.6,1003.8355662350097,1003.8355662350097,399.9071994793025,Standard
13477.0,2011-06-09,0.2829754717278635,Predicted CLV Eligible,1880.62,984.6741340782364,984.6741340782364,278.6386275890145,Standard
13479.0,2011-06-09,0.3892363662688233,Predicted CLV Eligible,851.37,537.5977986668296,537.5977986668296,209.25261366719522,Standard
13481.0,2011-06-09,0.29325050622355814,Predicted CLV Eligible,3005.27,1633.5415810339564,1633.5415810339564,479.03689557543925,Standard
13482.0,2011-06-09,0.5682016134679959,Predicted CLV Eligible,336.09,186.96173660747857,186.96173660747857,106.2319603971478,Standard
13484.0,2011-06-09,0.5365344631564716,Predicted CLV Eligible,790.72,524.7786399859963,524.7786399859963,281.5618258808698,Standard
13485.0,2011-06-09,0.5118640951861534,Predicted CLV Eligible,3019.2200000000003,1688.5356226230297,1688.5356226230297,864.3007586635252,Standard
13487.0,2011-06-09,0.3163991642881885,Predicted CLV Eligible,680.27,383.3021989089247,383.3021989089247,121.27649540460877,Standard
13488.0,2011-06-09,0.0785777254435609,Predicted CLV Eligible,10768.08,6606.184157697183,6606.184157697183,519.0989249731308,Standard
13489.0,2011-06-09,0.48559037894712487,Predicted CLV Eligible,235.68,374.2837464139776,374.2837464139776,181.74858625491296,Standard
13491.0,2011-06-09,0.15600409428059883,Predicted CLV Eligible,4283.47,2296.3740193173253,2296.3740193173253,358.24374901309767,Standard
13492.0,2011-06-09,0.5318214458315144,Not Eligible - One-Time Customer,315.3,,315.3,167.68330187067647,Standard
13493.0,2011-06-09,0.41633048257784677,Predicted CLV Eligible,618.63,1106.5720721064522,1106.5720721064522,460.6996847872471,Standard
13494.0,2011-06-09,0.547558676351497,Not Eligible - One-Time Customer,316.26000000000005,,316.26000000000005,173.17090698292446,Standard
13495.0,2011-06-09,0.31263616480709683,Predicted CLV Eligible,3890.87,2064.807859471731,2064.807859471731,645.5336102487929,Standard
13496.0,2011-06-09,0.47810187090421297,Not Eligible - One-Time Customer,501.01,,501.01,239.53381834171972,Standard
13497.0,2011-06-09,0.5731057845083353,Predicted CLV Eligible,1166.83,656.0796430549144,656.0796430549144,376.0030385329353,Standard
13499.0,2011-06-09,0.35726112164421586,Predicted CLV Eligible,463.79,1017.8071578977492,1017.8071578977492,363.6229268480614,Standard
13501.0,2011-06-09,0.40141134938101225,Predicted CLV Eligible,2885.11,2172.142962491904,2172.142962491904,871.9228376223448,Standard
13502.0,2011-06-09,0.4546296224353353,Predicted CLV Eligible,677.66,355.0240162810897,355.0240162810897,161.40443447734813,Standard
13505.0,2011-06-09,0.27832188345477127,Predicted CLV Eligible,1916.09,4174.017437238763,4174.017437238763,1161.72039470535,Standard
13506.0,2011-06-09,0.541363050421616,Predicted CLV Eligible,1338.08,1005.3333589486642,1005.3333589486642,544.2503338910583,Standard
13508.0,2011-06-09,0.6011452577706592,Predicted CLV Eligible,287.04999999999995,113.0799495080455,113.0799495080455,67.97747539570715,Standard
13509.0,2011-06-09,0.36145335395532374,Predicted CLV Eligible,785.02,683.857180383888,683.857180383888,247.18247147618715,Standard
13512.0,2011-06-09,0.5536517197900448,Predicted CLV Eligible,713.39,493.107224750518,493.107224750518,273.0096630240204,Standard
13515.0,2011-06-09,0.5646814512355434,Predicted CLV Eligible,578.1,327.72243303060014,327.72243303060014,185.05877908616247,Standard
13516.0,2011-06-09,0.5836775974261645,Predicted CLV Eligible,441.85,254.30506851910175,254.30506851910175,148.43217140652547,Standard
13520.0,2011-06-09,0.14982581451388727,Predicted CLV Eligible,5073.63,2718.6733880995125,2718.6733880995125,407.327454769239,Standard
13523.0,2011-06-09,0.351143353922804,Predicted CLV Eligible,2938.9300000000003,3662.353312269355,3662.353312269355,1286.0110253205514,Standard
13524.0,2011-06-09,0.5752837287813444,Not Eligible - One-Time Customer,159.20000000000002,,159.20000000000002,91.58516962199003,Standard
13525.0,2011-06-09,0.5442127388650893,Not Eligible - One-Time Customer,282.88,,282.88,153.94689957015643,Standard
13527.0,2011-06-09,0.30758200149075704,Predicted CLV Eligible,2884.57,1754.1246673585324,1754.1246673585324,539.5371760504459,Standard
13529.0,2011-06-09,0.5648755740311653,Not Eligible - One-Time Customer,181.1,,181.1,102.29896645704403,Standard
13531.0,2011-06-09,0.5659533308109783,Predicted CLV Eligible,1433.07,709.7217022312408,709.7217022312408,401.66936132660805,Standard
13533.0,2011-06-09,0.5174816746609301,Not Eligible - One-Time Customer,144.94,,144.94,75.00379392535521,Standard
13534.0,2011-06-09,0.01455927109911825,Predicted CLV Eligible,4803.9,4086.435289284164,4086.435289284164,59.495519205691856,Standard
13538.0,2011-06-09,0.40168794103080485,Predicted CLV Eligible,2326.58,1139.7980909553537,1139.7980909553537,457.84314834669806,Standard
13539.0,2011-06-09,0.36420339281660913,Predicted CLV Eligible,1253.67,747.3798258390908,747.3798258390908,272.1982682932833,Standard
13544.0,2011-06-09,0.599569652583547,Predicted CLV Eligible,627.15,349.21509234053696,349.21509234053696,209.37877159154704,Standard
13546.0,2011-06-09,0.5638228873435652,Predicted CLV Eligible,647.41,664.7390982007136,664.7390982007136,374.79511767768406,Standard
13548.0,2011-06-09,0.5438350817815983,Predicted CLV Eligible,504.29,399.2957620496956,399.2957620496956,217.15104340934184,Standard
13549.0,2011-06-09,0.29719786056138003,Predicted CLV Eligible,600.15,798.0056874027947,798.0056874027947,237.165583011924,Standard
13551.0,2011-06-09,0.6242043581181276,Predicted CLV Eligible,244.2,88.69048483474275,88.69048483474275,55.36098715745612,Standard
13552.0,2011-06-09,0.11676168564653214,Predicted CLV Eligible,5070.139999999999,2943.535730024172,2943.535730024172,343.6921935984179,Standard
13555.0,2011-06-09,0.3587169181965987,Predicted CLV Eligible,6383.01,3600.5864821649,3600.5864821649,1291.5912865825255,Standard
13557.0,2011-06-09,0.5595654183185017,Predicted CLV Eligible,2688.88,1413.8065057345518,1413.8065057345518,791.1172288027736,Standard
13561.0,2011-06-09,0.5817247956903319,Predicted CLV Eligible,1803.4,1103.9408160203263,1103.9408160203263,642.1897456536426,Standard
13562.0,2011-06-09,0.49588321896121224,Predicted CLV Eligible,3642.12,1820.8939780576457,1820.8939780576457,902.9507672263123,Standard
13564.0,2011-06-09,0.5104417829503923,Predicted CLV Eligible,15948.33,2513.1292945137134,2513.1292945137134,1282.8061978764415,Standard
13565.0,2011-06-09,0.615706130397718,Predicted CLV Eligible,284.76,175.2140334022014,175.2140334022014,107.88035449744595,Standard
13570.0,2011-06-09,0.5538341257549658,Not Eligible - One-Time Customer,239.49,,239.49,132.63773477705678,Standard
13571.0,2011-06-09,0.28095674300431145,Predicted CLV Eligible,2955.63,1645.5841246244815,1645.5841246244815,462.3379559940953,Standard
13572.0,2011-06-09,0.436862376244392,Not Eligible - One-Time Customer,1384.25,,1384.25,604.7267443162997,Standard
13573.0,2011-06-09,0.674419961062925,Predicted CLV Eligible,646.04,444.954635767057,444.954635767057,300.0862881287866,Standard
13576.0,2011-06-09,0.0767639413499511,Predicted CLV Eligible,7621.26,4207.97131808541,4207.97131808541,323.0204634637848,Standard
13577.0,2011-06-09,0.5284896460274285,Predicted CLV Eligible,2158.43,1252.4281347997248,1252.4281347997248,661.8953016350991,Standard
13581.0,2011-06-09,0.6077732737804002,Predicted CLV Eligible,280.53,195.1233961519797,195.1233961519797,118.59078527043866,Standard
13584.0,2011-06-09,0.5959925121113101,Predicted CLV Eligible,385.7000000000001,302.64382832447654,302.64382832447654,180.37345551808883,Standard
13588.0,2011-06-09,0.6017634400594314,Not Eligible - One-Time Customer,113.3,,113.3,68.17979775873357,Standard
13590.0,2011-06-09,0.21831442565010684,Predicted CLV Eligible,5266.15,2821.1785258249083,2821.1785258249083,615.90396952188,Standard
13591.0,2011-06-09,0.3458449377454189,Predicted CLV Eligible,1753.04,1066.776255604738,1066.776255604738,368.93916770791174,Standard
13592.0,2011-06-09,0.3680485574431029,Predicted CLV Eligible,205.51,432.0058891222823,432.0058891222823,158.99914429838105,Standard
13593.0,2011-06-09,0.2405879908283343,Predicted CLV Eligible,4479.16,2714.7631545548597,2714.7631545548597,653.1394129291444,Standard
13599.0,2011-06-09,0.045535948925758366,Predicted CLV Eligible,6666.78,3479.8102244172,3479.8102244172,158.45646065039338,Standard
13600.0,2011-06-09,0.5704214628653961,Predicted CLV Eligible,518.42,210.48455566769888,210.48455566769888,120.0649081545417,Standard
13601.0,2011-06-09,0.520633145901087,Predicted CLV Eligible,839.87,675.4470830018948,675.4470830018948,351.6601397129891,Standard
13606.0,2011-06-09,0.4149038632638332,Predicted CLV Eligible,246.63,461.7844298218511,461.7844298218511,191.5961439281725,Standard
13610.0,2011-06-09,0.22872117217446036,Predicted CLV Eligible,1485.75,719.4669983349997,719.4669983349997,164.55733520002167,Standard
13611.0,2011-06-09,0.5579939185155983,Predicted CLV Eligible,2446.6800000000003,1220.8267962125497,1220.8267962125497,681.2139278474843,Standard
13614.0,2011-06-09,0.5773112622467125,Predicted CLV Eligible,953.03,643.0113356128854,643.0113356128854,371.2176858016193,Standard
13615.0,2011-06-09,0.48063481883884174,Predicted CLV Eligible,6272.53,3519.9819432260497,3519.9819432260497,1691.8258835984466,Priority
13623.0,2011-06-09,0.2202158538460251,Predicted CLV Eligible,2344.49,1018.102133743316,1018.102133743316,224.2022306847444,Standard
13626.0,2011-06-09,0.5508628338753592,Predicted CLV Eligible,707.04,489.1556804726045,489.1556804726045,269.4576843513686,Standard
13627.0,2011-06-09,0.2837835869125094,Predicted CLV Eligible,1213.35,710.1874284493871,710.1874284493871,201.53953582553817,Standard
13629.0,2011-06-09,0.115371287379889,Predicted CLV Eligible,8466.5,5123.6523662881145,5123.6523662881145,591.1223695856744,Standard
13630.0,2011-06-09,0.19022743028782318,Predicted CLV Eligible,1051.84,2053.128863471196,2053.128863471196,390.5614277478846,Standard
13631.0,2011-06-09,0.21213694940874545,Predicted CLV Eligible,1330.0,3804.010967230965,3804.010967230965,806.9712821057881,Standard
13632.0,2011-06-09,0.41226812530206597,Predicted CLV Eligible,2137.57,1401.50857806162,1401.50857806162,577.7973140722282,Standard
13634.0,2011-06-09,0.3465547088838271,Predicted CLV Eligible,4084.02,2347.171283461286,2347.171283461286,813.4232608404047,Standard
13636.0,2011-06-09,0.33246559815767596,Predicted CLV Eligible,541.45,1019.8091995469648,1019.8091995469648,339.0514755340824,Standard
13637.0,2011-06-09,0.3716420383008808,Predicted CLV Eligible,678.65,1330.5669338056186,1330.5669338056186,494.49460737527323,Standard
13642.0,2011-06-09,0.5325763800978564,Predicted CLV Eligible,472.19999999999993,504.5389730693903,504.5389730693903,268.70553989558573,Standard
13643.0,2011-06-09,0.6059329631018627,Predicted CLV Eligible,1725.23,856.3810318967371,856.3810318967371,518.9094962014208,Standard
13647.0,2011-06-09,0.5163248784406812,Predicted CLV Eligible,1818.2,1255.5326695905246,1255.5326695905246,648.2627530046316,Standard
13649.0,2011-06-09,0.5853958418180436,Predicted CLV Eligible,1453.68,1067.6763523914792,1067.6763523914792,625.0132970974281,Standard
13650.0,2011-06-09,0.3151588822269007,Predicted CLV Eligible,2197.18,1143.8635140141082,1143.8635140141082,360.4987464968211,Standard
13652.0,2011-06-09,0.535993326703662,Predicted CLV Eligible,1805.21,1067.929189127388,1067.929189127388,572.402918764333,Standard
13654.0,2011-06-09,0.2523201509024953,Predicted CLV Eligible,4773.51,2750.22286836232,2750.22286836232,693.936649160674,Standard
13655.0,2011-06-09,0.5239035717568824,Predicted CLV Eligible,1731.19,999.0058900743244,999.0058900743244,523.382754016102,Standard
13656.0,2011-06-09,0.5927461745009817,Predicted CLV Eligible,861.9,484.5483446121615,484.5483446121615,287.21417762964205,Standard
13657.0,2011-06-09,0.5750756999180637,Not Eligible - One-Time Customer,152.34,,152.34,87.60703212551783,Standard
13658.0,2011-06-09,0.4122724215885153,Predicted CLV Eligible,4319.63,2343.7293251265023,2343.7293251265023,966.2549644179198,Standard
13659.0,2011-06-09,0.23438045754697506,Predicted CLV Eligible,4884.68,2980.4931328287857,2980.4931328287857,698.5693441880279,Standard
13662.0,2011-06-09,0.2752258745602209,Predicted CLV Eligible,1868.79,1108.302135427738,1108.302135427738,305.0334245000596,Standard
13666.0,2011-06-09,0.5712070408815929,Predicted CLV Eligible,107.3,68.83262402498542,68.83262402498542,39.31767948542716,Standard
13668.0,2011-06-09,0.03642971273010251,Predicted CLV Eligible,10674.33,5774.337248786098,5774.337248786098,210.35744718000802,Standard
13672.0,2011-06-09,0.41222589478585736,Predicted CLV Eligible,419.9200000000001,137.90829749479911,137.90829749479911,56.849371333187776,Standard
13675.0,2011-06-09,0.54471250136894,Not Eligible - One-Time Customer,308.44,,308.44,168.01112392223587,Standard
13680.0,2011-06-09,0.3593521830496729,Predicted CLV Eligible,10092.14,5393.802935870538,5393.802935870538,1938.2748599448128,Priority
13682.0,2011-06-09,0.6292692619752508,Not Eligible - One-Time Customer,59.5,,59.5,37.44152108752742,Standard
13684.0,2011-06-09,0.5914938373872871,Predicted CLV Eligible,594.88,330.30745361219687,330.30745361219687,195.37482325470165,Standard
13692.0,2011-06-09,0.3014680784981137,Predicted CLV Eligible,2497.66,1864.590280368193,1864.590280368193,562.1144490088582,Standard
13694.0,2011-06-09,0.02020755864932792,Predicted CLV Eligible,158800.42,87392.81202591723,87392.81202591723,1765.9953745434127,Priority
13695.0,2011-06-09,0.25215909383025953,Predicted CLV Eligible,892.52,528.3811799937654,528.3811799937654,133.23611954419113,Standard
13700.0,2011-06-09,0.20168978970451698,Predicted CLV Eligible,1275.51,830.6437925124563,830.6437925124563,167.53237183119975,Standard
13703.0,2011-06-09,0.6193148719398347,Predicted CLV Eligible,425.56,164.14736642833918,164.14736642833918,101.658905218828,Standard
13706.0,2011-06-09,0.543290829447154,Predicted CLV Eligible,631.1700000000001,317.98987703696025,317.98987703696025,172.76098405120865,Standard
13707.0,2011-06-09,0.3656767230679277,Predicted CLV Eligible,3365.86,2547.693187716384,2547.693187716384,931.63209626661,Standard
13708.0,2011-06-09,0.5474559926444661,Not Eligible - One-Time Customer,285.33,,285.33,156.2056183812455,Standard
13709.0,2011-06-09,0.5254277614011998,Predicted CLV Eligible,1718.0,941.047609910853,941.047609910853,494.45253904740906,Standard
13711.0,2011-06-09,0.47449756589692466,Predicted CLV Eligible,1792.26,1018.2010143457222,1018.2010143457222,483.13390290082486,Standard
13712.0,2011-06-09,0.557170958467237,Predicted CLV Eligible,766.4200000000001,235.8197447836316,235.8197447836316,131.39191322659522,Standard
13715.0,2011-06-09,0.16996653465248218,Predicted CLV Eligible,8153.04,4852.529453720998,4852.529453720998,824.7676155480605,Standard
13716.0,2011-06-09,0.5919278258420577,Not Eligible - One-Time Customer,138.28,,138.28,81.85177975743974,Standard
13717.0,2011-06-09,0.33594909523422933,Predicted CLV Eligible,888.8800000000001,791.9488296092935,791.9488296092935,266.054492779049,Standard
13718.0,2011-06-09,0.4199093227771125,Predicted CLV Eligible,306.55,539.0357093171983,539.0357093171983,226.34611965206523,Standard
13719.0,2011-06-09,0.4260667921635394,Predicted CLV Eligible,2080.14,1396.3677308470524,1396.3677308470524,594.9459197626842,Standard
13720.0,2011-06-09,0.42840670050076834,Predicted CLV Eligible,432.1,604.7690957519309,604.7690957519309,259.0871328759179,Standard
13722.0,2011-06-09,0.4460810862757847,Predicted CLV Eligible,4723.47,2967.750397507352,2967.750397507352,1323.8573211154712,Standard
13723.0,2011-06-09,0.5608421896107426,Predicted CLV Eligible,1194.08,697.0141223800576,697.0141223800576,390.91492658524163,Standard
13725.0,2011-06-09,0.14133233758306873,Predicted CLV Eligible,1751.6,1659.1238012650565,1659.1238012650565,234.4878451724972,Standard
13728.0,2011-06-09,0.23409364454615003,Predicted CLV Eligible,2332.96,1290.5565890150904,1290.5565890150904,302.1110954155904,Standard
13731.0,2011-06-09,0.39384703598561616,Predicted CLV Eligible,610.59,1201.0521336306426,1201.0521336306426,473.0308228946288,Standard
13735.0,2011-06-09,0.41467265848589613,Predicted CLV Eligible,7814.38,4394.414908910344,4394.414908910344,1822.2437127679093,Priority
13736.0,2011-06-09,0.4792512805995083,Predicted CLV Eligible,2380.2,1054.2242924164384,1054.2242924164384,505.2383421796886,Standard
13737.0,2011-06-09,0.5247758156381254,Not Eligible - One-Time Customer,339.6,,339.6,178.21386699070737,Standard
13740.0,2011-06-09,0.5293948204731194,Predicted CLV Eligible,1582.77,809.8465759446234,809.8465759446234,428.7285826829743,Standard
13741.0,2011-06-09,0.521117440499587,Not Eligible - One-Time Customer,162.96,,162.96,84.9212981038127,Standard
13742.0,2011-06-09,0.0891240644013724,Predicted CLV Eligible,2139.87,3227.057573365303,3227.057573365303,287.60848699554583,Standard
13743.0,2011-06-09,0.4131232569624874,Predicted CLV Eligible,353.16,778.4078066827021,778.4078066827021,321.5783683417842,Standard
13744.0,2011-06-09,0.48446127971054287,Not Eligible - One-Time Customer,817.3199999999999,,817.3199999999999,395.95989313302084,Standard
13748.0,2011-06-09,0.4379126580713675,Predicted CLV Eligible,1696.95,920.5212269809698,920.5212269809698,403.1078973183531,Standard
13750.0,2011-06-09,0.3872997667550132,Predicted CLV Eligible,2643.7200000000003,1704.1475474964654,1704.1475474964654,660.0159476615089,Standard
13751.0,2011-06-09,0.5478690272687039,Not Eligible - One-Time Customer,296.25,,296.25,162.30619932835353,Standard
13752.0,2011-06-09,0.26431373318636775,Predicted CLV Eligible,1295.98,861.9916058913554,861.9916058913554,227.8362193284564,Standard
13753.0,2011-06-09,0.4898212838536888,Predicted CLV Eligible,2094.57,945.5325242870232,945.5325242870232,463.14195497168885,Standard
13754.0,2011-06-09,0.5921695486402863,Predicted CLV Eligible,320.45000000000005,234.39912765643876,234.39912765643876,138.8040256259902,Standard
13756.0,2011-06-09,0.16039056436783197,Predicted CLV Eligible,4870.04,2771.3034384787165,2771.3034384787165,444.49092253211467,Standard
13758.0,2011-06-09,0.16125209282959496,Predicted CLV Eligible,7859.1,3962.086060199832,3962.086060199832,638.8946691781874,Standard
13760.0,2011-06-09,0.5912876015371527,Predicted CLV Eligible,1211.94,781.4861438528449,781.4861438528449,462.08306763326686,Standard
13762.0,2011-06-09,0.5535655003871361,Predicted CLV Eligible,2472.48,1359.4975210672258,1359.4975210672258,752.57092552465,Standard
13764.0,2011-06-09,0.5230298082392102,Predicted CLV Eligible,1900.09,786.6435597330259,786.6435597330259,411.43803019977423,Standard
13767.0,2011-06-09,0.023233855640824162,Predicted CLV Eligible,23924.5,12689.172465809625,12689.172465809625,294.8184012721416,Standard
13769.0,2011-06-09,0.10556692740360588,Predicted CLV Eligible,4129.62,2311.8572759915937,2311.8572759915937,244.0556692221026,Standard
13771.0,2011-06-09,0.3214652876914406,Predicted CLV Eligible,4559.22,2627.9545092035096,2627.9545092035096,844.7961523411249,Standard
13772.0,2011-06-09,0.5561424304551253,Predicted CLV Eligible,2205.81,1194.5288092921814,1194.5288092921814,664.3281552484207,Standard
13777.0,2011-06-09,0.03385126977663462,Predicted CLV Eligible,35017.42,16219.15116505374,16219.15116505374,549.0388616362519,Standard
13781.0,2011-06-09,0.5936913049958747,Predicted CLV Eligible,778.83,338.3486443701401,338.3486443701401,200.8746482196936,Standard
13782.0,2011-06-09,0.3673579926903287,Predicted CLV Eligible,1238.52,661.8585228024803,661.8585228024803,243.13901838170528,Standard
13784.0,2011-06-09,0.11492010768864705,Predicted CLV Eligible,1475.87,1223.5115514339532,1223.5115514339532,140.6060792490935,Standard
13792.0,2011-06-09,0.6314968871094809,Predicted CLV Eligible,263.0,130.9419547590653,130.9419547590653,82.68943682238023,Standard
13798.0,2011-06-09,0.02769514889131,Predicted CLV Eligible,61076.74,34101.29791890742,34101.29791890742,944.4405232510608,Standard
13799.0,2011-06-09,0.5399088879451324,Predicted CLV Eligible,2456.41,1445.3486207128624,1445.3486207128624,780.3565665021124,Standard
13800.0,2011-06-09,0.5114286290408886,Predicted CLV Eligible,1679.56,835.0817464397654,835.0817464397654,427.08471271876016,Standard
13802.0,2011-06-09,0.22099715129280897,Predicted CLV Eligible,24790.75,15750.559347017355,15750.559347017355,3480.828746959161,Priority
13803.0,2011-06-09,0.5466813402004626,Predicted CLV Eligible,1338.91,786.6250036630491,786.6250036630491,430.03321123770945,Standard
13804.0,2011-06-09,0.49170460178134573,Predicted CLV Eligible,1296.36,1021.2998554761692,1021.2998554761692,502.17783873625575,Standard
13809.0,2011-06-09,0.5906623294632409,Predicted CLV Eligible,679.7,696.0402394433845,696.0402394433845,411.12474922978146,Standard
13811.0,2011-06-09,0.4253421534277638,Predicted CLV Eligible,481.5,890.6663360494297,890.6663360494297,378.83793736088074,Standard
13815.0,2011-06-09,0.4753088617273207,Predicted CLV Eligible,4460.39,2609.7409102315582,2609.7409102315582,1240.4329814453838,Standard
13817.0,2011-06-09,0.6090660229158049,Not Eligible - One-Time Customer,128.7,,128.7,78.38679714926408,Standard
13819.0,2011-06-09,0.3579964315986227,Predicted CLV Eligible,2642.35,1228.7295702541503,1228.7295702541503,439.880801550695,Standard
13821.0,2011-06-09,0.5492588614371091,Predicted CLV Eligible,1263.59,653.4746167862176,653.4746167862176,358.92672399404904,Standard
13824.0,2011-06-09,0.20201481089335854,Predicted CLV Eligible,2848.8,1934.2913802780413,1934.2913802780413,390.755507399522,Standard
13831.0,2011-06-09,0.392135365537517,Predicted CLV Eligible,5480.54,2663.8187211967925,2663.8187211967925,1044.5775279621853,Standard
13835.0,2011-06-09,0.5293735852855885,Predicted CLV Eligible,589.15,363.6760896711217,363.6760896711217,192.52051547184487,Standard
13837.0,2011-06-09,0.37007542133408905,Predicted CLV Eligible,266.59000000000003,419.81448701251287,419.81448701251287,155.36302316331015,Standard
13841.0,2011-06-09,0.6184804939217783,Not Eligible - One-Time Customer,85.0,,85.0,52.57084198335115,Standard
13842.0,2011-06-09,0.12109408509363036,Predicted CLV Eligible,3762.19,2248.423294474778,2248.423294474778,272.2707617476294,Standard
13846.0,2011-06-09,0.279020986075934,Predicted CLV Eligible,1106.66,1039.9981626853055,1039.9981626853055,290.1813128696136,Standard
13848.0,2011-06-09,0.5033304909600569,Predicted CLV Eligible,2695.0,1342.316582461377,1342.316582461377,675.6288644741106,Standard
13851.0,2011-06-09,0.5593874944155395,Predicted CLV Eligible,2201.32,1380.485480703821,1380.485480703821,772.2263141279419,Standard
13854.0,2011-06-09,0.03449228650736598,Predicted CLV Eligible,8994.58,5264.580781149705,5264.580781149705,181.58742864458821,Standard
13856.0,2011-06-09,0.6045157203298541,Predicted CLV Eligible,847.9300000000001,549.3839190380039,549.3839190380039,332.11121555489717,Standard
13859.0,2011-06-09,0.5780382550668582,Predicted CLV Eligible,515.86,236.95990679863883,236.95990679863883,136.97189104669056,Standard
13862.0,2011-06-09,0.10170096880695742,Predicted CLV Eligible,1499.24,1696.022385584127,1696.022385584127,172.4871197321928,Standard
13863.0,2011-06-09,0.48687148166215977,Predicted CLV Eligible,1239.55,800.4776797233357,800.4776797233357,389.72975396438824,Standard
13865.0,2011-06-09,0.36563240128157676,Predicted CLV Eligible,282.52,507.37910561132895,507.37910561132895,185.51424074476895,Standard
13867.0,2011-06-09,0.5834907726704858,Not Eligible - One-Time Customer,138.85,,138.85,81.01769378529694,Standard
13869.0,2011-06-09,0.21450303320603567,Predicted CLV Eligible,6486.38,3337.014139692601,3337.014139692601,715.7996548154925,Standard
13870.0,2011-06-09,0.5094390229768824,Predicted CLV Eligible,3485.17,1934.4025226328204,1934.4025226328204,985.4601311740806,Standard
13871.0,2011-06-09,0.151431715627576,Predicted CLV Eligible,3878.33,2025.549586197426,2025.549586197426,306.73244892660284,Standard
13873.0,2011-06-09,0.35628715151096435,Predicted CLV Eligible,879.72,523.7994905177476,523.7994905177476,186.62302843946267,Standard
13874.0,2011-06-09,0.5215570978894748,Predicted CLV Eligible,2049.15,1235.2818095367477,1235.2818095367477,644.269995657645,Standard
13875.0,2011-06-09,0.19328612822655244,Predicted CLV Eligible,4095.46,2354.6040375932903,2354.6040375932903,455.1122979330148,Standard
13880.0,2011-06-09,0.15773292253881946,Predicted CLV Eligible,2413.66,1806.745062852971,1806.745062852971,284.98317904638213,Standard
13881.0,2011-06-09,0.15447925158480844,Predicted CLV Eligible,31589.04,19122.05952641884,19122.05952641884,2953.961444401339,Priority
13883.0,2011-06-09,0.18880324753692418,Predicted CLV Eligible,5628.32,3298.1645757473284,3298.1645757473284,622.7041828123373,Standard
13884.0,2011-06-09,0.44885129806847823,Predicted CLV Eligible,1233.68,1061.7913498580713,1061.7913498580713,476.586425661677,Standard
13885.0,2011-06-09,0.4153002884920289,Predicted CLV Eligible,506.8,784.5738825490997,784.5738825490997,325.8337597659523,Standard
13887.0,2011-06-09,0.5236081948439384,Not Eligible - One-Time Customer,349.55,,349.55,183.02724450769867,Standard
13888.0,2011-06-09,0.5523779221373614,Predicted CLV Eligible,1635.48,1203.2022803647112,1203.2022803647112,664.6223755387941,Standard
13890.0,2011-06-09,0.5356842064269247,Predicted CLV Eligible,1233.92,637.0442018286282,637.0442018286282,341.2545177154423,Standard
13892.0,2011-06-09,0.6433913941370871,Predicted CLV Eligible,689.2,165.1812783913074,165.1812783913074,106.27621298952957,Standard
13893.0,2011-06-09,0.48502198258167317,Not Eligible - One-Time Customer,821.1,,821.1,398.25154989781186,Standard
13894.0,2011-06-09,0.5408805415782074,Not Eligible - One-Time Customer,160.85,,160.85,87.00063511285467,Standard
13898.0,2011-06-09,0.5934820272566212,Predicted CLV Eligible,686.4000000000001,246.28692412997304,246.28692412997304,146.16686301945407,Standard
13899.0,2011-06-09,0.5451476421844377,Not Eligible - One-Time Customer,298.5,,298.5,162.72657119205465,Standard
13900.0,2011-06-09,0.34037152288995204,Predicted CLV Eligible,1602.09,1039.0909961636942,1039.0909961636942,353.6769847854739,Standard
13901.0,2011-06-09,0.3642117876581311,Predicted CLV Eligible,3457.44,1981.8952058189225,1981.8952058189225,721.8295958623895,Standard
13904.0,2011-06-09,0.5729685791664398,Not Eligible - One-Time Customer,201.12,,201.12,115.23544064195438,Standard
13908.0,2011-06-09,0.3081525397483274,Predicted CLV Eligible,831.11,1084.099340778942,1084.099340778942,334.0679652005185,Standard
13911.0,2011-06-09,0.13825459328203732,Predicted CLV Eligible,3357.99,2163.755907590258,2163.755907590258,299.1491929654967,Standard
13917.0,2011-06-09,0.6244051569319593,Not Eligible - One-Time Customer,65.38,,65.38,40.8236091602115,Standard
13918.0,2011-06-09,0.5672113478592726,Not Eligible - One-Time Customer,198.2,,198.2,112.42128914570783,Standard
13922.0,2011-06-09,0.591502575972665,Predicted CLV Eligible,865.2,529.0854259975544,529.0854259975544,312.9553923871482,Standard
13929.0,2011-06-09,0.48665240910039637,Predicted CLV Eligible,3064.3,1812.163418547519,1812.163418547519,881.89369331976,Standard
13931.0,2011-06-09,0.5312557543734003,Predicted CLV Eligible,4398.06,1911.9280349035969,1911.9280349035969,1015.7227704903632,Standard
13932.0,2011-06-09,0.5465617802084382,Not Eligible - One-Time Customer,307.4,,307.4,168.01309123607388,Standard
13934.0,2011-06-09,0.4720328144011844,Not Eligible - One-Time Customer,922.1,,922.1,435.2614581593321,Standard
13939.0,2011-06-09,0.5326257349610506,Predicted CLV Eligible,1176.91,792.0546135267132,792.0546135267132,421.8686706589565,Standard
13941.0,2011-06-09,0.47106446052990225,Predicted CLV Eligible,7033.179999999999,3674.400810973426,3674.400810973426,1730.8796357918322,Priority
13946.0,2011-06-09,0.36911230359024294,Predicted CLV Eligible,1800.63,961.447986781856,961.447986781856,354.8822811832523,Standard
13948.0,2011-06-09,0.6242155696415964,Predicted CLV Eligible,548.76,258.8590940864099,258.8590940864099,161.58387687205598,Standard
13950.0,2011-06-09,0.5723212202206363,Not Eligible - One-Time Customer,179.30999999999997,,179.30999999999997,102.62291799776227,Standard
13951.0,2011-06-09,0.3784538426815085,Predicted CLV Eligible,516.05,853.9773998984541,853.9773998984541,323.19102855473324,Standard
13952.0,2011-06-09,0.26850887824124053,Predicted CLV Eligible,12823.521,6909.9092965483305,6909.9092965483305,1855.3719939649118,Priority
13953.0,2011-06-09,0.15085587564841782,Predicted CLV Eligible,4875.0,2646.205715029186,2646.205715029186,399.19568028657545,Standard
13955.0,2011-06-09,0.5735160916522859,Predicted CLV Eligible,426.21,366.4101138260601,366.4101138260601,210.1420964233912,Standard
13956.0,2011-06-09,0.44265902278498004,Predicted CLV Eligible,290.32,556.8394944159317,556.8394944159317,246.49002644623866,Standard
13959.0,2011-06-09,0.3898174844543695,Predicted CLV Eligible,808.1700000000001,760.0693648867187,760.0693648867187,296.28832783097096,Standard
13962.0,2011-06-09,0.5979621862356164,Predicted CLV Eligible,310.85,195.8712883689212,195.8712883689212,117.12362381386697,Standard
13963.0,2011-06-09,0.3818773326371071,Predicted CLV Eligible,2860.57,1586.3413638650206,1586.3413638650206,605.7878086846846,Standard
13969.0,2011-06-09,0.1702051767533136,Predicted CLV Eligible,5452.47,3545.672838634709,3545.672838634709,603.4918722092438,Standard
13971.0,2011-06-09,0.21154051087717968,Predicted CLV Eligible,2883.83,1701.2198343423847,1701.2198343423847,359.87691287117906,Standard
13972.0,2011-06-09,0.5777412678647514,Not Eligible - One-Time Customer,145.9,,145.9,84.29245098146724,Standard
13973.0,2011-06-09,0.5547512108535416,Not Eligible - One-Time Customer,264.7,,264.7,146.84264551293245,Standard
13975.0,2011-06-09,0.30147462806400754,Predicted CLV Eligible,3749.17,2127.210243655039,2127.210243655039,641.2999170198498,Standard
13976.0,2011-06-09,0.5224897970106837,Predicted CLV Eligible,1192.36,679.2787301680105,679.2787301680105,354.91620583915875,Standard
13982.0,2011-06-09,0.5244195055204712,Predicted CLV Eligible,2986.28,1427.4952036513516,1427.4952036513516,748.6063288316863,Standard
13983.0,2011-06-09,0.11492969474007922,Predicted CLV Eligible,5831.52,3291.522709666953,3291.522709666953,378.2937002520613,Standard
13984.0,2011-06-09,0.3592586561496237,Predicted CLV Eligible,1690.52,854.4435342624048,854.4435342624048,306.9662358748465,Standard
13985.0,2011-06-09,0.2386301535664237,Predicted CLV Eligible,4126.03,2584.69141756748,2584.69141756748,616.7853098959451,Standard
13988.0,2011-06-09,0.28538106946206543,Predicted CLV Eligible,1965.92,1325.255423113169,1325.255423113169,378.2028099584382,Standard
13989.0,2011-06-09,0.46976203558812235,Predicted CLV Eligible,1656.65,1181.34637346392,1181.34637346392,554.9516771330573,Standard
13990.0,2011-06-09,0.5324250738737115,Not Eligible - One-Time Customer,311.3,,311.3,165.7439254968864,Standard
13993.0,2011-06-09,0.13117073639357074,Predicted CLV Eligible,4802.17,2461.0392825619574,2461.0392825619574,322.81633498715695,Standard
13995.0,2011-06-09,0.48651791727819604,Predicted CLV Eligible,2818.77,1609.743460716568,1609.743460716568,783.1690358600202,Standard
13999.0,2011-06-09,0.12366534509057055,Predicted CLV Eligible,6847.27,3707.884056059734,3707.884056059734,458.5367613484514,Standard
14000.0,2011-06-09,0.43351611217207314,Predicted CLV Eligible,2046.34,1166.5519587353062,1166.5519587353062,505.7190697976467,Standard
14001.0,2011-06-09,0.46125851273353274,Predicted CLV Eligible,3494.91,2999.4233856071137,2999.4233856071137,1383.5095699033147,Priority
14004.0,2011-06-09,0.4777274051882957,Predicted CLV Eligible,2575.83,2338.8324531605854,2338.8324531605854,1117.3243590185825,Standard
14005.0,2011-06-09,0.5646371175980771,Not Eligible - One-Time Customer,187.16,,187.16,105.67748292965611,Standard
14006.0,2011-06-09,0.35278693573210856,Predicted CLV Eligible,1896.57,1116.6460972554569,1116.6460972554569,393.9381549479707,Standard
14009.0,2011-06-09,0.36218785834894823,Predicted CLV Eligible,1099.91,893.7180111024305,893.7180111024305,323.69381240907086,Standard
14012.0,2011-06-09,0.5395492112771014,Not Eligible - One-Time Customer,328.8,,328.8,177.40378066791095,Standard
14013.0,2011-06-09,0.6022530622324742,Predicted CLV Eligible,730.05,480.5941211048593,480.5941211048593,289.4392811263261,Standard
14016.0,2011-06-09,0.12408023776087647,Predicted CLV Eligible,10426.83,5760.948028825765,5760.948028825765,714.8198011447535,Standard
14021.0,2011-06-09,0.3880589278754503,Predicted CLV Eligible,1586.38,1038.64432007615,1038.64432007615,403.0552012926768,Standard
14022.0,2011-06-09,0.5125492561761884,Predicted CLV Eligible,792.1500000000001,596.6656359446148,596.6656359446148,305.82052788930474,Standard
14023.0,2011-06-09,0.5467371904448916,Not Eligible - One-Time Customer,273.14,,273.14,149.33579619811766,Standard
14030.0,2011-06-09,0.2955412155753265,Predicted CLV Eligible,6597.9800000000005,3432.907222771905,3432.907222771905,1014.5655735753269,Standard
14031.0,2011-06-09,0.04981488433622051,Predicted CLV Eligible,29637.21,15290.080218640593,15290.080218640593,761.6735775831143,Standard
14032.0,2011-06-09,0.06109457945758926,Predicted CLV Eligible,3106.39,1676.7521425713985,1676.7521425713985,102.44046700501134,Standard
14035.0,2011-06-09,0.39076919164482365,Predicted CLV Eligible,2067.31,1436.248159207143,1436.248159207143,561.2415321747413,Standard
14036.0,2011-06-09,0.49998459582512533,Not Eligible - One-Time Customer,626.65,,626.65,313.31534697381477,Standard
14038.0,2011-06-09,0.42582128951717796,Predicted CLV Eligible,2225.82,1189.1475982162085,1189.1475982162085,506.36436369868096,Standard
14040.0,2011-06-09,0.14053157228482022,Predicted CLV Eligible,10401.97,5504.738833769992,5504.738833769992,773.5896033270046,Standard
14041.0,2011-06-09,0.5900909630415161,Not Eligible - One-Time Customer,141.41,,141.41,83.44476308370079,Standard
14044.0,2011-06-09,0.5855307111423415,Predicted CLV Eligible,2601.72,1571.045049615364,1571.045049615364,919.8951251379392,Standard
14045.0,2011-06-09,0.4129847991294199,Predicted CLV Eligible,10578.63,5800.812484375205,5800.812484375205,2395.647378647125,Priority
14046.0,2011-06-09,0.5873497876753669,Not Eligible - One-Time Customer,154.99,,154.99,91.03334359180512,Standard
14047.0,2011-06-09,0.29116289878297447,Predicted CLV Eligible,3295.42,1807.42536734313,1807.42536734313,526.2552092895081,Standard
14048.0,2011-06-09,0.482740332674771,Predicted CLV Eligible,748.69,698.7266308720765,698.7266308720765,337.3035262359081,Standard
14049.0,2011-06-09,0.20353380092570567,Predicted CLV Eligible,10462.49,7113.832999984821,7113.832999984821,1447.905469637626,Priority
14051.0,2011-06-09,0.047954737617554706,Predicted CLV Eligible,11994.07,6284.392955461057,6284.392955461057,301.36641526474415,Standard
14056.0,2011-06-09,0.10216502565164784,Predicted CLV Eligible,3653.83,6994.435401338958,6994.435401338958,714.5866721965884,Standard
14057.0,2011-06-09,0.062256070727188084,Predicted CLV Eligible,4805.23,2739.2926579364103,2739.2926579364103,170.5375974549562,Standard
14059.0,2011-06-09,0.5740992631889207,Not Eligible - One-Time Customer,183.6,,183.6,105.40462472148583,Standard
14060.0,2011-06-09,0.085497532024928,Predicted CLV Eligible,5714.92,3774.5256083372456,3774.5256083372456,322.7126240777245,Standard
14062.0,2011-06-09,0.11320276826579323,Predicted CLV Eligible,19955.43,11032.60694776918,11032.60694776918,1248.9216476758947,Standard
14064.0,2011-06-09,0.2641983225926962,Predicted CLV Eligible,2768.06,1493.4413181450038,1493.4413181450038,394.5646911445352,Standard
14066.0,2011-06-09,0.5854683269413399,Not Eligible - One-Time Customer,152.55,,152.55,89.31319327490141,Standard
14068.0,2011-06-09,0.5598295497059059,Predicted CLV Eligible,1516.72,739.2232243850644,739.2232243850644,413.8390048396385,Standard
14071.0,2011-06-09,0.44076757193805555,Predicted CLV Eligible,356.81,414.6852339291589,414.6852339291589,182.77980367751994,Standard
14075.0,2011-06-09,0.5410153676176951,Predicted CLV Eligible,1100.53,1045.4808599711992,1045.4808599711992,565.6212117945823,Standard
14077.0,2011-06-09,0.44316125437400594,Predicted CLV Eligible,315.27,331.68462278481474,331.68462278481474,146.98977348988748,Standard
14078.0,2011-06-09,0.20258930981262116,Predicted CLV Eligible,1332.01,719.4470235143406,719.4470235143406,145.7522759405149,Standard
14081.0,2011-06-09,0.4149575895953177,Predicted CLV Eligible,4867.57,2436.749405122396,2436.749405122396,1011.1476595974138,Standard
14083.0,2011-06-09,0.21187976605321185,Predicted CLV Eligible,553.23,314.2931779886973,314.2931779886973,66.59236502436566,Standard
14085.0,2011-06-09,0.06158113422845216,Predicted CLV Eligible,8084.54,4386.987937120966,4386.987937120966,270.1556930144467,Standard
14088.0,2011-06-09,0.09867185676922526,Predicted CLV Eligible,28899.83,21835.32934809804,21835.32934809804,2154.5324899443904,Priority
14090.0,2011-06-09,0.6357509336725615,Not Eligible - One-Time Customer,76.32000000000001,,76.32000000000001,48.5205112578899,Standard
14092.0,2011-06-09,0.07896390530320892,Predicted CLV Eligible,4950.01,2827.59090939709,2827.59090939709,223.2776208058462,Standard
14099.0,2011-06-09,0.1300989928400339,Predicted CLV Eligible,3968.2,2093.959695068664,2093.959695068664,272.4220473760577,Standard
14101.0,2011-06-09,0.10671739160552907,Predicted CLV Eligible,8144.53,5390.955119281291,5390.955119281291,575.3086685921733,Standard
14105.0,2011-06-09,0.4479943568051822,Predicted CLV Eligible,5988.83,3430.963440427387,3430.963440427387,1537.0522597163622,Priority
14107.0,2011-06-09,0.22433425204742416,Predicted CLV Eligible,3649.15,2101.6699535719026,2101.6699535719026,471.47655708509745,Standard
14110.0,2011-06-09,0.28265581462778283,Predicted CLV Eligible,9006.32,4933.034194516557,4933.034194516557,1394.350798837786,Priority
14111.0,2011-06-09,0.6106606363601061,Not Eligible - One-Time Customer,94.2,,94.2,57.524231945122004,Standard
14112.0,2011-06-09,0.2032407476918424,Predicted CLV Eligible,4071.94,2122.9578603084656,2122.9578603084656,431.47154284736644,Standard
14113.0,2011-06-09,0.452272917664909,Predicted CLV Eligible,5685.6900000000005,2771.4419428651986,2771.4419428651986,1253.4481336385475,Standard
14114.0,2011-06-09,0.4027637274897223,Predicted CLV Eligible,1364.09,805.9844195828618,805.9844195828618,324.62128912983377,Standard
14127.0,2011-06-09,0.39318635759548415,Predicted CLV Eligible,1642.6,1478.922101995536,1478.922101995536,581.4919944510818,Standard
14128.0,2011-06-09,0.5405561942382565,Predicted CLV Eligible,592.25,351.6184425372712,351.6184425372712,190.0695271219304,Standard
14129.0,2011-06-09,0.5312607745911817,Predicted CLV Eligible,1826.38,1197.3263267175523,1197.3263267175523,636.0925117703812,Standard
14130.0,2011-06-09,0.5224895746018892,Predicted CLV Eligible,1858.77,997.3055291324176,997.3055291324176,521.0817416645089,Standard
14133.0,2011-06-09,0.4441314114761078,Predicted CLV Eligible,623.5,253.4131803730136,253.4131803730136,112.54875348571603,Standard
14135.0,2011-06-09,0.0727164243599037,Predicted CLV Eligible,6590.82,3350.483585611592,3350.483585611592,243.63518622222426,Standard
14145.0,2011-06-09,0.45162936818154253,Predicted CLV Eligible,4986.45,2958.035324122828,2958.035324122828,1335.9356244922772,Priority
14146.0,2011-06-09,0.27668913450859667,Predicted CLV Eligible,7163.03,4134.07366013771,4134.07366013771,1143.8532630182895,Standard
14147.0,2011-06-09,0.5774103464851066,Predicted CLV Eligible,2289.6,1477.708026258027,1477.708026258027,853.2439034454704,Standard
14148.0,2011-06-09,0.5783293555346735,Predicted CLV Eligible,466.29,276.0627274242857,276.0627274242857,159.65517923843137,Standard
14149.0,2011-06-09,0.43429535892501014,Not Eligible - One-Time Customer,446.62,,446.62,193.96499320308803,Standard
14150.0,2011-06-09,0.5573785129335698,Not Eligible - One-Time Customer,306.18,,306.18,170.65815309000038,Standard
14152.0,2011-06-09,0.4837814241378327,Predicted CLV Eligible,1690.56,1002.1968382487196,1002.1968382487196,484.8442136743987,Standard
14154.0,2011-06-09,0.3744215816086016,Predicted CLV Eligible,6460.7,3889.836440773548,3889.836440773548,1456.4387123532053,Priority
14155.0,2011-06-09,0.6006759979586168,Not Eligible - One-Time Customer,118.75,,118.75,71.33027475758574,Standard
14156.0,2011-06-09,0.030631606981900605,Predicted CLV Eligible,241077.89,133323.35890719816,133323.35890719816,4083.908731552171,Priority
14157.0,2011-06-09,0.5086573747932326,Predicted CLV Eligible,822.98,515.6666277889883,515.6666277889883,262.2976331596258,Standard
14159.0,2011-06-09,0.13201107683849472,Predicted CLV Eligible,4331.58,2304.365872537237,2304.365872537237,304.20182026351813,Standard
14161.0,2011-06-09,0.34399993100915366,Predicted CLV Eligible,2996.93,1532.3870343301166,1532.3870343301166,527.1410340888817,Standard
14162.0,2011-06-09,0.5802711604985209,Not Eligible - One-Time Customer,177.68,,177.68,103.1025797973772,Standard
14163.0,2011-06-09,0.36679398804761176,Predicted CLV Eligible,898.5,962.0494219683544,962.0494219683544,352.8739441826724,Standard
14165.0,2011-06-09,0.601250296278336,Not Eligible - One-Time Customer,120.44,,120.44,72.4145856837628,Standard
14167.0,2011-06-09,0.41521798804248783,Predicted CLV Eligible,970.7,555.9590668678507,555.9590668678507,230.84420517884791,Standard
14173.0,2011-06-09,0.5956650749396849,Predicted CLV Eligible,249.2,166.5866556119289,166.5866556119289,99.22985269903111,Standard
14175.0,2011-06-09,0.4555869688259312,Predicted CLV Eligible,4779.16,2867.615877155151,2867.615877155151,1306.448425230229,Standard
14176.0,2011-06-09,0.36069510451693815,Predicted CLV Eligible,756.46,866.0140019295893,866.0140019295893,312.36701093912507,Standard
14180.0,2011-06-09,0.02580920991275939,Predicted CLV Eligible,4802.6,3909.714029237929,3909.714029237929,100.906630079462,Standard
14185.0,2011-06-09,0.5799296272353073,Not Eligible - One-Time Customer,197.65,,197.65,114.62309082305849,Standard
14188.0,2011-06-09,0.31948725295258784,Predicted CLV Eligible,760.9,960.7660149602395,960.7660149602395,306.95249484985186,Standard
14189.0,2011-06-09,0.06623822482198195,Predicted CLV Eligible,3005.14,3009.980076930548,3009.980076930548,199.37573704541217,Standard
14191.0,2011-06-09,0.298105272302111,Predicted CLV Eligible,919.6,581.5708871477095,581.5708871477095,173.3693476761482,Standard
14193.0,2011-06-09,0.5224235702207916,Predicted CLV Eligible,779.3399999999999,730.24521752525,730.24521752525,381.49731367619967,Standard
14194.0,2011-06-09,0.06598418586773964,Predicted CLV Eligible,10728.94,6136.396223526161,6136.396223526161,404.9051089712458,Standard
14195.0,2011-06-09,0.30624092289003907,Predicted CLV Eligible,2615.6,1369.26843294938,1369.26843294938,419.3260285906157,Standard
14198.0,2011-06-09,0.5203729414378163,Predicted CLV Eligible,1051.63,599.1540893675684,599.1540893675684,311.7835758586978,Standard
14199.0,2011-06-09,0.5656910206364699,Predicted CLV Eligible,1091.6999999999998,865.1264021735428,865.1264021735428,489.3942374251086,Standard
14201.0,2011-06-09,0.08866414754150784,Predicted CLV Eligible,857.2,547.0365175401403,547.0365175401403,48.502526501771634,Standard
14205.0,2011-06-09,0.561723271991767,Predicted CLV Eligible,2170.4,1380.0303302859925,1380.0303302859925,775.1951525761266,Standard
14206.0,2011-06-09,0.48400331834642324,Predicted CLV Eligible,1185.0099999999998,997.2575267606524,997.2575267606524,482.6759521981027,Standard
14209.0,2011-06-09,0.17118540356027226,Predicted CLV Eligible,4002.99,2374.2007553645176,2374.2007553645176,406.42851444017816,Standard
14210.0,2011-06-09,0.13028542058208423,Predicted CLV Eligible,5250.38,2829.194966573293,2829.194966573293,368.60285612871724,Standard
14211.0,2011-06-09,0.14339596465124438,Predicted CLV Eligible,3071.08,1696.5252862684513,1696.5252862684513,243.27487997969308,Standard
14214.0,2011-06-09,0.39193307275082756,Not Eligible - One-Time Customer,638.65,,638.65,250.308056912316,Standard
14215.0,2011-06-09,0.14808651191006106,Predicted CLV Eligible,2558.88,1303.867849810019,1303.867849810019,193.08524187003707,Standard
14217.0,2011-06-09,0.09451833579928366,Predicted CLV Eligible,2282.86,1649.0730751053084,1649.0730751053084,155.86764267036085,Standard
14220.0,2011-06-09,0.32202573918182964,Predicted CLV Eligible,1515.0,1085.966104108653,1085.966104108653,349.7090374020008,Standard
14221.0,2011-06-09,0.08353396783183839,Predicted CLV Eligible,4738.52,3170.5740361693083,3170.5740361693083,264.850629545829,Standard
14223.0,2011-06-09,0.49219885568293364,Not Eligible - One-Time Customer,304.9,,304.9,150.07143109772645,Standard
14224.0,2011-06-09,0.3361515803578878,Predicted CLV Eligible,1324.05,856.4558486627386,856.4558486627386,287.89898703473557,Standard
14226.0,2011-06-09,0.2401117373403412,Predicted CLV Eligible,2462.34,2292.0835473071515,2292.0835473071515,550.3561626731323,Standard
14227.0,2011-06-09,0.09061468324918312,Predicted CLV Eligible,5417.27,3340.3716274682374,3340.3716274682374,302.68671695759264,Standard
14229.0,2011-06-09,0.3107472244449129,Predicted CLV Eligible,1808.97,1548.4271473270612,1548.4271473270612,481.1694382870385,Standard
14231.0,2011-06-09,0.3326163939105103,Predicted CLV Eligible,927.86,820.34666581956,820.34666581956,272.8607497414125,Standard
14232.0,2011-06-09,0.2799891065724468,Predicted CLV Eligible,1003.97,1132.1231416296278,1132.1231416296278,316.98214695487115,Standard
14233.0,2011-06-09,0.2148235736768353,Predicted CLV Eligible,2400.65,1431.5594981573513,1431.5594981573513,307.5327273251791,Standard
14235.0,2011-06-09,0.34576129250148735,Predicted CLV Eligible,2837.6800000000003,1915.243620942569,1915.243620942569,662.2171098323313,Standard
14238.0,2011-06-09,0.5972475699402979,Predicted CLV Eligible,434.23,197.68083867259625,197.68083867259625,118.06440052096818,Standard
14239.0,2011-06-09,0.12230597884527601,Predicted CLV Eligible,3177.36,1755.8229377742632,1755.8229377742632,214.74764308346943,Standard
14240.0,2011-06-09,0.5542880564950728,Predicted CLV Eligible,584.0,380.3698427944462,380.3698427944462,210.83446091186997,Standard
14242.0,2011-06-09,0.3842246509254923,Predicted CLV Eligible,280.54999999999995,357.6973121992429,357.6973121992429,137.43612491674094,Standard
14243.0,2011-06-09,0.1571679064538466,Predicted CLV Eligible,6142.05,3587.83532422608,3587.83532422608,563.8925666097709,Standard
14245.0,2011-06-09,0.2513740321872679,Predicted CLV Eligible,1693.45,2365.5496086150374,2365.5496086150374,594.6377434565754,Standard
14246.0,2011-06-09,0.5145376555422818,Not Eligible - One-Time Customer,449.64,,449.64,231.3567114380316,Standard
14247.0,2011-06-09,0.5940111308320607,Predicted CLV Eligible,753.56,516.773646272568,516.773646272568,306.96929800657546,Standard
14248.0,2011-06-09,0.5514454891423842,Predicted CLV Eligible,1032.95,778.2113178557732,778.2113178557732,429.1411208311163,Standard
14256.0,2011-06-09,0.4693928717685468,Predicted CLV Eligible,2460.79,1065.0084448392345,1065.0084448392345,499.9073723808423,Standard
14257.0,2011-06-09,0.2688262499137715,Predicted CLV Eligible,3885.32,1938.652560707084,1938.652560707084,521.1606977806157,Standard
14258.0,2011-06-09,0.08365975237826931,Predicted CLV Eligible,26989.18,14698.817477957058,14698.817477957058,1229.6994304592645,Standard
14262.0,2011-06-09,0.5532186517757628,Not Eligible - One-Time Customer,240.0,,240.0,132.77247642618306,Standard
14264.0,2011-06-09,0.5989403511216421,Predicted CLV Eligible,1299.09,650.1707910316188,650.1707910316188,389.4135218695136,Standard
14267.0,2011-06-09,0.33011806107902625,Not Eligible - One-Time Customer,836.36,,836.36,276.0975415640544,Standard
14270.0,2011-06-09,0.5229955653817534,Not Eligible - One-Time Customer,492.65,,492.65,257.6537652853208,Standard
14271.0,2011-06-09,0.5975508270852308,Predicted CLV Eligible,214.18,207.2883595415653,207.2883595415653,123.86533068920303,Standard
14272.0,2011-06-09,0.5923283149026206,Predicted CLV Eligible,614.94,418.1212989686432,418.1212989686432,247.66508444299126,Standard
14273.0,2011-06-09,0.4593426878227092,Predicted CLV Eligible,218.7,466.2625900395021,466.2625900395021,214.17431133992284,Standard
14276.0,2011-06-09,0.5019626533836334,Predicted CLV Eligible,1324.14,756.8964154262172,756.8964154262172,379.9337330239049,Standard
14277.0,2011-06-09,0.4278439194547395,Predicted CLV Eligible,14638.64,8967.110500824601,8967.110500824601,3836.5237028565493,Priority
14280.0,2011-06-09,0.5821411844361546,Not Eligible - One-Time Customer,134.04,,134.04,78.03020436182216,Standard
14282.0,2011-06-09,0.2453214489735304,Predicted CLV Eligible,5330.6,2907.407600498909,2907.407600498909,713.2494453110475,Standard
14286.0,2011-06-09,0.4185167014659741,Predicted CLV Eligible,5901.09,2794.426419005775,2794.426419005775,1169.514127371671,Standard
14287.0,2011-06-09,0.5405412693651537,Not Eligible - One-Time Customer,83.28,,83.28,45.01627691273,Standard
14288.0,2011-06-09,0.46085801027208617,Not Eligible - One-Time Customer,426.6,,426.6,196.60202718207196,Standard
14289.0,2011-06-09,0.2573875366175833,Predicted CLV Eligible,594.22,739.9136381326298,739.9136381326298,190.44454862871152,Standard
14290.0,2011-06-09,0.4463206303638708,Predicted CLV Eligible,2979.4700000000003,1364.28468586465,1364.28468586465,608.9084009908861,Standard
14291.0,2011-06-09,0.24886673582648836,Predicted CLV Eligible,5634.31,3121.487915827094,3121.487915827094,776.8345085337172,Standard
14292.0,2011-06-09,0.21555645699082487,Predicted CLV Eligible,5479.53,3490.163687612332,3490.163687612332,752.3273188197464,Standard
14293.0,2011-06-09,0.5955188631592176,Predicted CLV Eligible,2364.4700000000003,1004.6412256359991,1004.6412256359991,598.2828005736333,Standard
14297.0,2011-06-09,0.5607419817641426,Not Eligible - One-Time Customer,232.6,,232.6,130.42858495833957,Standard
14298.0,2011-06-09,0.027897564721427143,Predicted CLV Eligible,70161.18000000001,38769.50089568417,38769.50089568417,1081.5746604547767,Standard
14299.0,2011-06-09,0.27386183532599384,Predicted CLV Eligible,11670.57,4837.398520157275,4837.398520157275,1324.778836933518,Priority
14304.0,2011-06-09,0.5027957443988047,Predicted CLV Eligible,1725.01,1015.5458765322296,1015.5458765322296,510.612144962159,Standard
14307.0,2011-06-09,0.30296608694224925,Predicted CLV Eligible,2987.18,1670.3380664707558,1670.3380664707558,506.0557878693275,Standard
14309.0,2011-06-09,0.15855145651136013,Predicted CLV Eligible,2364.16,1502.7265388279768,1502.7265388279768,238.2594814694507,Standard
14311.0,2011-06-09,0.5028120127180655,Predicted CLV Eligible,516.45,346.174899348398,346.174899348398,174.06089789384177,Standard
14312.0,2011-06-09,0.12461780413685412,Predicted CLV Eligible,2333.29,1488.2722607866478,1488.2722607866478,185.46522109702357,Standard
14315.0,2011-06-09,0.3270988246414472,Predicted CLV Eligible,1572.89,952.3571662456096,952.3571662456096,311.5149097177982,Standard
14320.0,2011-06-09,0.30033422634162427,Predicted CLV Eligible,1346.75,777.8927664469945,777.8927664469945,233.62782218760393,Standard
14321.0,2011-06-09,0.549090096998136,Predicted CLV Eligible,1014.13,758.492400252326,758.492400252326,416.4806656268987,Standard
14323.0,2011-06-09,0.43902354704522456,Not Eligible - One-Time Customer,299.82,,299.82,131.62803987509923,Standard
14326.0,2011-06-09,0.5235149925651631,Predicted CLV Eligible,940.98,670.8430381896645,670.8430381896645,351.19638815025365,Standard
14329.0,2011-06-09,0.2102237684194817,Predicted CLV Eligible,7037.98,4001.393554480531,4001.393554480531,841.1880319523219,Standard
14334.0,2011-06-09,0.09257259554723837,Predicted CLV Eligible,3444.5,2427.7416839678253,2427.7416839678253,224.7423490031249,Standard
14336.0,2011-06-09,0.24545515215008953,Predicted CLV Eligible,1114.39,1678.309730471816,1678.309730471816,411.94977024793536,Standard
14338.0,2011-06-09,0.4401156165225931,Predicted CLV Eligible,919.85,695.0232343447932,695.0232343447932,305.89057928118535,Standard
14339.0,2011-06-09,0.38275892558896174,Predicted CLV Eligible,620.27,498.4381441838726,498.4381441838726,190.78164854037507,Standard
14340.0,2011-06-09,0.5853994205527078,Not Eligible - One-Time Customer,134.7,,134.7,78.85330194844973,Standard
14341.0,2011-06-09,0.14718194446198413,Predicted CLV Eligible,2988.19,1598.3211374834584,1598.3211374834584,235.24401288950568,Standard
14342.0,2011-06-09,0.4392410434976977,Predicted CLV Eligible,559.48,502.139679135169,502.139679135169,220.56035664493075,Standard
14344.0,2011-06-09,0.1692196172972226,Predicted CLV Eligible,2749.0,1674.973780833956,1674.973780833956,283.43842217560405,Standard
14346.0,2011-06-09,0.5569219842248444,Predicted CLV Eligible,1556.61,1003.259134454571,1003.259134454571,558.7370678521397,Standard
14348.0,2011-06-09,0.5228716769052217,Not Eligible - One-Time Customer,409.57,,409.57,214.15255271007166,Standard
14350.0,2011-06-09,0.5010881908424032,Predicted CLV Eligible,972.03,821.7664085880941,821.7664085880941,411.7774429744672,Standard
14352.0,2011-06-09,0.3662731532364947,Predicted CLV Eligible,845.3199999999999,1918.9232553489687,1918.9232553489687,702.850071555506,Standard
14353.0,2011-06-09,0.6088610467022082,Predicted CLV Eligible,376.5,282.02567702138657,282.02567702138657,171.71444890814033,Standard
14364.0,2011-06-09,0.2901784092653461,Predicted CLV Eligible,2161.8500000000004,7377.665469931037,7377.665469931037,2140.8392301564604,Priority
14367.0,2011-06-09,0.10431013766766509,Predicted CLV Eligible,4116.77,8074.119900787948,8074.119900787948,842.2125583964252,Standard
14368.0,2011-06-09,0.5929080094400231,Not Eligible - One-Time Customer,155.0,,155.0,91.90074146320357,Standard
14371.0,2011-06-09,0.6151742765707826,Not Eligible - One-Time Customer,100.5,,100.5,61.82501479536365,Standard
14373.0,2011-06-09,0.6405642601211526,Not Eligible - One-Time Customer,76.55,,76.55,49.03519411227423,Standard
14375.0,2011-06-09,0.5453409747242003,Predicted CLV Eligible,1106.82,796.4668689866829,796.4668689866829,434.3460186687296,Standard
14377.0,2011-06-09,0.34924237457505863,Predicted CLV Eligible,617.05,1113.4931556073348,1113.4931556073348,388.8789937373809,Standard
14379.0,2011-06-09,0.6092713153594315,Predicted CLV Eligible,1028.04,847.6775562171841,847.6775562171841,516.4656196771122,Standard
14386.0,2011-06-09,0.5944402140368792,Not Eligible - One-Time Customer,142.4,,142.4,84.6482864788516,Standard
14388.0,2011-06-09,0.3258093742508575,Predicted CLV Eligible,4348.55,2555.4649525498967,2555.4649525498967,832.594437110279,Standard
14389.0,2011-06-09,0.477764781450664,Predicted CLV Eligible,1165.69,811.7171815297964,811.7171815297964,387.80988183333216,Standard
14390.0,2011-06-09,0.37466111908894295,Predicted CLV Eligible,2541.59,2337.3576116964127,2337.3576116964127,875.7170185092369,Standard
14393.0,2011-06-09,0.6263285137356891,Not Eligible - One-Time Customer,67.95,,67.95,42.55902250834008,Standard
14395.0,2011-06-09,0.1388772949132383,Predicted CLV Eligible,5947.96,3979.983691864233,3979.983691864233,552.729368924908,Standard
14397.0,2011-06-09,0.4590864135432309,Predicted CLV Eligible,242.24,484.5831817397503,484.5831817397503,222.4655549682696,Standard
14401.0,2011-06-09,0.39967981721181123,Predicted CLV Eligible,3296.54,1558.310828497335,1558.310828497335,622.8253870930009,Standard
14403.0,2011-06-09,0.3279384650368359,Predicted CLV Eligible,1380.71,938.9767780748324,938.9767780748324,307.92660330709424,Standard
14404.0,2011-06-09,0.33353182180191043,Predicted CLV Eligible,1973.39,1055.4307169729989,1055.4307169729989,352.0197298177008,Standard
14407.0,2011-06-09,0.2561722646876195,Predicted CLV Eligible,1002.68,2079.4894673965528,2079.4894673965528,532.7075262570266,Standard
14408.0,2011-06-09,0.2502997597184635,Predicted CLV Eligible,2585.03,1380.8921290324952,1380.8921290324952,345.63696809395105,Standard
14409.0,2011-06-09,0.5446715632424848,Predicted CLV Eligible,2033.94,1224.7731213020847,1224.7731213020847,667.099090596984,Standard
14410.0,2011-06-09,0.1356480701726386,Predicted CLV Eligible,2305.63,2203.0936874821023,2203.0936874821023,298.84540711646935,Standard
14411.0,2011-06-09,0.4708763973135023,Not Eligible - One-Time Customer,1063.0,,1063.0,500.54161034425294,Standard
14413.0,2011-06-09,0.6143814556281357,Predicted CLV Eligible,764.52,450.23620057138186,450.23620057138186,276.61677228352687,Standard
14414.0,2011-06-09,0.5784342908975015,Predicted CLV Eligible,1119.55,303.08801976429595,303.08801976429595,175.31650379188847,Standard
14415.0,2011-06-09,0.06738133564484548,Predicted CLV Eligible,8490.32,4695.206557782326,4695.206557782326,316.3692889918105,Standard
14419.0,2011-06-09,0.5720172767116939,Predicted CLV Eligible,509.99,520.6946456262908,520.6946456262908,297.84633318951137,Standard
14421.0,2011-06-09,0.5081041511030643,Predicted CLV Eligible,2111.44,776.1582268383296,776.1582268383296,394.36921696934905,Standard
14422.0,2011-06-09,0.52530921035261,Predicted CLV Eligible,6409.1900000000005,3506.755582292377,3506.755582292377,1842.1310058336157,Priority
14423.0,2011-06-09,0.543333107556221,Predicted CLV Eligible,916.61,510.1926080920162,510.1926080920162,277.20453520684833,Standard
14426.0,2011-06-09,0.21928731950973335,Predicted CLV Eligible,8741.85,5713.169171891104,5713.169171891104,1252.8255536096433,Standard
14428.0,2011-06-09,0.3419787193491313,Predicted CLV Eligible,330.62,320.37096236042004,320.37096236042004,109.5600514246652,Standard
14431.0,2011-06-09,0.47470439852372526,Predicted CLV Eligible,2614.2,1462.2117364782753,1462.2117364782753,694.1183428792515,Standard
14438.0,2011-06-09,0.6006103108202472,Not Eligible - One-Time Customer,131.9,,131.9,79.2204999971906,Standard
14439.0,2011-06-09,0.41507129179719815,Predicted CLV Eligible,9443.04,4670.733109433175,4670.733109433175,1938.687225372372,Priority
14440.0,2011-06-09,0.5160120479677768,Predicted CLV Eligible,4810.06,2252.1811678139616,2252.1811678139616,1162.1526167981415,Standard
14441.0,2011-06-09,0.44137648764491344,Predicted CLV Eligible,3255.64,1858.570008053719,1858.570008053719,820.329102196929,Standard
14442.0,2011-06-09,0.20706086052087475,Predicted CLV Eligible,5367.02,3005.3011663402463,3005.3011663402463,622.2802456267999,Standard
14443.0,2011-06-09,0.4969308026281283,Predicted CLV Eligible,1271.17,971.122810445787,971.122810445787,482.5808376453086,Standard
14446.0,2011-06-09,0.539582844383616,Predicted CLV Eligible,492.97,561.3946940450064,561.3946940450064,302.91894583467445,Standard
14447.0,2011-06-09,0.33998960659303556,Predicted CLV Eligible,1149.53,949.8658222873362,949.8658222873362,322.94450723564165,Standard
14449.0,2011-06-09,0.5688414813810276,Predicted CLV Eligible,1745.07,1839.316087573989,1839.316087573989,1046.279287983544,Standard
14450.0,2011-06-09,0.40108997922964695,Predicted CLV Eligible,914.64,561.4004753962942,561.4004753962942,225.17210501621355,Standard
14451.0,2011-06-09,0.5201226370240641,Predicted CLV Eligible,2974.78,1811.2899040686864,1811.2899040686864,942.0928813192693,Standard
14453.0,2011-06-09,0.5879437956712247,Not Eligible - One-Time Customer,119.93,,119.93,70.51209941484998,Standard
14457.0,2011-06-09,0.6102124494928007,Not Eligible - One-Time Customer,113.64,,113.64,69.34454276036188,Standard
14460.0,2011-06-09,0.7372471367763435,Predicted CLV Eligible,689.16,331.2029202516907,331.2029202516907,244.1784046475226,Standard
14461.0,2011-06-09,0.4825728001123831,Predicted CLV Eligible,5350.08,3187.221601805962,3187.221601805962,1538.0664529621781,Priority
14462.0,2011-06-09,0.07224079912755461,Predicted CLV Eligible,1379.51,1380.6781261726744,1380.6781261726744,99.74129117264867,Standard
14463.0,2011-06-09,0.5924260950924477,Predicted CLV Eligible,372.87,164.16690162663184,164.16690162663184,97.2567564740915,Standard
14465.0,2011-06-09,0.2891770041770156,Predicted CLV Eligible,3925.85,2264.063579236028,2264.063579236028,654.7151231097657,Standard
14466.0,2011-06-09,0.192430867454907,Predicted CLV Eligible,3340.45,1869.5601450534243,1869.5601450534243,359.7610804717522,Standard
14467.0,2011-06-09,0.6016532427972452,Predicted CLV Eligible,1738.68,951.9361324235972,951.9361324235972,572.735461008525,Standard
14470.0,2011-06-09,0.547439608043412,Predicted CLV Eligible,548.49,458.4497255701365,458.4497255701365,250.97353807372528,Standard
14472.0,2011-06-09,0.09240509898586798,Predicted CLV Eligible,1723.26,974.902859503954,974.902859503954,90.0859952340686,Standard
14473.0,2011-06-09,0.6230978490021901,Not Eligible - One-Time Customer,85.0,,85.0,52.96331716518616,Standard
14475.0,2011-06-09,0.2430881474206405,Predicted CLV Eligible,847.47,956.1290257164684,956.1290257164684,232.42363355651824,Standard
14476.0,2011-06-09,0.5695227279530318,Not Eligible - One-Time Customer,193.0,,193.0,109.91788649493515,Standard
14477.0,2011-06-09,0.32138585288385013,Predicted CLV Eligible,1183.0,681.3762706707474,681.3762706707474,218.9846938843353,Standard
14479.0,2011-06-09,0.5878575827879933,Predicted CLV Eligible,1124.71,508.6883580166775,508.6883580166775,299.03630853607734,Standard
14481.0,2011-06-09,0.5463369310123358,Predicted CLV Eligible,1951.04,1115.023938502277,1115.023938502277,609.1787565666215,Standard
14482.0,2011-06-09,0.5535223572259672,Predicted CLV Eligible,2522.01,2210.8898279627806,2210.8898279627806,1223.7769491408715,Standard
14483.0,2011-06-09,0.5943714694349174,Predicted CLV Eligible,257.1,115.14309839424617,115.14309839424617,68.43777258787736,Standard
14489.0,2011-06-09,0.5062810588775086,Predicted CLV Eligible,1574.93,926.3939913030893,926.3939913030893,469.01573085468954,Standard
14496.0,2011-06-09,0.5662250125131612,Predicted CLV Eligible,2363.89,1153.529619533355,1153.529619533355,653.1573232545759,Standard
14497.0,2011-06-09,0.47055138028891397,Predicted CLV Eligible,697.06,414.1586674402873,414.1586674402873,194.88293262264446,Standard
14498.0,2011-06-09,0.29801937114433735,Predicted CLV Eligible,2256.75,1707.2806446990346,1707.2806446990346,508.80270410010513,Standard
14499.0,2011-06-09,0.6005216374548384,Predicted CLV Eligible,1416.22,1172.9235388937666,1172.9235388937666,704.3659641858086,Standard
14500.0,2011-06-09,0.5340879870585289,Not Eligible - One-Time Customer,284.85,,284.85,152.13496311362198,Standard
14501.0,2011-06-09,0.6425705773379478,Not Eligible - One-Time Customer,66.93,,66.93,43.00724874122885,Standard
14502.0,2011-06-09,0.17707276803775626,Predicted CLV Eligible,1059.94,1854.50503229905,1854.50503229905,328.38233940914137,Standard
14504.0,2011-06-09,0.3609426636080967,Predicted CLV Eligible,542.71,1101.0631097899002,1101.0631097899002,397.42065164818075,Standard
14505.0,2011-06-09,0.06829215657452822,Predicted CLV Eligible,9179.51,4846.648102727275,4846.648102727275,330.9880510930912,Standard
14506.0,2011-06-09,0.5468809165532668,Predicted CLV Eligible,1553.76,974.9810631421038,974.9810631421038,533.1985374332322,Standard
14507.0,2011-06-09,0.27427878467173417,Predicted CLV Eligible,2464.17,1403.4872720147853,1403.4872720147853,384.9467832704629,Standard
14512.0,2011-06-09,0.42101971207295225,Predicted CLV Eligible,1215.97,651.9832349821309,651.9832349821309,274.4977938685687,Standard
14513.0,2011-06-09,0.34514891070544723,Predicted CLV Eligible,649.77,337.11477175622286,337.11477175622286,116.35479625437578,Standard
14514.0,2011-06-09,0.3238584075300309,Predicted CLV Eligible,3792.95,1802.2131112672355,1802.2131112672355,583.6618682447494,Standard
14515.0,2011-06-09,0.37597798169493224,Predicted CLV Eligible,2412.82,1933.348698332918,1933.348698332918,726.8965415117349,Standard
14520.0,2011-06-09,0.5845139829722946,Not Eligible - One-Time Customer,165.0,,165.0,96.44480719042862,Standard
14522.0,2011-06-09,0.5369244342212494,Predicted CLV Eligible,1052.5100000000002,591.840986095406,591.840986095406,317.7738866082222,Standard
14524.0,2011-06-09,0.18070077875863944,Predicted CLV Eligible,1819.76,1441.984258733594,1441.984258733594,260.5676785108599,Standard
14525.0,2011-06-09,0.07261254363619943,Predicted CLV Eligible,5742.68,3149.8853992908184,3149.8853992908184,228.721191005032,Standard
14527.0,2011-06-09,0.009378042971417491,Predicted CLV Eligible,22302.11,11901.77641730371,11901.77641730371,111.6153706776775,Standard
14530.0,2011-06-09,0.18737384067596807,Predicted CLV Eligible,4723.8,2858.7728878813527,2858.7728878813527,535.6592556226577,Standard
14532.0,2011-06-09,0.1796551769770917,Predicted CLV Eligible,3845.78,2221.1710876864427,2221.1710876864427,399.04488485470716,Standard
14533.0,2011-06-09,0.5344921548018916,Predicted CLV Eligible,1950.15,1136.0894797708886,1136.0894797708886,607.2309140905023,Standard
14534.0,2011-06-09,0.0899977976945653,Predicted CLV Eligible,3652.56,2264.0686116165,2264.0686116165,203.76118887487712,Standard
14535.0,2011-06-09,0.47444451682603733,Predicted CLV Eligible,3971.26,2416.8081176121727,2416.8081176121727,1146.6413596217521,Standard
14536.0,2011-06-09,0.5773573367037071,Not Eligible - One-Time Customer,170.95,,170.95,98.69923670949873,Standard
14538.0,2011-06-09,0.6056495189024209,Predicted CLV Eligible,1089.09,459.5699705667639,459.5699705667639,278.3383315757603,Standard
14540.0,2011-06-09,0.5769666984274073,Predicted CLV Eligible,2952.88,1643.9220392919246,1643.9220392919246,948.4882714823124,Standard
14541.0,2011-06-09,0.17627378571796917,Predicted CLV Eligible,2043.48,1145.0628368620985,1145.0628368620985,201.84456113863945,Standard
14542.0,2011-06-09,0.5962703450137523,Not Eligible - One-Time Customer,103.25,,103.25,61.56491312266993,Standard
14543.0,2011-06-09,0.08152645803356243,Predicted CLV Eligible,13413.09,7388.346430160351,7388.346430160351,602.3457151758886,Standard
14544.0,2011-06-09,0.47714973705208263,Predicted CLV Eligible,2036.0,1338.6962648217034,1338.6962648217034,638.758570752281,Standard
14546.0,2011-06-09,0.31545784989305203,Predicted CLV Eligible,3485.79,1766.2784113622645,1766.2784113622645,557.1863899608556,Standard
14548.0,2011-06-09,0.5465842224677138,Predicted CLV Eligible,2214.89,1015.3459737208163,1015.3459737208163,554.9720895819162,Standard
14549.0,2011-06-09,0.5531302412622516,Predicted CLV Eligible,913.6,393.4725993012452,393.4725993012452,217.64159378158303,Standard
14551.0,2011-06-09,0.5874408577669794,Predicted CLV Eligible,817.29,485.91627560163136,485.91627560163136,285.44707374235827,Standard
14553.0,2011-06-09,0.3487744432538182,Predicted CLV Eligible,1271.65,801.5807902314278,801.5807902314278,279.5708938359219,Standard
14555.0,2011-06-09,0.5789115748854368,Predicted CLV Eligible,2177.83,1208.7552457794543,1208.7552457794543,699.762402985217,Standard
14560.0,2011-06-09,0.07141204013176747,Predicted CLV Eligible,5108.26,2738.4374420234576,2738.4374420234576,195.5574045081138,Standard
14561.0,2011-06-09,0.5488718310584251,Not Eligible - One-Time Customer,222.07,,222.07,121.88796752314445,Standard
14562.0,2011-06-09,0.2692682284148381,Predicted CLV Eligible,2521.98,1581.2544632725053,1581.2544632725053,425.7815879984432,Standard
14565.0,2011-06-09,0.19939653312713487,Predicted CLV Eligible,2637.65,2309.323562012457,2309.323562012457,460.47111213409,Standard
14570.0,2011-06-09,0.4939541438689945,Predicted CLV Eligible,613.75,330.33182316704386,330.33182316704386,163.16877290516123,Standard
14572.0,2011-06-09,0.2383776897177094,Predicted CLV Eligible,3795.67,2573.874314220269,2573.874314220269,613.5542126475813,Standard
14573.0,2011-06-09,0.12071166022924944,Predicted CLV Eligible,1888.6,1043.7998997394554,1043.7998997394554,125.99881884467378,Standard
14577.0,2011-06-09,0.32024876426423654,Predicted CLV Eligible,972.45,485.9127092410707,485.9127092410707,155.61294467474016,Standard
14583.0,2011-06-09,0.44411500563950856,Predicted CLV Eligible,948.94,557.7239469693437,557.7239469693437,247.69357385357907,Standard
14584.0,2011-06-09,0.43037891136038964,Predicted CLV Eligible,1179.9,697.312490441816,697.312490441816,300.10859051435085,Standard
14586.0,2011-06-09,0.48448307809007546,Not Eligible - One-Time Customer,237.36,,237.36,114.99690341546032,Standard
14587.0,2011-06-09,0.08587539642950923,Predicted CLV Eligible,1452.68,2237.3055461921986,2237.3055461921986,192.12950071319472,Standard
14591.0,2011-06-09,0.5589223165293622,Not Eligible - One-Time Customer,204.02,,204.02,114.03133101832049,Standard
14593.0,2011-06-09,0.4524307195299676,Predicted CLV Eligible,3387.97,1814.519382843965,1814.519382843965,820.9443099811679,Standard
14595.0,2011-06-09,0.5885772789726396,Predicted CLV Eligible,587.65,296.11380610831367,296.11380610831367,174.28585826546305,Standard
14597.0,2011-06-09,0.5684796965273791,Predicted CLV Eligible,1483.4899999999998,1780.8799195654303,1780.8799195654303,1012.394076226259,Standard
14600.0,2011-06-09,0.5328964783872012,Predicted CLV Eligible,865.1700000000001,650.6875327672775,650.6875327672775,346.74909474213877,Standard
14603.0,2011-06-09,0.49502751515989046,Not Eligible - One-Time Customer,660.0,,660.0,326.7181600055277,Standard
14606.0,2011-06-09,0.003943497084753791,Predicted CLV Eligible,24828.4,13697.439314008308,13697.439314008308,54.01581200338372,Standard
14607.0,2011-06-09,0.5110589969442813,Predicted CLV Eligible,8048.63,3471.1700778311147,3471.1700778311147,1773.9726981993722,Priority
14608.0,2011-06-09,0.5828837550863507,Predicted CLV Eligible,1771.79,924.0050205434756,924.0050205434756,538.5875160930217,Standard
14609.0,2011-06-09,0.5937459979180216,Predicted CLV Eligible,1028.64,661.6111694150998,661.6111694150998,392.8289840180777,Standard
14616.0,2011-06-09,0.3070070204401853,Predicted CLV Eligible,527.78,448.1969585646875,448.1969585646875,137.5996128192979,Standard
14618.0,2011-06-09,0.5766461003067052,Predicted CLV Eligible,1000.68,701.5895235384514,701.5895235384514,404.56886276448733,Standard
14619.0,2011-06-09,0.4717417718844598,Predicted CLV Eligible,1291.24,462.7335078643,462.7335078643,218.2907249102165,Standard
14620.0,2011-06-09,0.3330936608405806,Predicted CLV Eligible,412.78,572.2180968976838,572.2180968976838,190.6022206948796,Standard
14621.0,2011-06-09,0.26517632110797595,Predicted CLV Eligible,1848.52,900.1916582436518,900.1916582436518,238.70951222513995,Standard
14622.0,2011-06-09,0.5257920459846586,Not Eligible - One-Time Customer,320.58000000000004,,320.58000000000004,168.55841410176185,Standard
14623.0,2011-06-09,0.39434461024873796,Predicted CLV Eligible,1528.14,990.0423658492688,990.0423658492688,390.41787089056834,Standard
14625.0,2011-06-09,0.1961370937568006,Predicted CLV Eligible,4497.88,2352.3667259634544,2352.3667259634544,461.3863730806721,Standard
14626.0,2011-06-09,0.4440957231471991,Predicted CLV Eligible,3206.55,1672.8624800691775,1672.8624800691775,742.9110728121383,Standard
14628.0,2011-06-09,0.5332403824533095,Predicted CLV Eligible,1657.62,915.9171020340676,915.9171020340676,488.40398578417313,Standard
14631.0,2011-06-09,0.36161046945921604,Predicted CLV Eligible,1648.79,1415.505676180995,1415.505676180995,511.8616720859946,Standard
14632.0,2011-06-09,0.6022469426420018,Not Eligible - One-Time Customer,114.56,,114.56,68.99340974906774,Standard
14633.0,2011-06-09,0.5346996787870905,Not Eligible - One-Time Customer,344.90000000000003,,344.90000000000003,184.41791921366752,Standard
14636.0,2011-06-09,0.5438072506056472,Not Eligible - One-Time Customer,300.19,,300.19,163.24549855930923,Standard
14639.0,2011-06-09,0.2579292688876359,Predicted CLV Eligible,3229.6,1766.8196350296514,1766.8196350296514,455.7144967195177,Standard
14640.0,2011-06-09,0.46881902373096435,Predicted CLV Eligible,1937.73,1133.2221429698843,1133.2221429698843,531.2760987374525,Standard
14643.0,2011-06-09,0.499078077756116,Predicted CLV Eligible,1344.02,650.1473298405737,650.1473298405737,324.474279635105,Standard
14644.0,2011-06-09,0.5779116114331961,Predicted CLV Eligible,1604.46,794.058820009127,794.058820009127,458.8958122442168,Standard
14645.0,2011-06-09,0.5589193014574335,Predicted CLV Eligible,519.9000000000001,232.98651816924576,232.98651816924576,130.22066198415448,Standard
14646.0,2011-06-09,0.019731870005825377,Predicted CLV Eligible,364532.42,200066.89036301023,200066.89036301023,3947.6938731126356,Priority
14647.0,2011-06-09,0.5478496101248803,Predicted CLV Eligible,506.04,299.99012115408266,299.99012115408266,164.3494709155798,Standard
14649.0,2011-06-09,0.4210899489461191,Predicted CLV Eligible,2830.72,1544.2003355032186,1544.2003355032186,650.2472404396303,Standard
14651.0,2011-06-09,0.5138467411994806,Predicted CLV Eligible,1787.24,1034.387505482629,1034.387505482629,531.5166488297087,Standard
14653.0,2011-06-09,0.5465384211666343,Predicted CLV Eligible,2011.22,1015.795905644113,1015.795905644113,555.1714904982649,Standard
14655.0,2011-06-09,0.4733317686640556,Predicted CLV Eligible,2756.84,1512.8366412697549,1512.8366412697549,716.0736431120024,Standard
14656.0,2011-06-09,0.5964592300624082,Predicted CLV Eligible,632.0600000000001,411.9621657560926,411.9621657560926,245.71863620172118,Standard
14657.0,2011-06-09,0.3591129141700676,Predicted CLV Eligible,1126.37,1150.161653328748,1150.161653328748,413.0379030935497,Standard
14659.0,2011-06-09,0.12008999212564393,Predicted CLV Eligible,1381.76,1625.762363751271,1625.762363751271,195.2377894610584,Standard
14662.0,2011-06-09,0.28238269463248267,Predicted CLV Eligible,1147.34,640.5176749699143,640.5176749699143,180.8711070177371,Standard
14665.0,2011-06-09,0.3565245800610676,Predicted CLV Eligible,1645.61,1158.0759936200318,1158.0759936200318,412.8825573041854,Standard
14667.0,2011-06-09,0.07481232781582767,Predicted CLV Eligible,15114.55,8326.559929532574,8326.559929532574,622.9293310263258,Standard
14669.0,2011-06-09,0.2267568877704158,Predicted CLV Eligible,3216.78,1508.1252064302748,1508.1252064302748,341.977778178245,Standard
14670.0,2011-06-09,0.45683389700251026,Predicted CLV Eligible,583.33,315.1447894844242,315.1447894844242,143.96882230020523,Standard
14672.0,2011-06-09,0.3171443229506842,Predicted CLV Eligible,1113.14,692.0576597977872,692.0576597977872,219.48215795940416,Standard
14676.0,2011-06-09,0.19552997789268356,Predicted CLV Eligible,6957.07,4430.588863990941,4430.588863990941,866.3129426277186,Standard
14680.0,2011-06-09,0.03116786283296704,Predicted CLV Eligible,41468.27,22997.018706717998,22997.018706717998,716.7679246181636,Standard
14681.0,2011-06-09,0.5172527620537347,Predicted CLV Eligible,770.1500000000001,528.9721919196293,528.9721919196293,273.6123273200465,Standard
14682.0,2011-06-09,0.5541321778675614,Predicted CLV Eligible,1514.81,779.8438287714075,779.8438287714075,432.1365592336777,Standard
14684.0,2011-06-09,0.30084157560310243,Predicted CLV Eligible,721.96,809.7689833688712,809.7689833688712,243.61217683121367,Standard
14688.0,2011-06-09,0.08088530226882104,Predicted CLV Eligible,4397.75,4287.43352155409,4287.43352155409,346.7903563483784,Standard
14689.0,2011-06-09,0.594585272391602,Not Eligible - One-Time Customer,112.8,,112.8,67.0692187257727,Standard
14691.0,2011-06-09,0.5104827722816362,Not Eligible - One-Time Customer,439.6,,439.6,224.40822669500727,Standard
14692.0,2011-06-09,0.24883049243979927,Predicted CLV Eligible,1603.89,1044.554389443829,1044.554389443829,259.91698310546184,Standard
14693.0,2011-06-09,0.5774599558643599,Predicted CLV Eligible,1165.36,980.2745495904647,980.2745495904647,566.0692981414651,Standard
14696.0,2011-06-09,0.17643813708545594,Predicted CLV Eligible,1565.72,1535.8180675224487,1535.8180675224487,270.97687873584584,Standard
14697.0,2011-06-09,0.49273311439386347,Not Eligible - One-Time Customer,188.61,,188.61,92.9343927058266,Standard
14699.0,2011-06-09,0.5975241563664576,Predicted CLV Eligible,702.6,468.4062199676427,468.4062199676427,279.8840314229671,Standard
14700.0,2011-06-09,0.3163251227455877,Predicted CLV Eligible,2422.06,2314.207947427285,2314.207947427285,732.0421130287506,Standard
14701.0,2011-06-09,0.17368538102753428,Predicted CLV Eligible,3694.92,2079.7979723307226,2079.7979723307226,361.23050328455474,Standard
14702.0,2011-06-09,0.2767400673128383,Predicted CLV Eligible,4302.6900000000005,2105.910147194716,2105.910147194716,582.7897158894549,Standard
14705.0,2011-06-09,0.5646133666481117,Not Eligible - One-Time Customer,179.0,,179.0,101.06579263001198,Standard
14709.0,2011-06-09,0.07523864380928355,Predicted CLV Eligible,5908.33,3259.920428856036,3259.920428856036,245.27199199330616,Standard
14711.0,2011-06-09,0.1715919549872583,Predicted CLV Eligible,1596.3,3899.134672447387,3899.134672447387,669.0601412038501,Standard
14713.0,2011-06-09,0.07947889656315892,Predicted CLV Eligible,3903.2,2149.198499446812,2149.198499446812,170.81592523122953,Standard
14715.0,2011-06-09,0.4571584480640512,Predicted CLV Eligible,1205.52,611.191027031271,611.191027031271,279.4111413882894,Standard
14719.0,2011-06-09,0.5591314709989668,Not Eligible - One-Time Customer,223.46,,223.46,124.94351850942911,Standard
14723.0,2011-06-09,0.5808998239323413,Predicted CLV Eligible,1136.35,590.9969814049824,590.9969814049824,343.31004244269946,Standard
14727.0,2011-06-09,0.5517267025424266,Predicted CLV Eligible,463.73,311.27502995445894,311.27502995445894,171.7387458605687,Standard
14730.0,2011-06-09,0.34465908804968987,Predicted CLV Eligible,529.3,805.4408734505425,805.4408734505425,277.60251692140963,Standard
14731.0,2011-06-09,0.46591979775491055,Predicted CLV Eligible,251.02,733.8287416814107,733.8287416814107,341.9053389109434,Standard
14732.0,2011-06-09,0.12680778024642206,Predicted CLV Eligible,4097.78,2265.659964047255,2265.659964047255,287.3033108340208,Standard
14733.0,2011-06-09,0.05652144289303519,Predicted CLV Eligible,12656.82,12989.938222141718,12989.938222141718,734.2100514068383,Standard
14735.0,2011-06-09,0.04888431889245924,Predicted CLV Eligible,8729.880000000001,4731.195033646635,4731.195033646635,231.28124676720154,Standard
14737.0,2011-06-09,0.5345652646283898,Predicted CLV Eligible,2823.62,611.6459871283678,611.6459871283678,326.96469896816865,Standard
14738.0,2011-06-09,0.1846140012400925,Predicted CLV Eligible,1033.14,452.0939429185182,452.0939429185182,83.46287173859763,Standard
14739.0,2011-06-09,0.3145159864509686,Predicted CLV Eligible,8978.960000000001,4743.792166858906,4743.792166858906,1491.9984728780069,Priority
14740.0,2011-06-09,0.1970773406687311,Predicted CLV Eligible,4161.06,2744.6216067414507,2744.6216067414507,540.9027273985449,Standard
14741.0,2011-06-09,0.5567582026580692,Predicted CLV Eligible,808.05,641.6594960839177,641.6594960839177,357.2491877581644,Standard
14744.0,2011-06-09,0.3033665608997619,Predicted CLV Eligible,3488.13,2637.776427167165,2637.776427167165,800.213163132164,Standard
14745.0,2011-06-09,0.29538144003790306,Predicted CLV Eligible,1912.82,1074.0425964084036,1074.0425964084036,317.2522487891626,Standard
14747.0,2011-06-09,0.4888318949547711,Not Eligible - One-Time Customer,328.2,,328.2,160.43462792415588,Standard
14748.0,2011-06-09,0.5061330583455617,Predicted CLV Eligible,2037.28,1192.7849149156093,1192.7849149156093,603.7078769346879,Standard
14754.0,2011-06-09,0.5652846560861942,Predicted CLV Eligible,1138.15,532.7940698201992,532.7940698201992,301.18031252307503,Standard
14755.0,2011-06-09,0.12234929216967656,Predicted CLV Eligible,6824.780000000001,3672.028932156352,3672.028932156352,449.27014067590295,Standard
14758.0,2011-06-09,0.27900974001538476,Predicted CLV Eligible,2587.85,1663.854991093568,1663.854991093568,464.2317484883167,Standard
14759.0,2011-06-09,0.49708159542969466,Not Eligible - One-Time Customer,572.25,,572.25,284.45494298464274,Standard
14760.0,2011-06-09,0.5990454406120715,Not Eligible - One-Time Customer,89.2,,89.2,53.434853302596785,Standard
14761.0,2011-06-09,0.6229477937878027,Predicted CLV Eligible,289.52,145.87859316169911,145.87859316169911,90.87474777094891,Standard
14762.0,2011-06-09,0.542928260453256,Predicted CLV Eligible,417.57,294.71348564037544,294.71348564037544,160.0082800908447,Standard
14766.0,2011-06-09,0.3502883991922049,Predicted CLV Eligible,5068.57,3212.406112263233,3212.406112263233,1125.2685946199422,Standard
14769.0,2011-06-09,0.08052820973715062,Predicted CLV Eligible,10731.38,5774.304215577041,5774.304215577041,464.9943809581009,Standard
14770.0,2011-06-09,0.3184255064786086,Predicted CLV Eligible,3637.64,1869.7706498499508,1869.7706498499508,595.3826661773078,Standard
14776.0,2011-06-09,0.22644695913316532,Predicted CLV Eligible,2244.6,2257.1278969636223,2257.1278969636223,511.11974864204876,Standard
14778.0,2011-06-09,0.5436412537411595,Not Eligible - One-Time Customer,334.05,,334.05,181.6033608122343,Standard
14779.0,2011-06-09,0.3720752064243149,Predicted CLV Eligible,386.15,273.4202676676121,273.4202676676121,101.7329025330182,Standard
14782.0,2011-06-09,0.5772820084716825,Not Eligible - One-Time Customer,200.1,,200.1,115.51412989518367,Standard
14784.0,2011-06-09,0.6116728424402995,Predicted CLV Eligible,274.62,196.47013721302503,196.47013721302503,120.17544728372668,Standard
14790.0,2011-06-09,0.5835486069704736,Predicted CLV Eligible,1933.72,995.6378923685436,995.6378923685436,581.0031051386819,Standard
14794.0,2011-06-09,0.157411776105357,Predicted CLV Eligible,1313.53,1225.6952693650987,1225.6952693650987,192.93886931469416,Standard
14796.0,2011-06-09,0.05481678916490518,Predicted CLV Eligible,5664.74,3136.964975573568,3136.964975573568,171.9583476837082,Standard
14798.0,2011-06-09,0.6341188446956243,Predicted CLV Eligible,626.25,317.59062768125915,317.59062768125915,201.3902019113982,Standard
14800.0,2011-06-09,0.048879791013337504,Predicted CLV Eligible,6245.65,6691.519700774408,6691.519700774408,327.08008453548376,Standard
14803.0,2011-06-09,0.40145980630752254,Predicted CLV Eligible,730.79,484.2977034653904,484.2977034653904,194.42606222839362,Standard
14805.0,2011-06-09,0.6130178387716219,Predicted CLV Eligible,645.4,362.6693702998769,362.6693702998769,222.32279356989557,Standard
14810.0,2011-06-09,0.1169795222359213,Predicted CLV Eligible,1544.85,1686.059316935496,1686.059316935496,197.23441335653814,Standard
14816.0,2011-06-09,0.538327747084409,Not Eligible - One-Time Customer,271.85,,271.85,146.3443980448966,Standard
14817.0,2011-06-09,0.3124514159759577,Predicted CLV Eligible,3959.86,2513.2790261669693,2513.2790261669693,785.2775904685457,Standard
14818.0,2011-06-09,0.5988892832125753,Predicted CLV Eligible,614.01,394.2319172844823,394.2319172844823,236.10127036202286,Standard
14819.0,2011-06-09,0.6092357655904425,Predicted CLV Eligible,269.06,180.09647194974983,180.09647194974983,109.72121196844348,Standard
14823.0,2011-06-09,0.4817453077232754,Not Eligible - One-Time Customer,210.65,,210.65,101.47964907190797,Standard
14825.0,2011-06-09,0.1437688813675011,Predicted CLV Eligible,3534.0400000000004,2358.3648592129416,2358.3648592129416,339.0594776654688,Standard
14828.0,2011-06-09,0.1451273207592791,Predicted CLV Eligible,9839.46,5337.823974692392,5337.823974692392,774.6640921317528,Standard
14829.0,2011-06-09,0.2438066307934604,Predicted CLV Eligible,1289.95,1180.7575302578346,1180.7575302578346,287.87651523617,Standard
14834.0,2011-06-09,0.5029264837559166,Predicted CLV Eligible,729.55,425.2664124492903,425.2664124492903,213.87774147261496,Standard
14837.0,2011-06-09,0.501467228188644,Predicted CLV Eligible,2303.08,1363.2107498227926,1363.2107498227926,683.6055161505989,Standard
14840.0,2011-06-09,0.6384086476369869,Predicted CLV Eligible,362.71,84.4457352808989,84.4457352808989,53.91088765938966,Standard
14841.0,2011-06-09,0.2249061868131851,Predicted CLV Eligible,5649.09,2924.0591403977724,2924.0591403977724,657.6389912831029,Standard
14842.0,2011-06-09,0.2077133823375798,Predicted CLV Eligible,1688.48,3680.0497077025175,3680.0497077025175,764.3955719573117,Standard
14844.0,2011-06-09,0.47169085217041073,Predicted CLV Eligible,4387.17,2569.558633078168,2569.558633078168,1212.0373013384767,Standard
14849.0,2011-06-09,0.07813101409063825,Predicted CLV Eligible,9889.98,5745.386919006052,5745.386919006052,448.89290632503054,Standard
14850.0,2011-06-09,0.5457112144869452,Predicted CLV Eligible,1770.96,1154.0608071806128,1154.0608071806128,629.7839246783165,Standard
14851.0,2011-06-09,0.5652853313591395,Predicted CLV Eligible,524.19,204.5578505847716,204.5578505847716,115.63355234992595,Standard
14852.0,2011-06-09,0.5101701597398857,Predicted CLV Eligible,3786.14,2353.204302507864,2353.204302507864,1200.5346149110233,Standard
14853.0,2011-06-09,0.5554639829085497,Predicted CLV Eligible,1115.5700000000002,584.7395509376744,584.7395509376744,324.8017599279974,Standard
14854.0,2011-06-09,0.29404903534651183,Predicted CLV Eligible,2754.36,1614.5384814395347,1614.5384814395347,474.7534829971173,Standard
14859.0,2011-06-09,0.4804861948360893,Predicted CLV Eligible,648.76,346.4003331288703,346.4003331288703,166.4405779550446,Standard
14867.0,2011-06-09,0.16968185599127086,Predicted CLV Eligible,2952.06,1592.801591622698,1592.801591622698,270.2695302923897,Standard
14868.0,2011-06-09,0.5139800689843591,Predicted CLV Eligible,1669.75,1442.7104182552737,1442.7104182552737,741.5244002992991,Standard
14870.0,2011-06-09,0.5372261713875973,Predicted CLV Eligible,1838.95,1036.8078366839406,1036.8078366839406,557.0003045663707,Standard
14871.0,2011-06-09,0.38693810597636236,Predicted CLV Eligible,956.04,492.29219219646745,492.29219219646745,190.48660843545247,Standard
14873.0,2011-06-09,0.49951717191130945,Predicted CLV Eligible,854.1299999999999,503.34815633399273,503.34815633399273,251.4310475387277,Standard
14875.0,2011-06-09,0.4779702715245381,Predicted CLV Eligible,1759.08,548.9068766198122,548.9068766198122,262.36116885965777,Standard
14878.0,2011-06-09,0.13428939470509688,Predicted CLV Eligible,3452.15,1988.2269831481449,1988.2269831481449,266.99779810330523,Standard
14880.0,2011-06-09,0.3531734035886724,Predicted CLV Eligible,347.67,688.0543307550626,688.0543307550626,243.0024898466916,Standard
14883.0,2011-06-09,0.5322824375167368,Not Eligible - One-Time Customer,310.56,,310.56,165.30563379519776,Standard
14886.0,2011-06-09,0.5289101775282956,Not Eligible - One-Time Customer,364.8,,364.8,192.94643276232225,Standard
14888.0,2011-06-09,0.5206648684117011,Not Eligible - One-Time Customer,369.2,,369.2,192.22946941760006,Standard
14889.0,2011-06-09,0.6034717069407851,Not Eligible - One-Time Customer,135.9,,135.9,82.0118049732527,Standard
14890.0,2011-06-09,0.5952179529426584,Predicted CLV Eligible,817.25,417.7713183401235,417.7713183401235,248.66498890056403,Standard
14891.0,2011-06-09,0.5049337893277943,Predicted CLV Eligible,1001.73,1114.3420564129628,1114.3420564129628,562.668957151924,Standard
14895.0,2011-06-09,0.16137658061971036,Predicted CLV Eligible,17900.61,9362.877932576148,9362.877932576148,1510.9492255188818,Priority
14896.0,2011-06-09,0.5552140362042052,Predicted CLV Eligible,1826.0,921.2826394498466,921.2826394498466,511.5090527338128,Standard
14897.0,2011-06-09,0.5816930348754099,Predicted CLV Eligible,1949.66,1052.4893441729946,1052.4893441729946,612.2257207860191,Standard
14898.0,2011-06-09,0.2520549262457733,Predicted CLV Eligible,2707.57,1391.7439969589905,1391.7439969589905,350.79593050649606,Standard
14901.0,2011-06-09,0.6077424321946203,Predicted CLV Eligible,994.76,725.2509158587021,725.2509158587021,440.76575555534356,Standard
14903.0,2011-06-09,0.13659472828136568,Predicted CLV Eligible,1796.93,3576.5631106494525,3576.5631106494525,488.539666280318,Standard
14905.0,2011-06-09,0.5363167879061972,Predicted CLV Eligible,1663.79,852.4075706024357,852.4075706024357,457.1604902524233,Standard
14907.0,2011-06-09,0.4371740110191943,Predicted CLV Eligible,3007.31,1899.117383471972,1899.117383471972,830.2447639287193,Standard
14911.0,2011-06-09,0.004715240794544712,Predicted CLV Eligible,190110.01,104926.6720533637,104926.6720533637,494.7545245018351,Standard
14912.0,2011-06-09,0.5101804752452955,Predicted CLV Eligible,1504.19,1049.4910125929184,1049.4910125929184,535.4298235703216,Standard
14913.0,2011-06-09,0.34905163260617683,Predicted CLV Eligible,3461.53,2890.757518236816,2890.757518236816,1009.0236312091406,Standard
14915.0,2011-06-09,0.591489367746622,Predicted CLV Eligible,1646.05,853.2671845306434,853.2671845306434,504.69846749697047,Standard
14916.0,2011-06-09,0.5539884002920941,Predicted CLV Eligible,2069.02,1053.7295690590895,1053.7295690590895,583.7539583035226,Standard
14920.0,2011-06-09,0.38937953566234834,Predicted CLV Eligible,1607.17,1080.356093683637,1080.356093683637,420.6685541085231,Standard
14921.0,2011-06-09,0.4630445643522192,Not Eligible - One-Time Customer,903.01,,903.01,418.13387205569745,Standard
14924.0,2011-06-09,0.5379987226440932,Predicted CLV Eligible,931.01,521.1881879298451,521.1881879298451,280.39857936344623,Standard
14930.0,2011-06-09,0.4624459646762193,Predicted CLV Eligible,3977.9,2510.852370802626,2510.852370802626,1161.1335467753927,Standard
14931.0,2011-06-09,0.38276121419906506,Predicted CLV Eligible,586.0,1258.7096613141457,1258.7096613141457,481.78523828869635,Standard
14934.0,2011-06-09,0.48192331476694755,Predicted CLV Eligible,2441.4,1942.2666458552708,1942.2666458552708,936.0235801318531,Standard
14935.0,2011-06-09,0.436147006014499,Predicted CLV Eligible,2849.83,1694.2327157356135,1694.2327157356135,738.9345264599016,Standard
14936.0,2011-06-09,0.44026570625136585,Predicted CLV Eligible,5850.15,4015.476080367013,4015.476080367013,1767.8764124582492,Priority
14944.0,2011-06-09,0.12048066268764054,Predicted CLV Eligible,5716.45,3122.003469981684,3122.003469981684,376.1410469765066,Standard
14948.0,2011-06-09,0.540448971792911,Not Eligible - One-Time Customer,278.4,,278.4,150.4609937471464,Standard
14952.0,2011-06-09,0.11045513714142596,Predicted CLV Eligible,13064.47,7248.160817776727,7248.160817776727,800.5965971506384,Standard
14957.0,2011-06-09,0.6403881459313474,Predicted CLV Eligible,261.69,64.24770872546534,64.24770872546534,41.143471071038,Standard
14958.0,2011-06-09,0.38717813344656815,Predicted CLV Eligible,834.59,413.7462355452765,413.7462355452765,160.19349519896429,Standard
14959.0,2011-06-09,0.36618295112840105,Predicted CLV Eligible,422.38,706.5831912023503,706.5831912023503,258.7387181721999,Standard
14961.0,2011-06-09,0.07934781882194693,Predicted CLV Eligible,12545.13,6602.710239601951,6602.710239601951,523.9106558257494,Standard
14962.0,2011-06-09,0.597420577811182,Predicted CLV Eligible,366.91,220.7327585192301,220.7327585192301,131.87029213641455,Standard
14964.0,2011-06-09,0.5638044183559585,Not Eligible - One-Time Customer,206.21,,206.21,116.2621091091822,Standard
14970.0,2011-06-09,0.35103552789835024,Predicted CLV Eligible,4109.54,2509.477389119273,2509.477389119273,880.9157200384577,Standard
14973.0,2011-06-09,0.48738417257993716,Not Eligible - One-Time Customer,654.6,,654.6,319.0416793708269,Standard
14976.0,2011-06-09,0.19109855654332367,Predicted CLV Eligible,450.26,650.4678562624961,650.4678562624961,124.30346840959314,Standard
14978.0,2011-06-09,0.18500857423304642,Predicted CLV Eligible,2718.05,1918.487220179744,1918.487220179744,354.93658528977505,Standard
14981.0,2011-06-09,0.6066037314818533,Predicted CLV Eligible,372.92,178.94833296255788,178.94833296255788,108.55072651754475,Standard
14985.0,2011-06-09,0.316124643035845,Predicted CLV Eligible,292.01,380.39815698102814,380.39815698102814,120.25323158712084,Standard
14988.0,2011-06-09,0.527575191723897,Predicted CLV Eligible,2038.65,1296.2292614235912,1296.2292614235912,683.8584011136766,Standard
14995.0,2011-06-09,0.6025995141402114,Not Eligible - One-Time Customer,119.31,,119.31,71.89614803206862,Standard
14998.0,2011-06-09,0.5700025268162979,Predicted CLV Eligible,521.95,370.7626544733344,370.7626544733344,211.3356498989186,Standard
15002.0,2011-06-09,0.40285091463523076,Predicted CLV Eligible,3643.91,1876.1213389941856,1876.1213389941856,755.7971973804815,Standard
15005.0,2011-06-09,0.0362617014951032,Predicted CLV Eligible,10400.58,5647.937742569575,5647.937742569575,204.80383248398496,Standard
15018.0,2011-06-09,0.5360093336183945,Predicted CLV Eligible,291.34000000000003,364.88706371237527,364.88706371237527,195.58287186644293,Standard
15019.0,2011-06-09,0.5542173313839196,Not Eligible - One-Time Customer,252.81,,252.81,140.11168354716872,Standard
15021.0,2011-06-09,0.356091499812463,Predicted CLV Eligible,1293.58,1072.6947901677927,1072.6947901677927,381.9774966718646,Standard
15023.0,2011-06-09,0.17871331104912674,Predicted CLV Eligible,7633.62,4492.356229556192,4492.356229556192,802.8438561961581,Standard
15024.0,2011-06-09,0.5769957013599322,Predicted CLV Eligible,2603.55,2125.5585850971056,2125.5585850971056,1226.4381665897295,Standard
15026.0,2011-06-09,0.44798775817475844,Predicted CLV Eligible,810.67,552.6272855984357,552.6272855984357,247.5702587814452,Standard
15027.0,2011-06-09,0.3208970404279746,Predicted CLV Eligible,2783.57,1673.2792353392251,1673.2792353392251,536.9503544299417,Standard
15030.0,2011-06-09,0.5856820936160225,Predicted CLV Eligible,1614.39,867.5953745718051,867.5953745718051,508.1350753907921,Standard
15031.0,2011-06-09,0.5886930420735176,Predicted CLV Eligible,2600.58,1395.1409520089555,1395.1409520089555,821.3097711594954,Standard
15032.0,2011-06-09,0.3315578624376817,Predicted CLV Eligible,11010.05,5778.064456842286,5778.064456842286,1915.7627003377727,Priority
15033.0,2011-06-09,0.18804380994020092,Predicted CLV Eligible,1155.62,1274.949621379363,1274.949621379363,239.74638428599206,Standard
15034.0,2011-06-09,0.11296266137102355,Predicted CLV Eligible,6597.42,4672.552100111845,4672.552100111845,527.8239206233993,Standard
15038.0,2011-06-09,0.33534067729073547,Predicted CLV Eligible,958.49,1173.3652258049242,1173.3652258049242,393.47708953082,Standard
15039.0,2011-06-09,0.023708021669168772,Predicted CLV Eligible,33351.23,18742.485145076866,18742.485145076866,444.34724395355613,Standard
15042.0,2011-06-09,0.5817298213973962,Predicted CLV Eligible,315.45000000000005,151.5660827300874,151.5660827300874,88.17051023647672,Standard
15044.0,2011-06-09,0.03972517489630948,Predicted CLV Eligible,12845.15,6833.371098444199,6833.371098444199,271.45686201708224,Standard
15045.0,2011-06-09,0.4911944250923394,Not Eligible - One-Time Customer,388.9,,388.9,191.02551191841079,Standard
15046.0,2011-06-09,0.089049071365641,Predicted CLV Eligible,4809.98,2686.3759061066385,2686.3759061066385,239.21927977782855,Standard
15047.0,2011-06-09,0.5354711121777054,Not Eligible - One-Time Customer,343.62,,343.62,183.99858356650313,Standard
15048.0,2011-06-09,0.5768795345782194,Predicted CLV Eligible,254.25,326.7423036157111,326.7423036157111,188.49094803684665,Standard
15049.0,2011-06-09,0.6005740783159671,Not Eligible - One-Time Customer,121.17000000000002,,121.17000000000002,72.77156106954574,Standard
15052.0,2011-06-09,0.5749467946847236,Not Eligible - One-Time Customer,207.73,,207.73,119.43369765985764,Standard
15053.0,2011-06-09,0.5645703070078292,Not Eligible - One-Time Customer,222.65,,222.65,125.70157885529316,Standard
15057.0,2011-06-09,0.33842952844256896,Predicted CLV Eligible,3255.96,1852.8040736436208,1852.8040736436208,627.0436089396813,Standard
15058.0,2011-06-09,0.23632456979612176,Predicted CLV Eligible,2014.9,1183.7911321122076,1183.7911321122076,279.7589300248814,Standard
15059.0,2011-06-09,0.15389499931081518,Predicted CLV Eligible,2722.5,1424.3633586625017,1424.3633586625017,219.2023980997161,Standard
15061.0,2011-06-09,0.01933668995850411,Predicted CLV Eligible,103135.5,55694.299558498,55694.299558498,1076.9434030187283,Standard
15062.0,2011-06-09,0.17802786819223415,Predicted CLV Eligible,2411.8,1394.0818801944356,1394.0818801944356,248.18542521643695,Standard
15063.0,2011-06-09,0.5213962204455957,Not Eligible - One-Time Customer,370.8,,370.8,193.33371854122692,Standard
15065.0,2011-06-09,0.24719641683127297,Predicted CLV Eligible,1575.13,2108.0843982757124,2108.0843982757124,521.1109096316662,Standard
15067.0,2011-06-09,0.4804705971149919,Predicted CLV Eligible,2966.17,1933.274046526312,1933.274046526312,928.8813355214138,Standard
15068.0,2011-06-09,0.5558298505507444,Predicted CLV Eligible,861.5,458.9199629715261,458.9199629715261,255.0814144332165,Standard
15071.0,2011-06-09,0.5024420308064634,Predicted CLV Eligible,1062.16,858.833970438239,858.833970438239,431.514284232567,Standard
15073.0,2011-06-09,0.386779628233462,Predicted CLV Eligible,2606.57,1417.811029767354,1417.811029767354,548.3804229987192,Standard
15078.0,2011-06-09,0.03281436452294084,Predicted CLV Eligible,11727.78,6426.102257022943,6426.102257022943,210.86846192364374,Standard
15079.0,2011-06-09,0.20365188911703452,Predicted CLV Eligible,3625.4,1739.6597179912085,1739.6597179912085,354.28498798971714,Standard
15081.0,2011-06-09,0.5390172229780805,Predicted CLV Eligible,1597.82,1174.1405946585337,1174.1405946585337,632.8820027186749,Standard
15083.0,2011-06-09,0.6169129878471913,Not Eligible - One-Time Customer,88.2,,88.2,54.411725528122275,Standard
15087.0,2011-06-09,0.5445382904593437,Not Eligible - One-Time Customer,306.94,,306.94,167.14058287359094,Standard
15090.0,2011-06-09,0.5353121972059036,Not Eligible - One-Time Customer,381.32,,381.32,204.12524703855516,Standard
15092.0,2011-06-09,0.37302322161986,Predicted CLV Eligible,776.46,591.7926557784491,591.7926557784491,220.75240298944996,Standard
15093.0,2011-06-09,0.09930771698689078,Predicted CLV Eligible,12502.04,7058.754041920349,7058.754041920349,700.9887486750973,Standard
15095.0,2011-06-09,0.42060575790151705,Predicted CLV Eligible,2541.54,1516.337124300572,1516.337124300572,637.7801254006489,Standard
15100.0,2011-06-09,0.5270636778762385,Predicted CLV Eligible,2193.9,1245.002254731348,1245.002254731348,656.195467342914,Standard
15101.0,2011-06-09,0.5776969508868546,Predicted CLV Eligible,1262.69,909.534897198045,909.534897198045,525.4355368364993,Standard
15104.0,2011-06-09,0.31051809280163967,Predicted CLV Eligible,993.54,1938.6129436967733,1938.6129436967733,601.9743939572945,Standard
15106.0,2011-06-09,0.35051062284690554,Predicted CLV Eligible,778.45,1247.7100571876103,1247.7100571876103,437.3356292771774,Standard
15107.0,2011-06-09,0.3289509232817659,Predicted CLV Eligible,824.35,714.3514065029184,714.3514065029184,234.98655471676307,Standard
15108.0,2011-06-09,0.3332536068565216,Predicted CLV Eligible,623.45,1887.881660058094,1887.881660058094,629.1433725326374,Standard
15109.0,2011-06-09,0.4591187888927986,Predicted CLV Eligible,983.1,530.5168913744416,530.5168913744416,243.57027265500602,Standard
15110.0,2011-06-09,0.5380270506338201,Predicted CLV Eligible,679.4000000000001,445.91255835250047,445.91255835250047,239.91301861097702,Standard
15114.0,2011-06-09,0.2594522874151061,Predicted CLV Eligible,1357.47,1231.7461623128831,1231.7461623128831,319.5793593268561,Standard
15116.0,2011-06-09,0.5036376139723078,Not Eligible - One-Time Customer,479.65,,479.65,241.5697815418174,Standard
15117.0,2011-06-09,0.5325517061195603,Predicted CLV Eligible,1246.59,749.9473301748242,749.9473301748242,399.3857301844118,Standard
15119.0,2011-06-09,0.5475288807050172,Not Eligible - One-Time Customer,266.4,,266.4,145.86169381981657,Standard
15121.0,2011-06-09,0.5481241293798422,Not Eligible - One-Time Customer,295.15,,295.15,161.77883678646043,Standard
15122.0,2011-06-09,0.24290751338038447,Predicted CLV Eligible,3784.1,2272.970210512173,2272.970210512173,552.1215418232009,Standard
15123.0,2011-06-09,0.45318965116982335,Predicted CLV Eligible,3526.33,2409.425690307189,2409.425690307189,1091.9267881099258,Standard
15124.0,2011-06-09,0.6049958944392522,Predicted CLV Eligible,357.38,190.20530829948547,190.20530829948547,115.07343062174093,Standard
15125.0,2011-06-09,0.1272171178349058,Predicted CLV Eligible,12807.11,7206.979902204936,7206.979902204936,916.8512114526031,Standard
15128.0,2011-06-09,0.35341896351152313,Predicted CLV Eligible,796.38,774.7949731670535,774.7949731670535,273.82723635063843,Standard
15129.0,2011-06-09,0.2331281679732707,Predicted CLV Eligible,4533.16,3072.341717773301,3072.341717773301,716.2493960523411,Standard
15132.0,2011-06-09,0.37125388365384077,Predicted CLV Eligible,489.87,659.4906447802564,659.4906447802564,244.83846310804574,Standard
15133.0,2011-06-09,0.37998484616648326,Predicted CLV Eligible,1482.38,974.49649653525,974.49649653525,370.2939013257239,Standard
15134.0,2011-06-09,0.450758136121841,Predicted CLV Eligible,447.75,502.7143357828639,502.7143357828639,226.60257699921306,Standard
15135.0,2011-06-09,0.5400458021599106,Predicted CLV Eligible,305.68,166.33808745690055,166.33808745690055,89.83018587040722,Standard
15139.0,2011-06-09,0.40674364639554456,Predicted CLV Eligible,178.96,150.5664547900708,150.5664547900708,61.241948846163304,Standard
15140.0,2011-06-09,0.2345578673829479,Predicted CLV Eligible,2016.89,1430.4263177858293,1430.4263177858293,335.51774654828705,Standard
15143.0,2011-06-09,0.545881712570274,Predicted CLV Eligible,563.63,419.93082925128505,419.93082925128505,229.23256023274678,Standard
15144.0,2011-06-09,0.15176510010078453,Predicted CLV Eligible,7274.89,4048.5223690592834,4048.5223690592834,614.4244026005475,Standard
15145.0,2011-06-09,0.390457649593415,Predicted CLV Eligible,724.03,1154.596384722495,1154.596384722495,450.82099060779973,Standard
15146.0,2011-06-09,0.43072699040905527,Not Eligible - One-Time Customer,834.22,,834.22,359.3210699390421,Standard
15147.0,2011-06-09,0.4410036738066602,Not Eligible - One-Time Customer,623.5,,623.5,274.9657906184527,Standard
15150.0,2011-06-09,0.2963740785322187,Predicted CLV Eligible,5004.68,2849.111628342996,2849.111628342996,844.4028334855846,Standard
15152.0,2011-06-09,0.4719351847209638,Predicted CLV Eligible,1274.24,645.3231275629989,645.3231275629989,304.550689411154,Standard
15157.0,2011-06-09,0.42640670004758496,Predicted CLV Eligible,1803.5,944.2275692854304,944.2275692854304,402.62496191295276,Standard
15159.0,2011-06-09,0.03844519324532416,Predicted CLV Eligible,9151.59,9025.374451140446,9025.374451140446,346.9822648855059,Standard
15160.0,2011-06-09,0.5975848940680347,Predicted CLV Eligible,589.27,564.462824889832,564.462824889832,337.31445741713384,Standard
15163.0,2011-06-09,0.5725248455554984,Not Eligible - One-Time Customer,155.0,,155.0,88.74135106110225,Standard
15164.0,2011-06-09,0.32989693376853874,Predicted CLV Eligible,1566.76,885.4129502824608,885.4129502824608,292.09501741713945,Standard
15167.0,2011-06-09,0.5915743128334161,Predicted CLV Eligible,1627.62,701.0223581082985,701.0223581082985,414.70681977877763,Standard
15171.0,2011-06-09,0.4235623779065788,Not Eligible - One-Time Customer,1289.5,,1289.5,546.1836863105334,Standard
15172.0,2011-06-09,0.3874614194528948,Predicted CLV Eligible,526.2,833.845573323761,833.845573323761,323.0829894445373,Standard
15174.0,2011-06-09,0.6014070665822453,Predicted CLV Eligible,481.46,218.60578574458376,218.60578574458376,131.47106434255693,Standard
15178.0,2011-06-09,0.6621714684469157,Not Eligible - One-Time Customer,40.5,,40.5,26.817944472100084,Standard
15179.0,2011-06-09,0.22649914370433016,Predicted CLV Eligible,6740.09,3484.400692274009,3484.400692274009,789.2137731228382,Standard
15181.0,2011-06-09,0.4912771519485541,Predicted CLV Eligible,810.72,460.2634617639561,460.2634617639561,226.11692264137858,Standard
15182.0,2011-06-09,0.5305511475468957,Predicted CLV Eligible,2746.5820000000003,1536.013722417672,1536.013722417672,814.9338430764748,Standard
15184.0,2011-06-09,0.5462642473220877,Predicted CLV Eligible,518.4200000000001,289.6047130240148,289.6047130240148,158.20070058099265,Standard
15187.0,2011-06-09,0.5116191080654706,Not Eligible - One-Time Customer,431.6,,431.6,220.81480704105712,Standard
15189.0,2011-06-09,0.01822997292963082,Predicted CLV Eligible,6829.2,6020.866531331992,6020.866531331992,109.76023387910243,Standard
15192.0,2011-06-09,0.5093982174009861,Predicted CLV Eligible,1360.06,760.9887655595144,760.9887655595144,387.6463206381936,Standard
15194.0,2011-06-09,0.03832820299968622,Predicted CLV Eligible,8066.18,4401.321542222818,4401.321542222818,168.69474553720818,Standard
15197.0,2011-06-09,0.31447830478614175,Predicted CLV Eligible,1571.15,926.8834470103204,926.8834470103204,291.4847351501412,Standard
15199.0,2011-06-09,0.3506385035779518,Predicted CLV Eligible,2510.85,1791.923116358923,1791.923116358923,628.3172400468327,Standard
15201.0,2011-06-09,0.30312855739736244,Predicted CLV Eligible,1208.68,758.0908085680726,758.0908085680726,229.7989731774399,Standard
15203.0,2011-06-09,0.3078542127500289,Predicted CLV Eligible,3265.28,1786.4143848066085,1786.4143848066085,549.9551940799656,Standard
15204.0,2011-06-09,0.5549517949392344,Not Eligible - One-Time Customer,316.58,,316.58,175.68663924186282,Standard
15206.0,2011-06-09,0.7078161308087051,Not Eligible - One-Time Customer,17.700000000000003,,17.700000000000003,12.528345515314083,Standard
15208.0,2011-06-09,0.6488425447320116,Predicted CLV Eligible,165.8,102.70613263673638,102.70613263673638,66.64010845960355,Standard
15210.0,2011-06-09,0.5304989784062573,Predicted CLV Eligible,1176.19,835.3678775526519,835.3678775526519,443.1618056350852,Standard
15212.0,2011-06-09,0.562803755726136,Predicted CLV Eligible,208.28,211.0895714364709,211.0895714364709,118.80200359906628,Standard
15213.0,2011-06-09,0.42280441735132007,Predicted CLV Eligible,328.35,46.633730786923024,46.633730786923024,19.716947374283308,Standard
15214.0,2011-06-09,0.5054419695069958,Not Eligible - One-Time Customer,514.9300000000001,,514.9300000000001,260.2672333582374,Standard
15218.0,2011-06-09,0.19690520414168433,Predicted CLV Eligible,7469.2,4488.598710324647,4488.598710324647,883.8284453665757,Standard
15220.0,2011-06-09,0.2327149929620666,Predicted CLV Eligible,858.19,1526.8877490512343,1526.8877490512343,355.3296717743237,Standard
15222.0,2011-06-09,0.5100014854838203,Predicted CLV Eligible,3550.91,1814.0045987371063,1814.0045987371063,925.1450400304055,Standard
15223.0,2011-06-09,0.37288657383595847,Predicted CLV Eligible,1417.95,752.921835965124,752.921835965124,280.7544437793146,Standard
15224.0,2011-06-09,0.43911791991528537,Predicted CLV Eligible,871.36,526.5594054621205,526.5594054621205,231.2216708383557,Standard
15225.0,2011-06-09,0.5186027846341639,Not Eligible - One-Time Customer,409.4,,409.4,212.31598002922667,Standard
15226.0,2011-06-09,0.5917126259030804,Not Eligible - One-Time Customer,154.41,,154.41,91.36634656569464,Standard
15227.0,2011-06-09,0.22473173281843034,Predicted CLV Eligible,2145.9100000000003,1320.778555378334,1320.778555378334,296.8208534195962,Standard
15228.0,2011-06-09,0.4783932316652608,Predicted CLV Eligible,3098.41,2398.8602580361444,2398.8602580361444,1147.5985111552725,Standard
15230.0,2011-06-09,0.443332750110518,Predicted CLV Eligible,429.6,262.6806985998608,262.6806985998608,116.45495651122839,Standard
15234.0,2011-06-09,0.571367782271915,Not Eligible - One-Time Customer,197.0,,197.0,112.55945310756725,Standard
15235.0,2011-06-09,0.09747927284474715,Predicted CLV Eligible,2772.76,3216.270840131564,3216.270840131564,313.5197427677889,Standard
15236.0,2011-06-09,0.5445004551062638,Not Eligible - One-Time Customer,321.05,,321.05,174.811871111866,Standard
15237.0,2011-06-09,0.35949834271427406,Predicted CLV Eligible,1093.65,778.2407534489737,778.2407534489737,279.776261097614,Standard
15238.0,2011-06-09,0.529925780862446,Not Eligible - One-Time Customer,300.14,,300.14,159.05192386805453,Standard
15240.0,2011-06-09,0.16928534170957282,Predicted CLV Eligible,3798.79,1919.021754954854,1919.021754954854,324.86225353563657,Standard
15241.0,2011-06-09,0.207036255906677,Predicted CLV Eligible,2259.12,1397.570666271982,1397.570666271982,289.34779810995116,Standard
15244.0,2011-06-09,0.5409580120532762,Predicted CLV Eligible,578.45,272.5663158016416,272.5663158016416,147.44693234874154,Standard
15245.0,2011-06-09,0.2891406738386519,Predicted CLV Eligible,3832.72,2613.6625274776507,2613.6625274776507,755.716144381722,Standard
15246.0,2011-06-09,0.32418408942608956,Predicted CLV Eligible,780.4000000000001,517.9374445681493,517.9374445681493,167.90707884700123,Standard
15249.0,2011-06-09,0.18444198181059873,Predicted CLV Eligible,5418.91,3347.609485485786,3347.609485485786,617.4397278309572,Standard
15251.0,2011-06-09,0.2495294904977748,Predicted CLV Eligible,13935.27,8407.098306322321,8407.098306322321,2097.8189569413144,Priority
15257.0,2011-06-09,0.5088375122397508,Predicted CLV Eligible,685.9,513.5419872423477,513.5419872423477,261.30942721905404,Standard
15258.0,2011-06-09,0.53221657521598,Not Eligible - One-Time Customer,315.66,,315.66,167.99948413267626,Standard
15260.0,2011-06-09,0.30613177921823226,Predicted CLV Eligible,8227.44,4585.531189329161,4585.531189329161,1403.7768216500326,Priority
15262.0,2011-06-09,0.5847631740648975,Predicted CLV Eligible,418.82,343.815888795613,343.815888795613,201.0508704260665,Standard
15265.0,2011-06-09,0.4836978014590649,Predicted CLV Eligible,2551.76,1570.2854697903638,1570.2854697903638,759.5436294007138,Standard
15266.0,2011-06-09,0.6115913082156945,Predicted CLV Eligible,852.21,426.0748849113117,426.0748849113117,260.5836962607606,Standard
15270.0,2011-06-09,0.18866310868079386,Predicted CLV Eligible,7459.12,4120.312727747726,4120.312727747726,777.3510079539275,Standard
15271.0,2011-06-09,0.1420304642412163,Predicted CLV Eligible,2770.81,2115.9173173420054,2115.9173173420054,300.524718878114,Standard
15279.0,2011-06-09,0.5598338042714283,Predicted CLV Eligible,1580.54,842.908099289358,842.908099289358,471.8884478763601,Standard
15281.0,2011-06-09,0.07957837079826433,Predicted CLV Eligible,8138.83,5162.788078754184,5162.788078754184,410.84626408395917,Standard
15288.0,2011-06-09,0.3085409249673702,Predicted CLV Eligible,3032.86,1848.078365958298,1848.078365958298,570.2078084449594,Standard
15289.0,2011-06-09,0.5265718937451715,Predicted CLV Eligible,1028.76,512.6704779067574,512.6704779067574,269.9578644186034,Standard
15290.0,2011-06-09,0.06616208961319478,Predicted CLV Eligible,4585.63,2873.8737467499104,2873.8737467499104,190.1414923694754,Standard
15291.0,2011-06-09,0.07543803786252326,Predicted CLV Eligible,11529.05,6130.108652179415,6130.108652179415,462.44336860449215,Standard
15292.0,2011-06-09,0.5652993971146008,Not Eligible - One-Time Customer,178.39,,178.39,100.84375945127363,Standard
15296.0,2011-06-09,0.2605555760188798,Predicted CLV Eligible,8427.98,4808.918025369562,4808.918025369562,1252.9904061277402,Standard
15298.0,2011-06-09,0.1328667866703252,Predicted CLV Eligible,6039.07,3324.400183778981,3324.400183778981,441.70237002495173,Standard
15299.0,2011-06-09,0.40148725774059224,Predicted CLV Eligible,4084.53,2245.467485218046,2245.467485218046,901.5265829858571,Standard
15301.0,2011-06-09,0.18217881671866148,Predicted CLV Eligible,4635.63,4593.666692482649,4593.666692482649,836.8687624364163,Standard
15303.0,2011-06-09,0.5065068954197052,Predicted CLV Eligible,1224.1799999999998,705.0447496969053,705.0447496969053,357.11002730094265,Standard
15304.0,2011-06-09,0.29676967717088665,Predicted CLV Eligible,483.6,496.9146883540925,496.9146883540925,147.46921164431578,Standard
15308.0,2011-06-09,0.49083686607332633,Not Eligible - One-Time Customer,310.47,,310.47,152.39012180978563,Standard
15311.0,2011-06-09,0.005382148119664539,Predicted CLV Eligible,87944.0,48294.17452281181,48294.17452281181,259.9264005987027,Standard
15312.0,2011-06-09,0.2625037658185745,Predicted CLV Eligible,2613.24,1378.8781390947968,1378.8781390947968,361.9607041172923,Standard
15314.0,2011-06-09,0.5268235505170658,Predicted CLV Eligible,820.45,505.3009170335932,505.3009170335932,266.2044231911668,Standard
15316.0,2011-06-09,0.5901940981285566,Not Eligible - One-Time Customer,165.0,,165.0,97.38202619121184,Standard
15319.0,2011-06-09,0.570158913767356,Not Eligible - One-Time Customer,204.5,,204.5,116.59749786542429,Standard
15321.0,2011-06-09,0.46222134646312735,Predicted CLV Eligible,5120.89,3187.213938644908,3187.213938644908,1473.1983181864966,Priority
15326.0,2011-06-09,0.5520469184290486,Predicted CLV Eligible,1700.52,865.1399692087683,865.1399692087683,477.5978540115026,Standard
15333.0,2011-06-09,0.455985323811534,Not Eligible - One-Time Customer,1028.56,,1028.56,469.0082646595914,Standard
15339.0,2011-06-09,0.5614130465749617,Predicted CLV Eligible,1504.85,958.6050333760184,958.6050333760184,538.1733722497233,Standard
15346.0,2011-06-09,0.565014824763896,Predicted CLV Eligible,596.12,451.0276529592885,451.0276529592885,254.83731030046368,Standard
15349.0,2011-06-09,0.5196096949426312,Not Eligible - One-Time Customer,356.21,,356.21,185.09016943551464,Standard
15353.0,2011-06-09,0.5147727575328404,Predicted CLV Eligible,2794.47,1519.0985333643175,1519.0985333643175,781.9905409840433,Standard
15356.0,2011-06-09,0.13993961468837524,Predicted CLV Eligible,1683.2,1833.297272659216,1833.297272659216,256.5509139451799,Standard
15358.0,2011-06-09,0.050305177473535224,Predicted CLV Eligible,12441.73,6858.573914417134,6858.573914417134,345.0217779801131,Standard
15361.0,2011-06-09,0.5381212886910095,Predicted CLV Eligible,689.07,570.2794913576524,570.2794913576524,306.87953480343333,Standard
15364.0,2011-06-09,0.5351848246447044,Not Eligible - One-Time Customer,331.80000000000007,,331.80000000000007,177.57432481711297,Standard
15365.0,2011-06-09,0.5740651746176486,Predicted CLV Eligible,2451.42,1530.979767548995,1530.979767548995,878.8821675941008,Standard
15366.0,2011-06-09,0.6218736313255271,Predicted CLV Eligible,1892.11,1090.105108274504,1090.105108274504,677.9076222091726,Standard
15367.0,2011-06-09,0.3089012868286617,Predicted CLV Eligible,4619.92,2310.473605703665,2310.473605703665,713.70826998552,Standard
15370.0,2011-06-09,0.17920692483287565,Predicted CLV Eligible,2480.9,1591.5277777708457,1591.5277777708457,285.21279884041354,Standard
15373.0,2011-06-09,0.12013245588373098,Predicted CLV Eligible,1860.38,1354.8552908474571,1354.8552908474571,162.76209345657165,Standard
15376.0,2011-06-09,0.4880718828659836,Not Eligible - One-Time Customer,642.37,,642.37,313.5227353966219,Standard
15379.0,2011-06-09,0.055913729482238286,Predicted CLV Eligible,4747.04,4820.478618630726,4820.478618630726,269.5309374570321,Standard
15381.0,2011-06-09,0.3689153600529355,Predicted CLV Eligible,1890.57,1297.4021813068134,1297.4021813068134,478.631592850267,Standard
15382.0,2011-06-09,0.12476585474806352,Predicted CLV Eligible,9904.96,5010.751864975282,5010.751864975282,625.1707393640944,Standard
15384.0,2011-06-09,0.5579007911907463,Predicted CLV Eligible,1688.95,1255.5493748121996,1255.5493748121996,700.471989586773,Standard
15386.0,2011-06-09,0.513056009214029,Not Eligible - One-Time Customer,394.14,,394.14,202.21589547161742,Standard
15388.0,2011-06-09,0.591099563497704,Not Eligible - One-Time Customer,140.54,,140.54,83.0731326539673,Standard
15392.0,2011-06-09,0.501976366775828,Predicted CLV Eligible,1715.0700000000002,1479.281232141031,1479.281232141031,742.564218349825,Standard
15393.0,2011-06-09,0.6003588706165883,Predicted CLV Eligible,783.58,400.35224935130026,400.35224935130026,240.3550242693574,Standard
15394.0,2011-06-09,0.2407561369309405,Predicted CLV Eligible,4539.7,2584.1209923723304,2584.1209923723304,622.1429874857106,Standard
15395.0,2011-06-09,0.6158329608639921,Not Eligible - One-Time Customer,107.45,,107.45,66.17125164483595,Standard
15397.0,2011-06-09,0.6182615769749531,Not Eligible - One-Time Customer,94.0,,94.0,58.116588235645594,Standard
15400.0,2011-06-09,0.34495229814370265,Predicted CLV Eligible,1044.9,760.4974370767457,760.4974370767457,262.3353386520193,Standard
15402.0,2011-06-09,0.5076031916293031,Predicted CLV Eligible,1644.76,881.6958342650937,881.6958342650937,447.55161951922264,Standard
15405.0,2011-06-09,0.5212228246202483,Predicted CLV Eligible,659.84,387.094283243733,387.094283243733,201.76237570664895,Standard
15406.0,2011-06-09,0.5600109669391633,Predicted CLV Eligible,717.4499999999999,361.3363811519166,361.3363811519166,202.35233619918287,Standard
15407.0,2011-06-09,0.3799797401524697,Predicted CLV Eligible,329.86,460.72807760432767,460.72807760432767,175.06733520903933,Standard
15408.0,2011-06-09,0.5504175955174412,Not Eligible - One-Time Customer,267.18,,267.18,147.06057317034993,Standard
15410.0,2011-06-09,0.24373809895036463,Predicted CLV Eligible,3035.77,1709.8464955515385,1709.8464955515385,416.7547343226751,Standard
15414.0,2011-06-09,0.6657256697890934,Not Eligible - One-Time Customer,36.2,,36.2,24.099269246365182,Standard
15415.0,2011-06-09,0.5119344036850954,Not Eligible - One-Time Customer,559.61,,559.61,286.4836116462162,Standard
15416.0,2011-06-09,0.30719537546617526,Predicted CLV Eligible,2862.9300000000003,1787.3680985242738,1787.3680985242738,549.071214122428,Standard
15421.0,2011-06-09,0.24193464423254288,Predicted CLV Eligible,3594.34,2015.924532867543,2015.924532867543,487.7219846589642,Standard
15422.0,2011-06-09,0.5511758308023822,Predicted CLV Eligible,1619.97,899.3342080911555,899.3342080911555,495.69127931364505,Standard
15424.0,2011-06-09,0.4540695557765376,Predicted CLV Eligible,597.78,547.4764926142025,547.4764926142025,248.5924077994278,Standard
15426.0,2011-06-09,0.5530335412251539,Predicted CLV Eligible,1386.41,821.8504632946507,821.8504632946507,454.51087207337406,Standard
15433.0,2011-06-09,0.37656934580509616,Predicted CLV Eligible,533.3,572.7386257756071,572.7386257756071,215.67580962563017,Standard
15434.0,2011-06-09,0.4878807086099237,Predicted CLV Eligible,1832.54,1026.842701039993,1026.842701039993,500.97674461431984,Standard
15436.0,2011-06-09,0.5079768022736427,Not Eligible - One-Time Customer,484.1,,484.1,245.91156998067046,Standard
15437.0,2011-06-09,0.5680925872121624,Predicted CLV Eligible,393.4500000000001,194.76972727788217,194.76972727788217,110.64723827989936,Standard
15440.0,2011-06-09,0.5879515978317371,Not Eligible - One-Time Customer,125.8,,125.8,73.96431100723252,Standard
15442.0,2011-06-09,0.49736588863819076,Not Eligible - One-Time Customer,594.0,,594.0,295.4353378510853,Standard
15443.0,2011-06-09,0.528607988049201,Predicted CLV Eligible,2338.35,1338.893189162061,1338.893189162061,707.7496349357352,Standard
15445.0,2011-06-09,0.6030802289514074,Predicted CLV Eligible,284.5,126.98701840045484,126.98701840045484,76.5833601308029,Standard
15447.0,2011-06-09,0.5945550512054706,Predicted CLV Eligible,492.88,314.59686792501844,314.59686792501844,187.04515691824,Standard
15448.0,2011-06-09,0.5195919393704365,Predicted CLV Eligible,788.81,429.2516123985766,429.2516123985766,223.0356777640633,Standard
15449.0,2011-06-09,0.30412091315644985,Predicted CLV Eligible,647.7,1126.269950991574,1126.269950991574,342.5222459562275,Standard
15452.0,2011-06-09,0.5579021444944148,Predicted CLV Eligible,1493.63,646.7870315700078,646.7870315700078,360.8438719440841,Standard
15453.0,2011-06-09,0.5576992337907049,Not Eligible - One-Time Customer,194.34,,194.34,108.38326909488558,Standard
15454.0,2011-06-09,0.5908253367429969,Predicted CLV Eligible,305.99,173.4692702259084,173.4692702259084,102.49003999578424,Standard
15456.0,2011-06-09,0.30764537466956526,Predicted CLV Eligible,2091.52,1116.675439308114,1116.675439308114,343.5400339102461,Standard
15457.0,2011-06-09,0.5575568133916003,Not Eligible - One-Time Customer,237.07,,237.07,132.1799937507467,Standard
15460.0,2011-06-09,0.578605514636776,Not Eligible - One-Time Customer,214.26,,214.26,123.97201756607562,Standard
15462.0,2011-06-09,0.595526357675175,Predicted CLV Eligible,607.45,176.65600296499312,176.65600296499312,105.20330600719727,Standard
15464.0,2011-06-09,0.4766282879906196,Not Eligible - One-Time Customer,1044.65,,1044.65,497.90974104940085,Standard
15465.0,2011-06-09,0.04979014127851669,Predicted CLV Eligible,9909.24,5396.878758389482,5396.878758389482,268.71135584323804,Standard
15482.0,2011-06-09,0.20517206255350548,Predicted CLV Eligible,4799.84,2719.7594615681896,2719.7594615681896,558.018658379357,Standard
15483.0,2011-06-09,0.6047784074798432,Predicted CLV Eligible,703.51,378.2371416853359,378.2371416853359,228.7496561981853,Standard
15485.0,2011-06-09,0.5492110961727306,Predicted CLV Eligible,3514.55,1615.698830257885,1615.698830257885,887.3597256509315,Standard
15489.0,2011-06-09,0.5250316610303128,Predicted CLV Eligible,1633.59,942.0856798099236,942.0856798099236,494.6248093034757,Standard
15491.0,2011-06-09,0.32569758360611845,Predicted CLV Eligible,1644.92,2654.678611807924,2654.678611807924,864.6224091166857,Standard
15493.0,2011-06-09,0.3415698165351535,Predicted CLV Eligible,3087.72,1880.767448218896,1880.767448218896,642.4133922334172,Standard
15497.0,2011-06-09,0.42500984993344615,Predicted CLV Eligible,8365.789999999999,4866.700898961821,4866.700898961821,2068.3958187387307,Priority
15498.0,2011-06-09,0.05446789426685629,Predicted CLV Eligible,18799.31,8977.487284384722,8977.487284384722,488.9848281879139,Standard
15502.0,2011-06-09,0.3348141721985489,Predicted CLV Eligible,5259.4,3222.4459859505782,3222.4459859505782,1078.9205852405796,Standard
15503.0,2011-06-09,0.6052747108050627,Predicted CLV Eligible,257.3,116.35546154848846,116.35546154848846,70.42701833935095,Standard
15508.0,2011-06-09,0.26241410410866906,Predicted CLV Eligible,1000.27,2576.0981466709704,2576.0981466709704,676.0044872546655,Standard
15510.0,2011-06-09,0.5652847849994391,Not Eligible - One-Time Customer,250.0,,250.0,141.32119624985978,Standard
15512.0,2011-06-09,0.6245175526427961,Predicted CLV Eligible,311.78000000000003,214.5781337201604,214.5781337201604,134.0078109215732,Standard
15513.0,2011-06-09,0.07157939115378781,Predicted CLV Eligible,17748.29,10047.995798481492,10047.995798481492,719.2294215711231,Standard
15514.0,2011-06-09,0.17960112968530167,Predicted CLV Eligible,4870.28,2558.694874752529,2558.694874752529,459.54449002554566,Standard
15517.0,2011-06-09,0.5453769831503748,Not Eligible - One-Time Customer,267.03,,267.03,145.63201581064456,Standard
15518.0,2011-06-09,0.11538724280361896,Predicted CLV Eligible,3242.61,1816.0351946248877,1816.0351946248877,209.54729394209934,Standard
15521.0,2011-06-09,0.2324311068019745,Predicted CLV Eligible,5765.82,3272.320610259159,3272.320610259159,760.589101253449,Standard
15527.0,2011-06-09,0.1823932796955466,Predicted CLV Eligible,4026.4,2196.3189086152715,2196.3189086152715,400.5938089996829,Standard
15528.0,2011-06-09,0.5583174953474558,Not Eligible - One-Time Customer,229.33,,229.33,128.03895120803205,Standard
15529.0,2011-06-09,0.14770301950609516,Predicted CLV Eligible,2751.62,2631.758415732385,2631.758415732385,388.71866461425054,Standard
15530.0,2011-06-09,0.5021405807636433,Predicted CLV Eligible,859.46,683.9256416574365,683.9256416574365,343.42681890101255,Standard
15532.0,2011-06-09,0.548160620857174,Predicted CLV Eligible,2527.92,1667.0162924061938,1667.0162924061938,913.7926858244035,Standard
15535.0,2011-06-09,0.23417876915675126,Predicted CLV Eligible,919.36,874.5800707587127,874.5800707587127,204.80808449929978,Standard
15543.0,2011-06-09,0.5996660978128694,Predicted CLV Eligible,242.26,190.4704085099424,190.4704085099424,114.2186466199803,Standard
15544.0,2011-06-09,0.21927914183248873,Predicted CLV Eligible,6020.65,3522.01975523404,3522.01975523404,772.3054694447923,Standard
15547.0,2011-06-09,0.0754278168341697,Predicted CLV Eligible,7529.58,3953.8138487245465,3953.8138487245465,298.2275467779986,Standard
15549.0,2011-06-09,0.42984246138176807,Predicted CLV Eligible,1583.0,853.9572888979774,853.9572888979774,367.0671029748082,Standard
15550.0,2011-06-09,0.5971527103418157,Predicted CLV Eligible,1773.3200000000002,969.245394286384,969.245394286384,578.7875141844361,Standard
15552.0,2011-06-09,0.6095031956365483,Predicted CLV Eligible,252.52,98.17747173660824,98.17747173660824,59.83948276297962,Standard
15554.0,2011-06-09,0.5654821746591387,Not Eligible - One-Time Customer,217.2,,217.2,122.82272833596492,Standard
15555.0,2011-06-09,0.07572264436132765,Predicted CLV Eligible,8223.49,4160.112823310057,4160.112823310057,315.01474382250615,Standard
15561.0,2011-06-09,0.5427334859305359,Predicted CLV Eligible,1399.55,764.3708661325319,764.3708661325319,414.84966471985206,Standard
15562.0,2011-06-09,0.6064174889359972,Predicted CLV Eligible,671.4300000000001,225.59319208634972,225.59319208634972,136.80365706606028,Standard
15563.0,2011-06-09,0.2695376927368226,Predicted CLV Eligible,2194.64,1226.2611689385972,1226.2611689385972,330.5236061684685,Standard
15569.0,2011-06-09,0.5566978883523772,Predicted CLV Eligible,2496.24,1570.420574394635,1570.420574394635,874.2498175906206,Standard
15570.0,2011-06-09,0.07903080647215661,Predicted CLV Eligible,7096.39,4470.375878140644,4470.375878140644,353.2974108831304,Standard
15572.0,2011-06-09,0.34373156609102395,Predicted CLV Eligible,2305.32,1605.1727444066364,1605.1727444066364,551.74854128152,Standard
15574.0,2011-06-09,0.5080015028959075,Predicted CLV Eligible,989.34,912.8694885576568,912.8694885576568,463.73907213510813,Standard
15577.0,2011-06-09,0.685454201014305,Predicted CLV Eligible,166.8,38.90845092207642,38.90845092207642,26.66996113949619,Standard
15579.0,2011-06-09,0.5777971084038224,Predicted CLV Eligible,1118.38,602.125420770298,602.125420770298,347.90632701751304,Standard
15581.0,2011-06-09,0.148876169805965,Predicted CLV Eligible,4435.39,2194.342838152284,2194.342838152284,326.6853569852626,Standard
15582.0,2011-06-09,0.5351689123107518,Not Eligible - One-Time Customer,303.61,,303.61,162.48263346666735,Standard
15587.0,2011-06-09,0.5486649538520123,Predicted CLV Eligible,953.28,799.569161420982,799.569161420982,438.69557705253527,Standard
15589.0,2011-06-09,0.3038334549164284,Predicted CLV Eligible,478.53,734.3969513666942,734.3969513666942,223.13436301383493,Standard
15594.0,2011-06-09,0.4927499472414575,Not Eligible - One-Time Customer,267.91,,267.91,132.01263836545888,Standard
15596.0,2011-06-09,0.12584258731842798,Predicted CLV Eligible,2710.82,2076.5634774804985,2076.5634774804985,261.3201207370981,Standard
15599.0,2011-06-09,0.5078170772903366,Predicted CLV Eligible,937.15,692.0487138465032,692.0487138465032,351.4341552080678,Standard
15601.0,2011-06-09,0.05557039523627473,Predicted CLV Eligible,12163.77,6886.934179471689,6886.934179471689,382.7096543194512,Standard
15602.0,2011-06-09,0.07263271734755435,Predicted CLV Eligible,2383.04,1236.3634088515828,1236.3634088515828,89.80043401397579,Standard
15605.0,2011-06-09,0.4026517039250287,Predicted CLV Eligible,1233.9,720.6200662663018,720.6200662663018,290.1588975646935,Standard
15606.0,2011-06-09,0.1497611415966833,Predicted CLV Eligible,4137.18,2591.3578770871945,2591.3578770871945,388.084713958136,Standard
15607.0,2011-06-09,0.6190097299096388,Predicted CLV Eligible,1708.97,824.712354373633,824.712354373633,510.5049717339649,Standard
15609.0,2011-06-09,0.530296132851918,Not Eligible - One-Time Customer,298.48,,298.48,158.2827897336405,Standard
15611.0,2011-06-09,0.1549754426313895,Predicted CLV Eligible,1837.93,1048.6530684640773,1048.6530684640773,162.51547345198514,Standard
15615.0,2011-06-09,0.051864674291029,Predicted CLV Eligible,15713.29,8485.3107720853,8485.3107720853,440.0878794523639,Standard
15620.0,2011-06-09,0.21750042633688396,Predicted CLV Eligible,1264.19,1324.8995534266448,1324.8995534266448,288.1662177238424,Standard
15622.0,2011-06-09,0.08787714685199469,Predicted CLV Eligible,6745.05,3716.128102436666,3716.128102436666,326.56273497865124,Standard
15624.0,2011-06-09,0.4115801199021069,Predicted CLV Eligible,311.4,506.02806459629824,506.02806459629824,208.27109150037552,Standard
15625.0,2011-06-09,0.4852083809948377,Predicted CLV Eligible,2397.47,1700.7494645103452,1700.7494645103452,825.2178941529017,Standard
15626.0,2011-06-09,0.5576802760517812,Predicted CLV Eligible,673.6,417.6199466795572,417.6199466795572,232.8984071489856,Standard
15628.0,2011-06-09,0.5281597384982335,Predicted CLV Eligible,3153.85,1708.698980232111,1708.698980232111,902.4660065715899,Standard
15630.0,2011-06-09,0.4628530565399762,Predicted CLV Eligible,691.9100000000001,379.465780405847,379.465780405847,175.6368963131737,Standard
15632.0,2011-06-09,0.2582522278416219,Predicted CLV Eligible,1242.5,2433.459062923474,2433.459062923474,628.4462243613727,Standard
15636.0,2011-06-09,0.5447220398008443,Predicted CLV Eligible,1026.52,614.8888255947838,614.8888255947838,334.9434953287363,Standard
15640.0,2011-06-09,0.04796465949823638,Predicted CLV Eligible,17785.77,9509.413768719498,9509.413768719498,456.1157934444715,Standard
15641.0,2011-06-09,0.21685078125833562,Predicted CLV Eligible,4763.7300000000005,2695.3545380721457,2695.3545380721457,584.4897373491451,Standard
15643.0,2011-06-09,0.19784994241995707,Predicted CLV Eligible,664.0,1045.9218943137678,1045.9218943137678,206.93558656575138,Standard
15644.0,2011-06-09,0.43519297463610573,Predicted CLV Eligible,423.19,590.02252184835,590.02252184835,256.77365638548014,Standard
15646.0,2011-06-09,0.5411177989235794,Predicted CLV Eligible,677.21,826.7163897706105,826.7163897706105,447.35095316672067,Standard
15648.0,2011-06-09,0.2883201787614537,Predicted CLV Eligible,639.5,1185.79547261348,1185.79547261348,341.888762638441,Standard
15649.0,2011-06-09,0.5536740759990338,Predicted CLV Eligible,1660.35,1454.2161587891812,1454.2161587891812,805.1617880204642,Standard
15651.0,2011-06-09,0.559892667860891,Predicted CLV Eligible,840.0799999999999,502.7114653954967,502.7114653954967,281.4644635245426,Standard
15655.0,2011-06-09,0.4528736149216336,Not Eligible - One-Time Customer,560.67,,560.67,253.91264967811227,Standard
15656.0,2011-06-09,0.40174081223091046,Predicted CLV Eligible,306.86,222.87466245635267,222.87466245635267,89.53784792090512,Standard
15658.0,2011-06-09,0.13491549600211955,Predicted CLV Eligible,2117.27,1076.9263324108515,1076.9263324108515,145.2940502949535,Standard
15660.0,2011-06-09,0.22766843953962349,Predicted CLV Eligible,1741.85,1084.6256795617971,1084.6256795617971,246.93503595043805,Standard
15661.0,2011-06-09,0.457710513704267,Predicted CLV Eligible,1215.9499999999998,702.3786736069616,702.3786736069616,321.48610351156407,Standard
15665.0,2011-06-09,0.43990230405839387,Predicted CLV Eligible,3221.28,2051.06276148568,2051.06276148568,902.2672345459225,Standard
15668.0,2011-06-09,0.6193973764688385,Not Eligible - One-Time Customer,76.32000000000001,,76.32000000000001,47.27240777210176,Standard
15669.0,2011-06-09,0.568703493711513,Not Eligible - One-Time Customer,198.8,,198.8,113.05825454984878,Standard
15670.0,2011-06-09,0.5825404826594139,Predicted CLV Eligible,325.20000000000005,198.2087074203069,198.2087074203069,115.46459608792414,Standard
15671.0,2011-06-09,0.2725329680529652,Predicted CLV Eligible,1033.13,1959.6122114074528,1959.6122114074528,534.0589322077078,Standard
15673.0,2011-06-09,0.26405082128998536,Predicted CLV Eligible,5174.13,3088.1713777036803,3088.1713777036803,815.4341885668823,Standard
15674.0,2011-06-09,0.21530038747723995,Predicted CLV Eligible,5881.29,3176.0160712305174,3176.0160712305174,683.7974907698717,Standard
15675.0,2011-06-09,0.6592545961345186,Predicted CLV Eligible,263.35,91.6835392542246,91.6835392542246,60.442794643227124,Standard
15676.0,2011-06-09,0.425335260837413,Not Eligible - One-Time Customer,897.8,,897.8,381.8659971798294,Standard
15681.0,2011-06-09,0.536884793945393,Predicted CLV Eligible,1909.22,1245.9835463113814,1245.9835463113814,668.9496195207361,Standard
15687.0,2011-06-09,0.0793170921777672,Predicted CLV Eligible,1679.45,2516.424172155949,2516.424172155949,199.5954480212549,Standard
15689.0,2011-06-09,0.623509763033459,Predicted CLV Eligible,370.43,105.00043620350252,105.00043620350252,65.46879709565567,Standard
15691.0,2011-06-09,0.5898684041297637,Predicted CLV Eligible,571.3,274.26567237167063,274.26567237167063,161.780654469454,Standard
15694.0,2011-06-09,0.06594395752395046,Predicted CLV Eligible,6500.78,3539.84982054855,3539.84982054855,233.43170620741725,Standard
15695.0,2011-06-09,0.45187506190410376,Predicted CLV Eligible,1131.04,603.6856629747111,603.6856629747111,272.7904963273175,Standard
15696.0,2011-06-09,0.10860165931580883,Predicted CLV Eligible,2800.06,1686.589116290852,1686.589116290852,183.16637661317017,Standard
15703.0,2011-06-09,0.565014501169405,Not Eligible - One-Time Customer,211.5,,211.5,119.50056699732916,Standard
15704.0,2011-06-09,0.3350374178215756,Predicted CLV Eligible,2948.36,1840.537899534122,1840.537899534122,616.6490652626587,Standard
15705.0,2011-06-09,0.5789049162230157,Not Eligible - One-Time Customer,143.1,,143.1,82.84129351151354,Standard
15708.0,2011-06-09,0.13548489620249066,Predicted CLV Eligible,2609.11,2790.540279284128,2790.540279284128,378.07606008767937,Standard
15709.0,2011-06-09,0.5964131675372619,Predicted CLV Eligible,327.85,146.0648888923685,146.0648888923685,87.11502305027571,Standard
15712.0,2011-06-09,0.5469893169964377,Predicted CLV Eligible,2699.85,1446.155926409639,1446.155926409639,791.0318424571591,Standard
15716.0,2011-06-09,0.397104523792563,Predicted CLV Eligible,2268.89,1219.6338876642849,1219.6338876642849,484.32213416219815,Standard
15717.0,2011-06-09,0.5812393802498703,Predicted CLV Eligible,607.0,445.898591593691,445.898591593691,259.173821032207,Standard
15719.0,2011-06-09,0.09923896513963,Predicted CLV Eligible,7594.77,4078.492467890924,4078.492467890924,404.74537184327096,Standard
15722.0,2011-06-09,0.27793558879148733,Predicted CLV Eligible,3782.09,2374.6726703004256,2374.6726703004256,660.0060468070022,Standard
15724.0,2011-06-09,0.36326261150664124,Predicted CLV Eligible,310.85,356.1771861571157,356.1771861571157,129.38585480252098,Standard
15727.0,2011-06-09,0.09203918695792294,Predicted CLV Eligible,7443.62,4158.543309043852,4158.543309043852,382.7489450937066,Standard
15729.0,2011-06-09,0.5795909736407333,Predicted CLV Eligible,192.55,197.8578631189257,197.8578631189257,114.6766315275731,Standard
15730.0,2011-06-09,0.4537183213613701,Predicted CLV Eligible,1073.13,1107.572197673651,1107.572197673651,502.52579831501254,Standard
15732.0,2011-06-09,0.5753787625437965,Predicted CLV Eligible,1543.97,871.3706863853885,871.3706863853885,501.3681872493634,Standard
15733.0,2011-06-09,0.5842510254460352,Not Eligible - One-Time Customer,162.3,,162.3,94.82394142989153,Standard
15734.0,2011-06-09,0.49103491444797476,Predicted CLV Eligible,1502.5000000000002,1213.4511057064565,1213.4511057064565,595.8468598773702,Standard
15737.0,2011-06-09,0.1856258982650282,Predicted CLV Eligible,712.73,918.3619565877098,918.3619565877098,170.47176312402246,Standard
15738.0,2011-06-09,0.08772934751788647,Predicted CLV Eligible,10843.94,6028.95765525014,6028.95765525014,528.9165213080615,Standard
15743.0,2011-06-09,0.525422315762982,Not Eligible - One-Time Customer,322.55,,322.55,169.47496794934986,Standard
15745.0,2011-06-09,0.5379692475482936,Not Eligible - One-Time Customer,302.85,,302.85,162.9239866200007,Standard
15749.0,2011-06-09,0.10202791184603559,Predicted CLV Eligible,44534.3,48418.51416699509,48418.51416699509,4940.0398951462,Priority
15750.0,2011-06-09,0.5527606081779698,Predicted CLV Eligible,4600.861,2511.406209088067,2511.406209088067,1388.2064235174496,Priority
15752.0,2011-06-09,0.38297587665947164,Predicted CLV Eligible,2340.99,2002.627453981228,2002.627453981228,766.9580048107865,Standard
15753.0,2011-06-09,0.630590555112846,Not Eligible - One-Time Customer,79.2,,79.2,49.94277196493741,Standard
15754.0,2011-06-09,0.6129770538603674,Predicted CLV Eligible,2670.84,873.8264481077343,873.8264481077343,535.6355617463482,Standard
15755.0,2011-06-09,0.36628323797512785,Predicted CLV Eligible,4249.6,2283.296229159281,2283.296229159281,836.3331360728611,Standard
15756.0,2011-06-09,0.4409829257805809,Predicted CLV Eligible,244.17,500.9355021896129,500.9355021896129,220.9040033829401,Standard
15757.0,2011-06-09,0.5441081789052229,Predicted CLV Eligible,2487.3,1785.933404102391,1785.933404102391,971.7409721521575,Standard
15759.0,2011-06-09,0.22736644752631524,Predicted CLV Eligible,830.9300000000001,430.847096027564,430.847096027564,97.96017365081644,Standard
15764.0,2011-06-09,0.2058312641887893,Predicted CLV Eligible,2917.63,2329.7709610553125,2329.7709610553125,479.5397021843456,Standard
15768.0,2011-06-09,0.37632668768750877,Predicted CLV Eligible,15166.21,8262.695920395568,8262.695920395568,3109.4729870915558,Priority
15769.0,2011-06-09,0.046313225844494134,Predicted CLV Eligible,60249.52,33304.609240258054,33304.609240258054,1542.4438894066975,Priority
15775.0,2011-06-09,0.6048398664428725,Predicted CLV Eligible,150.5,109.70390068096074,109.70390068096074,66.35329263613444,Standard
15777.0,2011-06-09,0.15576739681398194,Predicted CLV Eligible,1762.61,1485.435649095004,1485.435649095004,231.38244419421633,Standard
15780.0,2011-06-09,0.3431120796511495,Predicted CLV Eligible,402.76,475.0018883047387,475.0018883047387,162.97888573446193,Standard
15781.0,2011-06-09,0.627781198455009,Not Eligible - One-Time Customer,83.35,,83.35,52.325562891225,Standard
15785.0,2011-06-09,0.22215165692672018,Predicted CLV Eligible,4971.36,2787.817851848303,2787.817851848303,619.3183549979901,Standard
15789.0,2011-06-09,0.5486182224389806,Predicted CLV Eligible,1962.01,1182.4832397052023,1182.4832397052023,648.7318530309551,Standard
15791.0,2011-06-09,0.3923639299748366,Predicted CLV Eligible,3218.89,2250.6108875201426,2250.6108875201426,883.058532671558,Standard
15793.0,2011-06-09,0.5424666314754747,Predicted CLV Eligible,1740.6,887.0256882263687,887.0256882263687,481.18183712437286,Standard
15796.0,2011-06-09,0.11141745211532803,Predicted CLV Eligible,3709.99,2548.7232369362678,2548.7232369362678,283.97224920657044,Standard
15797.0,2011-06-09,0.18978711477209056,Predicted CLV Eligible,2453.88,1489.5756488690931,1489.5756488690931,282.70226463362985,Standard
15799.0,2011-06-09,0.29624949290698593,Predicted CLV Eligible,1018.44,718.1075224758296,718.1075224758296,212.7389893861565,Standard
15800.0,2011-06-09,0.5530375751422574,Predicted CLV Eligible,774.68,365.2663959352541,365.2663959352541,202.0060418889846,Standard
15804.0,2011-06-09,0.49686175509133157,Not Eligible - One-Time Customer,525.36,,525.36,261.03129165478197,Standard
15805.0,2011-06-09,0.11739952705039211,Predicted CLV Eligible,7365.17,3908.7527654962073,3908.7527654962073,458.88572602616694,Standard
15806.0,2011-06-09,0.5450864056479541,Not Eligible - One-Time Customer,300.36,,300.36,163.72215280041948,Standard
15808.0,2011-06-09,0.22401994823421387,Predicted CLV Eligible,17180.25,8456.697038250553,8456.697038250553,1894.4688327413187,Priority
15809.0,2011-06-09,0.21242218273133934,Predicted CLV Eligible,1157.88,914.2417022521691,914.2417022521691,194.205217936421,Standard
15810.0,2011-06-09,0.3425148526930378,Predicted CLV Eligible,2461.1800000000003,1470.9883061615928,1470.9883061615928,503.83534299811913,Standard
15811.0,2011-06-09,0.12332012179432159,Predicted CLV Eligible,2562.37,1906.1843176674215,1906.1843176674215,235.0708822171722,Standard
15812.0,2011-06-09,0.18115107391906873,Predicted CLV Eligible,4454.55,2498.7460515101066,2498.7460515101066,452.65053068208846,Standard
15813.0,2011-06-09,0.3429222495281435,Predicted CLV Eligible,1303.91,2266.00672752792,2266.00672752792,777.0641244497812,Standard
15815.0,2011-06-09,0.28333506422078225,Predicted CLV Eligible,1394.08,3109.532070907973,3109.532070907973,881.0394690072925,Standard
15819.0,2011-06-09,0.30894623629430384,Predicted CLV Eligible,3206.48,1991.4781083234368,1991.4781083234368,615.2596662290257,Standard
15820.0,2011-06-09,0.5751953952031806,Not Eligible - One-Time Customer,206.98,,206.98,119.05394289915432,Standard
15822.0,2011-06-09,0.5346592689945245,Predicted CLV Eligible,1394.79,575.2790292962208,575.2790292962208,307.5782652713971,Standard
15826.0,2011-06-09,0.47887184738056165,Predicted CLV Eligible,1663.97,794.0628947559615,794.0628947559615,380.2543653481438,Standard
15827.0,2011-06-09,0.12023614964159471,Predicted CLV Eligible,2678.74,1492.5120604395204,1492.5120604395204,179.45390344089103,Standard
15831.0,2011-06-09,0.5101783357282695,Not Eligible - One-Time Customer,309.94,,309.94,158.12467337561986,Standard
15832.0,2011-06-09,0.476628688239982,Not Eligible - One-Time Customer,836.79,,836.79,398.83812003233453,Standard
15834.0,2011-06-09,0.3837944807502437,Predicted CLV Eligible,2812.01,2351.6547105376776,2351.6547105376776,902.5520985346726,Standard
15835.0,2011-06-09,0.37445616149859184,Predicted CLV Eligible,488.31,433.86024784196377,433.86024784196377,162.46164303372947,Standard
15838.0,2011-06-09,0.09705304689338208,Predicted CLV Eligible,47771.3,27434.053016851565,27434.053016851565,2662.558433920025,Priority
15841.0,2011-06-09,0.2774591040023936,Predicted CLV Eligible,2131.61,1128.621585580869,1128.621585580869,313.14633389302867,Standard
15843.0,2011-06-09,0.606390078013229,Not Eligible - One-Time Customer,118.95000000000002,,118.95000000000002,72.1300997796736,Standard
15845.0,2011-06-09,0.15191634792904912,Predicted CLV Eligible,2251.67,1374.297349184499,1374.297349184499,208.77823425668225,Standard
15847.0,2011-06-09,0.5785746025218078,Predicted CLV Eligible,613.98,415.9808176226069,415.9808176226069,240.6759362126964,Standard
15852.0,2011-06-09,0.48694312141466894,Predicted CLV Eligible,257.26,183.21703296200036,183.21703296200036,89.21627392685075,Standard
15854.0,2011-06-09,0.09674824300414987,Predicted CLV Eligible,4193.55,2100.288942840409,2100.288942840409,203.19926502085295,Standard
15855.0,2011-06-09,0.3418201805119615,Predicted CLV Eligible,682.99,401.17863757262177,401.17863757262177,137.13095431261635,Standard
15856.0,2011-06-09,0.0629382810592471,Predicted CLV Eligible,22948.51,12397.95405017146,12397.95405017146,780.3059165693223,Standard
15858.0,2011-06-09,0.524278225782177,Predicted CLV Eligible,2941.06,1586.5930415631522,1586.5930415631522,831.8161848690772,Standard
15860.0,2011-06-09,0.4430786151589611,Predicted CLV Eligible,1816.4,944.928705174436,944.928705174436,418.67770211263934,Standard
15861.0,2011-06-09,0.4171977254971913,Predicted CLV Eligible,1938.52,1054.2996962208745,1054.2996962208745,439.8514352557286,Standard
15862.0,2011-06-09,0.5821723470858924,Predicted CLV Eligible,2170.42,987.8420418476734,987.8420418476734,575.0943200525803,Standard
15863.0,2011-06-09,0.7277177690880392,Predicted CLV Eligible,295.46,113.08560178147448,113.08560178147448,82.294401844393,Standard
15864.0,2011-06-09,0.515734507635422,Predicted CLV Eligible,486.86,410.6430929750971,410.6430929750971,211.7828133693985,Standard
15865.0,2011-06-09,0.5319194423012836,Predicted CLV Eligible,1660.22,709.6512384218346,709.6512384218346,377.4772909697575,Standard
15867.0,2011-06-09,0.0792710908991581,Predicted CLV Eligible,6865.71,3612.3100208129154,3612.3100208129154,286.3517560158003,Standard
15869.0,2011-06-09,0.5171135306672197,Predicted CLV Eligible,321.11,151.461669644341,151.461669644341,78.32287875053721,Standard
15874.0,2011-06-09,0.18664359760821161,Predicted CLV Eligible,9041.68,5154.218731521423,5154.218731521423,962.0019269107914,Standard
15881.0,2011-06-09,0.2394988038106968,Predicted CLV Eligible,501.39,650.4365263151784,650.4365263151784,155.77877000727003,Standard
15882.0,2011-06-09,0.5059586141790936,Predicted CLV Eligible,1124.66,591.2915848847224,591.2915848847224,299.16907086403404,Standard
15885.0,2011-06-09,0.7202934397456084,Predicted CLV Eligible,1587.47,888.7516496003543,888.7516496003543,640.161982770223,Standard
15891.0,2011-06-09,0.5031663233875745,Not Eligible - One-Time Customer,511.68,,511.68,257.4601443509541,Standard
15894.0,2011-06-09,0.6050104867519085,Predicted CLV Eligible,258.25,223.502183723616,223.502183723616,135.22116496473942,Standard
15897.0,2011-06-09,0.4824041167097001,Not Eligible - One-Time Customer,208.59,,208.59,100.62467470447635,Standard
15898.0,2011-06-09,0.36011965023097525,Predicted CLV Eligible,4610.56,2420.9539510253617,2420.9539510253617,871.8330900685509,Standard
15903.0,2011-06-09,0.31748801386934217,Predicted CLV Eligible,4454.72,2859.769354788409,2859.769354788409,907.9424925761822,Standard
15906.0,2011-06-09,0.3129502678417326,Predicted CLV Eligible,1645.66,1820.8794549648555,1820.8794549648555,569.8447131387595,Standard
15907.0,2011-06-09,0.5528690279266064,Not Eligible - One-Time Customer,223.07,,223.07,123.3284940595881,Standard
15910.0,2011-06-09,0.21002160073553983,Predicted CLV Eligible,1982.9,1199.9709642197106,1199.9709642197106,252.0198227415928,Standard
15912.0,2011-06-09,0.584754475785126,Predicted CLV Eligible,951.57,333.6793822685869,333.6793822685869,195.12051225877218,Standard
15916.0,2011-06-09,0.18923818151174251,Predicted CLV Eligible,2489.33,1262.2458709970113,1262.2458709970113,238.86511324817994,Standard
15917.0,2011-06-09,0.5955165461128835,Predicted CLV Eligible,530.1700000000001,281.64708687392084,281.64708687392084,167.72550039791258,Standard
15918.0,2011-06-09,0.37621228518890276,Predicted CLV Eligible,582.88,291.03675156057903,291.03675156057903,109.4916013785604,Standard
15925.0,2011-06-09,0.5548482984994474,Not Eligible - One-Time Customer,207.15,,207.15,114.93682503416053,Standard
15932.0,2011-06-09,0.18086949985814754,Predicted CLV Eligible,1273.25,2346.740538853552,2346.740538853552,424.45378755928164,Standard
15935.0,2011-06-09,0.4442565099899415,Predicted CLV Eligible,416.86,439.7180471692829,439.7180471692829,195.34760501501808,Standard
15938.0,2011-06-09,0.21505574970867464,Predicted CLV Eligible,665.53,477.4838473207994,477.4838473207994,102.68564675935684,Standard
15939.0,2011-06-09,0.07230856523421984,Predicted CLV Eligible,7577.73,6712.420281085504,6712.420281085504,485.36547977437147,Standard
15940.0,2011-06-09,0.6352485830029658,Not Eligible - One-Time Customer,35.8,,35.8,22.741899271506174,Standard
15944.0,2011-06-09,0.5401091288249438,Predicted CLV Eligible,2164.24,1043.4055797059618,1043.4055797059618,563.5528786660725,Standard
15950.0,2011-06-09,0.5363148659621679,Predicted CLV Eligible,5805.02,3350.4435304148165,3350.4435304148165,1796.892672928235,Priority
15951.0,2011-06-09,0.5325660768053612,Predicted CLV Eligible,680.1199999999999,668.6746454796311,668.6746454796311,356.11343260230285,Standard
15952.0,2011-06-09,0.5527021207337623,Not Eligible - One-Time Customer,232.65,,232.65,128.5861483887098,Standard
15953.0,2011-06-09,0.19173187399865682,Predicted CLV Eligible,2607.1,1294.063071792387,1294.063071792387,248.11313782721274,Standard
15955.0,2011-06-09,0.3212768741010974,Predicted CLV Eligible,5115.34,3191.5194299549034,3191.5194299549034,1025.3613860888277,Standard
15967.0,2011-06-09,0.5900876832377575,Predicted CLV Eligible,2730.22,1479.935806090053,1479.935806090053,873.2918911562824,Standard
15969.0,2011-06-09,0.5283432225994575,Predicted CLV Eligible,769.65,727.3989845582087,727.3989845582087,384.31632361705704,Standard
15970.0,2011-06-09,0.5466808509588261,Predicted CLV Eligible,1017.32,319.1500158234152,319.1500158234152,174.47320223386743,Standard
15971.0,2011-06-09,0.2526182958532109,Predicted CLV Eligible,2789.13,1543.212426823782,1543.212426823782,389.8436934037217,Standard
15974.0,2011-06-09,0.1357977932529842,Predicted CLV Eligible,2054.85,3195.9440887224287,3195.9440887224287,434.0021546084253,Standard
15976.0,2011-06-09,0.5582499183534096,Predicted CLV Eligible,1476.76,1156.4751972164752,1156.4751972164752,645.6021844238406,Standard
15980.0,2011-06-09,0.4827112211717071,Predicted CLV Eligible,4905.0,2734.048435305828,2734.048435305828,1319.7558589490714,Standard
15981.0,2011-06-09,0.173595758249063,Predicted CLV Eligible,7576.49,5087.9945593128095,5087.9945593128095,883.2542734910144,Standard
15983.0,2011-06-09,0.5538640873794201,Predicted CLV Eligible,2783.62,1474.6140113472295,1474.6140113472295,816.7357436317391,Standard
15984.0,2011-06-09,0.2279400272428545,Predicted CLV Eligible,6387.72,3437.2836974914158,3437.2836974914158,783.494539647613,Standard
15985.0,2011-06-09,0.46909090308440043,Predicted CLV Eligible,2472.44,1748.093550649367,1748.093550649367,820.0147823501277,Standard
15987.0,2011-06-09,0.40032890104112606,Predicted CLV Eligible,619.3,828.0454581927594,828.0454581927594,331.49052829040306,Standard
15990.0,2011-06-09,0.5286157058086982,Predicted CLV Eligible,1607.01,1009.2381407955596,1009.2381407955596,533.4991321257031,Standard
15996.0,2011-06-09,0.4379205263384322,Predicted CLV Eligible,980.99,918.8224972045116,918.8224972045116,402.37123158739234,Standard
15998.0,2011-06-09,0.2781277001355718,Predicted CLV Eligible,6969.34,3611.169783587302,3611.169783587302,1004.3663467082068,Standard
16003.0,2011-06-09,0.4724434599074151,Predicted CLV Eligible,4059.46,2262.447164086396,2262.447164086396,1068.8783660586962,Standard
16005.0,2011-06-09,0.5851676448100795,Predicted CLV Eligible,1941.7,1890.865213882352,1890.865213882352,1106.4731438608433,Standard
16006.0,2011-06-09,0.6014898551462634,Predicted CLV Eligible,332.82,206.47173573362775,206.47173573362775,124.19065441821733,Standard
16007.0,2011-06-09,0.5229018588083646,Predicted CLV Eligible,1723.22,1308.940756743167,1308.940756743167,684.4475547710294,Standard
16008.0,2011-06-09,0.581140974381412,Predicted CLV Eligible,4999.5,3302.768389827752,3302.768389827752,1919.374040220627,Priority
16010.0,2011-06-09,0.2434653908676157,Predicted CLV Eligible,1694.86,1965.6109483927075,1965.6109483927075,478.55823784409534,Standard
16011.0,2011-06-09,0.08725308883224511,Predicted CLV Eligible,3466.71,1871.835768460927,1871.835768460927,163.32345258489505,Standard
16013.0,2011-06-09,0.029085493445631556,Predicted CLV Eligible,31749.16,17310.902929208172,17310.902929208172,503.4961536854484,Standard
16014.0,2011-06-09,0.5580500501626877,Predicted CLV Eligible,707.0799999999999,360.0836264140575,360.0836264140575,200.94468578312728,Standard
16016.0,2011-06-09,0.37688664519224285,Predicted CLV Eligible,1408.96,1551.414340385783,1551.414340385783,584.7073460511341,Standard
16019.0,2011-06-09,0.1468484384209416,Predicted CLV Eligible,16032.42,8776.355866190528,8776.355866190528,1288.7941539765495,Standard
16022.0,2011-06-09,0.4984412878211482,Not Eligible - One-Time Customer,602.63,,602.63,300.37567327965854,Standard
16023.0,2011-06-09,0.35882172374498544,Predicted CLV Eligible,500.69000000000005,1150.6086484633383,1150.6086484633383,412.8633785975031,Standard
16027.0,2011-06-09,0.25559071586182114,Predicted CLV Eligible,1630.41,941.2335247179468,941.2335247179468,240.57055037580514,Standard
16029.0,2011-06-09,0.01795146014726003,Predicted CLV Eligible,73301.04000000001,39542.07798512244,39542.07798512244,709.8380370897737,Standard
16030.0,2011-06-09,0.5443361611222214,Not Eligible - One-Time Customer,331.24,,331.24,180.30591001012462,Standard
16031.0,2011-06-09,0.5391970926564452,Not Eligible - One-Time Customer,305.63,,305.63,164.79480742858934,Standard
16033.0,2011-06-09,0.03854467860485076,Predicted CLV Eligible,5095.36,4656.225189091728,4656.225189091728,179.47270342535109,Standard
16034.0,2011-06-09,0.20655370681660315,Predicted CLV Eligible,911.32,945.2111229179778,945.2111229179778,195.23686116299223,Standard
16036.0,2011-06-09,0.571894019610548,Predicted CLV Eligible,1986.65,981.0997455144472,981.0997455144472,561.0850771011429,Standard
16037.0,2011-06-09,0.2509446659499236,Predicted CLV Eligible,1509.34,849.4219723745709,849.4219723745709,213.15791310806193,Standard
16038.0,2011-06-09,0.5293331190544239,Not Eligible - One-Time Customer,316.95,,316.95,167.77213208429967,Standard
16040.0,2011-06-09,0.5222860457631298,Predicted CLV Eligible,1525.78,913.6029589549952,913.6029589549952,477.16207683009935,Standard
16042.0,2011-06-09,0.6980953160932868,Predicted CLV Eligible,1092.8,567.29525064477,567.29525064477,396.0261573170811,Standard
16043.0,2011-06-09,0.22974246172537532,Predicted CLV Eligible,1759.09,1289.5359664966431,1289.5359664966431,296.2611674263499,Standard
16045.0,2011-06-09,0.36142033996951584,Predicted CLV Eligible,2955.48,2041.489571896377,2041.489571896377,737.8358551190099,Standard
16055.0,2011-06-09,0.5856780347333737,Not Eligible - One-Time Customer,134.8,,134.8,78.94939908205878,Standard
16057.0,2011-06-09,0.2065062897194001,Predicted CLV Eligible,2651.27,1477.1139025581097,1477.1139025581097,305.0333115102187,Standard
16059.0,2011-06-09,0.3670413025958227,Predicted CLV Eligible,2241.41,1658.6596091747992,1658.6596091747992,608.7965835145965,Standard
16062.0,2011-06-09,0.5332552214105076,Predicted CLV Eligible,2288.01,1630.2718940277562,1630.2718940277562,869.3509998090988,Standard
16063.0,2011-06-09,0.5355002145951303,Not Eligible - One-Time Customer,335.32,,335.32,179.5639319580391,Standard
16072.0,2011-06-09,0.5050444799958759,Predicted CLV Eligible,4180.09,2419.516485095988,2419.516485095988,1221.9634450567528,Standard
16073.0,2011-06-09,0.5678973651872206,Not Eligible - One-Time Customer,122.4,,122.4,69.5106374989158,Standard
16076.0,2011-06-09,0.5328136890254599,Not Eligible - One-Time Customer,305.45000000000005,,305.45000000000005,162.74794131282675,Standard
16078.0,2011-06-09,0.6274242678940005,Predicted CLV Eligible,362.99,78.6473485083775,78.6473485083775,49.34525505967307,Standard
16080.0,2011-06-09,0.5662617563309932,Predicted CLV Eligible,515.6600000000001,284.2108104410066,284.2108104410066,160.93771268857935,Standard
16081.0,2011-06-09,0.3286223038020216,Predicted CLV Eligible,2471.91,1625.618446047853,1625.618446047853,534.2144788433078,Standard
16083.0,2011-06-09,0.5513735452086851,Predicted CLV Eligible,1371.78,868.2442872992125,868.2442872992125,478.7269307953549,Standard
16084.0,2011-06-09,0.5253460858711948,Not Eligible - One-Time Customer,436.18,,436.18,229.14545573529776,Standard
16085.0,2011-06-09,0.38224549254696205,Predicted CLV Eligible,1684.56,920.8914924288052,920.8914924288052,352.00662210575564,Standard
16086.0,2011-06-09,0.32144630209404873,Predicted CLV Eligible,2153.4,1118.252825323959,1118.252825323959,359.45823550660884,Standard
16091.0,2011-06-09,0.5726537956693758,Not Eligible - One-Time Customer,157.25,,157.25,90.04980936900934,Standard
16092.0,2011-06-09,0.32747508459224184,Predicted CLV Eligible,1363.81,789.9665627911493,789.9665627911493,258.6943669750741,Standard
16094.0,2011-06-09,0.44977040946041064,Predicted CLV Eligible,2869.43,1941.5092613969884,1941.5092613969884,873.2334154697029,Standard
16096.0,2011-06-09,0.5389881791953466,Predicted CLV Eligible,1584.97,774.8820150206009,774.8820150206009,417.6522463671749,Standard
16097.0,2011-06-09,0.5693851060751388,Not Eligible - One-Time Customer,185.05,,185.05,105.36471387920444,Standard
16098.0,2011-06-09,0.21024511422451053,Predicted CLV Eligible,3227.29,1835.7896548262515,1835.7896548262515,385.96580567112,Standard
16099.0,2011-06-09,0.5330523579740565,Predicted CLV Eligible,1159.6,759.2747493717686,759.2747493717686,404.733195502782,Standard
16103.0,2011-06-09,0.3091797032832309,Predicted CLV Eligible,5567.33,3266.3572103149045,3266.3572103149045,1009.891353102204,Standard
16105.0,2011-06-09,0.5332469658574326,Predicted CLV Eligible,2386.19,1434.989466233205,1434.989466233205,765.2037789062332,Standard
16109.0,2011-06-09,0.33738104281222786,Predicted CLV Eligible,939.48,462.2129028770486,462.2129028770486,155.94187117392565,Standard
16110.0,2011-06-09,0.37442593020320813,Predicted CLV Eligible,1138.82,732.4895447356457,732.4895447356457,274.2630791517686,Standard
16112.0,2011-06-09,0.5273119154616495,Predicted CLV Eligible,136.14,116.67891976120698,116.67891976120698,61.52618467327816,Standard
16115.0,2011-06-09,0.28276734274906107,Predicted CLV Eligible,1399.22,1001.699189757814,1001.699189757814,283.24781812170454,Standard
16116.0,2011-06-09,0.4379803412259518,Not Eligible - One-Time Customer,612.78,,612.78,268.38559349643873,Standard
16117.0,2011-06-09,0.5469118275991306,Predicted CLV Eligible,654.4,486.6743827245195,486.6743827245195,266.1679761015457,Standard
16121.0,2011-06-09,0.5381297717531612,Predicted CLV Eligible,881.3199999999999,716.2776989612533,716.2776989612533,385.4503546538988,Standard
16122.0,2011-06-09,0.5993449049052915,Predicted CLV Eligible,461.04,437.782023999132,437.782023999132,262.3824255430058,Standard
16124.0,2011-06-09,0.5282656330006368,Predicted CLV Eligible,1772.49,855.5428582194255,855.5428582194255,451.9538895564589,Standard
16126.0,2011-06-09,0.2565213854014089,Predicted CLV Eligible,10200.83,5798.942712574827,5798.942712574827,1487.5528184930988,Priority
16128.0,2011-06-09,0.5299007761116419,Predicted CLV Eligible,2309.13,1904.723445315358,1904.723445315358,1009.3144319506487,Standard
16131.0,2011-06-09,0.32869798971352193,Predicted CLV Eligible,8115.400000000001,4160.0450340292045,4160.0450340292045,1367.3984398031196,Priority
16133.0,2011-06-09,0.04381855137580305,Predicted CLV Eligible,15194.59,10144.96914677724,10144.96914677724,444.5378517639954,Standard
16134.0,2011-06-09,0.5125273637656004,Predicted CLV Eligible,1810.78,836.3499309244536,836.3499309244536,428.6522252822522,Standard
16135.0,2011-06-09,0.5084234440587392,Predicted CLV Eligible,819.4499999999999,545.184806728676,545.184806728676,277.1847370854915,Standard
16136.0,2011-06-09,0.5845908410257575,Predicted CLV Eligible,396.72,149.86948478174628,149.86948478174628,87.61232815265802,Standard
16139.0,2011-06-09,0.5811822697188556,Predicted CLV Eligible,615.54,189.00840708731064,189.00840708731064,109.84833502694863,Standard
16142.0,2011-06-09,0.5041379046474113,Not Eligible - One-Time Customer,535.34,,535.34,269.88518587394515,Standard
16143.0,2011-06-09,0.14362398255096429,Predicted CLV Eligible,3704.31,2024.8336307322445,2024.8336307322445,290.81467004889356,Standard
16144.0,2011-06-09,0.5737621029678247,Not Eligible - One-Time Customer,175.2,,175.2,100.52312043996288,Standard
16145.0,2011-06-09,0.10325793988111358,Predicted CLV Eligible,4322.2300000000005,2684.037535940194,2684.037535940194,277.1481865247648,Standard
16146.0,2011-06-09,0.38531143633951653,Predicted CLV Eligible,871.38,883.8659429719008,883.8659429719008,340.5636560180843,Standard
16148.0,2011-06-09,0.6315318014748896,Predicted CLV Eligible,386.62,126.91672677205077,126.91672677205077,80.15194909564957,Standard
16150.0,2011-06-09,0.4075308526706,Predicted CLV Eligible,2913.63,1580.5380117501936,1580.5380117501936,644.1180036068513,Standard
16152.0,2011-06-09,0.42984951130490634,Not Eligible - One-Time Customer,1829.04,,1829.04,786.2119501571259,Standard
16153.0,2011-06-09,0.15128919524229184,Predicted CLV Eligible,4009.36,2171.0118214631216,2171.0118214631216,328.4506313306578,Standard
16156.0,2011-06-09,0.1896196004252497,Predicted CLV Eligible,4126.71,2223.686666878556,2223.686666878556,421.65457724446713,Standard
16159.0,2011-06-09,0.5366012651613836,Predicted CLV Eligible,1232.79,599.0251779080135,599.0251779080135,321.43766832896296,Standard
16161.0,2011-06-09,0.05161939255572332,Predicted CLV Eligible,9307.45,5756.142452469163,5756.142452469163,297.1285768606697,Standard
16162.0,2011-06-09,0.6653916839141203,Not Eligible - One-Time Customer,37.4,,37.4,24.885648978388097,Standard
16163.0,2011-06-09,0.5369871484084421,Predicted CLV Eligible,2407.98,990.565202554553,990.565202554553,531.9207834324003,Standard
16168.0,2011-06-09,0.1117626099128656,Predicted CLV Eligible,7968.38,4374.252111781319,4374.252111781319,488.8778324295442,Standard
16170.0,2011-06-09,0.4072379512509162,Predicted CLV Eligible,5609.53,3465.2351213133447,3465.2351213133447,1411.1752514063667,Priority
16172.0,2011-06-09,0.5649354160167822,Predicted CLV Eligible,943.72,963.2336369645022,963.2336369645022,544.1647954198993,Standard
16175.0,2011-06-09,0.399742125481197,Predicted CLV Eligible,1265.83,863.7963990089027,863.7963990089027,345.2958085228229,Standard
16180.0,2011-06-09,0.24990760384328842,Predicted CLV Eligible,8741.119999999999,6064.109342832247,6064.109342832247,1515.4670353109054,Priority
16182.0,2011-06-09,0.2594889551999322,Predicted CLV Eligible,5871.0,3852.188669723799,3852.188669723799,999.6004131396454,Standard
16184.0,2011-06-09,0.5783789804093822,Not Eligible - One-Time Customer,148.22,,148.22,85.72733247627863,Standard
16185.0,2011-06-09,0.5309612111145665,Predicted CLV Eligible,450.31,376.726838215388,376.726838215388,200.02733827820376,Standard
16186.0,2011-06-09,0.2774002197990444,Predicted CLV Eligible,6058.84,3284.34469506458,3284.34469506458,911.0779403067398,Standard
16187.0,2011-06-09,0.15663863820892981,Predicted CLV Eligible,2564.6400000000003,4778.172615469899,4778.172615469899,748.4464516144054,Standard
16188.0,2011-06-09,0.4100255457588548,Predicted CLV Eligible,671.57,864.6985630415588,864.6985630415588,354.5485002280127,Standard
16191.0,2011-06-09,0.060340430198642346,Predicted CLV Eligible,13112.98,7466.045888259516,7466.045888259516,450.504420780384,Standard
16193.0,2011-06-09,0.5356124443622743,Predicted CLV Eligible,630.4300000000001,539.18184392454,539.18184392454,288.7925053801811,Standard
16202.0,2011-06-09,0.546532654987055,Predicted CLV Eligible,2501.99,1290.73425843619,1290.73425843619,705.4284211458786,Standard
16203.0,2011-06-09,0.52992481644554,Predicted CLV Eligible,669.24,417.2107707337443,417.2107707337443,221.09034110018175,Standard
16206.0,2011-06-09,0.3533444575582281,Predicted CLV Eligible,2341.56,1289.9120800582668,1289.9120800582668,455.78328422599395,Standard
16208.0,2011-06-09,0.5153860338712984,Predicted CLV Eligible,3273.78,1996.8340585385577,1996.8340585385577,1029.1403857293153,Standard
16209.0,2011-06-09,0.36310579506398577,Predicted CLV Eligible,2452.2200000000003,1519.1169519226987,1519.1169519226987,551.6001686230702,Standard
16210.0,2011-06-09,0.06678937747197686,Predicted CLV Eligible,23257.88,12817.07798308054,12817.07798308054,856.0446594997301,Standard
16212.0,2011-06-09,0.461862841239312,Predicted CLV Eligible,1101.52,659.3394888398389,659.3394888398389,304.5244096568436,Standard
16214.0,2011-06-09,0.3962767260219663,Predicted CLV Eligible,1725.17,1034.3639675005434,1034.3639675005434,409.8943665562069,Standard
16216.0,2011-06-09,0.47314450926552915,Not Eligible - One-Time Customer,914.93,,914.93,432.89410586231054,Standard
16217.0,2011-06-09,0.350737114579427,Predicted CLV Eligible,304.25,385.8624869157766,385.8624869157766,135.3362952852814,Standard
16218.0,2011-06-09,0.2576513633155525,Predicted CLV Eligible,2612.75,2078.796800892074,2078.796800892074,535.604829805852,Standard
16221.0,2011-06-09,0.5885030562862053,Predicted CLV Eligible,1474.43,1203.9563475729872,1203.9563475729872,708.5319901818798,Standard
16222.0,2011-06-09,0.49228770184773263,Predicted CLV Eligible,1272.0500000000002,614.3956923618077,614.3956923618077,302.45944341794086,Standard
16224.0,2011-06-09,0.42133510911341887,Predicted CLV Eligible,864.45,893.4174131617558,893.4174131617558,376.4281232583368,Standard
16225.0,2011-06-09,0.45259533344171354,Predicted CLV Eligible,2179.6000000000004,1307.7673948461145,1307.7673948461145,591.8894201345782,Standard
16226.0,2011-06-09,0.40519341978089807,Predicted CLV Eligible,672.1700000000001,472.9100489338138,472.9100489338138,191.62003997624387,Standard
16227.0,2011-06-09,0.48134917630482965,Predicted CLV Eligible,1027.22,743.6569937882243,743.6569937882243,357.9586814132876,Standard
16229.0,2011-06-09,0.5234372181235631,Predicted CLV Eligible,2215.46,1575.2297403781845,1575.2297403781845,824.5338732090595,Standard
16230.0,2011-06-09,0.39298452291943287,Predicted CLV Eligible,542.03,1432.3028876114895,1432.3028876114895,562.8728669641273,Standard
16232.0,2011-06-09,0.45043745554275916,Predicted CLV Eligible,2088.56,1327.921334464041,1327.921334464041,598.1455070569278,Standard
16233.0,2011-06-09,0.526092266880499,Predicted CLV Eligible,1608.13,773.3180211539832,773.3180211539832,406.8366307684407,Standard
16235.0,2011-06-09,0.15702605518573387,Predicted CLV Eligible,1851.69,1271.410790194822,1271.410790194822,199.64462090486964,Standard
16239.0,2011-06-09,0.5214765866915407,Predicted CLV Eligible,1425.9,1334.4009880594174,1334.4009880594174,695.8588725310444,Standard
16241.0,2011-06-09,0.21092006335705635,Predicted CLV Eligible,2231.11,2407.912234040402,2407.912234040402,507.87700096203264,Standard
16242.0,2011-06-09,0.3481690427812537,Predicted CLV Eligible,4217.6900000000005,2653.44596915539,2653.44596915539,923.8477431526081,Standard
16244.0,2011-06-09,0.5066027345225272,Predicted CLV Eligible,1522.75,924.5906265190372,924.5906265190372,468.4001397084409,Standard
16245.0,2011-06-09,0.46332694943078145,Not Eligible - One-Time Customer,453.98,,453.98,210.34116850258619,Standard
16249.0,2011-06-09,0.3507715583693248,Predicted CLV Eligible,1020.53,914.1641485564214,914.1641485564214,320.6627829945029,Standard
16250.0,2011-06-09,0.580475345041194,Predicted CLV Eligible,565.24,642.5573707494734,642.5573707494734,372.988711494563,Standard
16253.0,2011-06-09,0.43222034494773054,Predicted CLV Eligible,5288.74,3026.5895770372244,3026.5895770372244,1308.153591002235,Standard
16255.0,2011-06-09,0.25213306898291543,Predicted CLV Eligible,2971.76,1705.0378913101206,1705.0378913101206,429.8964362681793,Standard
16256.0,2011-06-09,0.43375955984533476,Predicted CLV Eligible,1629.37,957.8477518062704,957.8477518062704,415.4756192223313,Standard
16258.0,2011-06-09,0.4575546118357877,Predicted CLV Eligible,7771.47,4928.277447153446,4928.277447153446,2254.9560743513616,Priority
16261.0,2011-06-09,0.5509753997245144,Predicted CLV Eligible,565.14,565.9424459792102,565.9424459792102,311.8203653944647,Standard
16265.0,2011-06-09,0.21971812868596588,Predicted CLV Eligible,4363.31,5356.9229105624245,5356.9229105624245,1177.0130774237537,Standard
16266.0,2011-06-09,0.4322315329771344,Predicted CLV Eligible,1267.9,748.9025366954983,748.9025366954983,323.69929148635987,Standard
16270.0,2011-06-09,0.4735775315377248,Not Eligible - One-Time Customer,1141.24,,1141.24,540.4656220921131,Standard
16271.0,2011-06-09,0.6080425773694509,Predicted CLV Eligible,2126.4,1026.349471026351,1026.349471026351,624.064177644635,Standard
16275.0,2011-06-09,0.4924791256136742,Predicted CLV Eligible,2151.11,1209.643265615569,1209.643265615569,595.7240577548248,Standard
16282.0,2011-06-09,0.591028604847973,Predicted CLV Eligible,1307.58,740.5398933990045,740.5398933990045,437.68026002988034,Standard
16283.0,2011-06-09,0.5387770865742258,Predicted CLV Eligible,3057.32,1678.7970545137885,1678.7970545137885,904.4973859803307,Standard
16293.0,2011-06-09,0.2907164835655813,Predicted CLV Eligible,3159.95,1736.9978079284756,1736.9978079284756,504.9738946820894,Standard
16297.0,2011-06-09,0.39012427920006526,Not Eligible - One-Time Customer,301.9,,301.9,117.7785198904997,Standard
16298.0,2011-06-09,0.5902533877879641,Predicted CLV Eligible,601.8,520.9046274248324,520.9046274248324,307.46572105193457,Standard
16303.0,2011-06-09,0.4905486056244854,Predicted CLV Eligible,3394.82,2066.003981554688,2066.003981554688,1013.4753723662872,Standard
16306.0,2011-06-09,0.11243436401494741,Predicted CLV Eligible,1124.72,767.7194105825846,767.7194105825846,86.31804367078318,Standard
16308.0,2011-06-09,0.3515357797547364,Predicted CLV Eligible,3520.0,1642.0593221450242,1642.0593221450242,577.242604213785,Standard
16309.0,2011-06-09,0.5324345318947916,Not Eligible - One-Time Customer,334.2,,334.2,177.93962055923936,Standard
16315.0,2011-06-09,0.5714296406652373,Predicted CLV Eligible,402.71,260.16099096533014,260.16099096533014,148.66370158243063,Standard
16316.0,2011-06-09,0.08033786071913993,Predicted CLV Eligible,4635.11,3584.666780642565,3584.666780642565,287.9844605477901,Standard
16317.0,2011-06-09,0.5080271972521783,Predicted CLV Eligible,1421.62,967.4845483909728,967.4845483909728,491.50846350385535,Standard
16319.0,2011-06-09,0.5165859181692052,Not Eligible - One-Time Customer,404.4,,404.4,208.90734530762657,Standard
16320.0,2011-06-09,0.46863284109255243,Predicted CLV Eligible,5443.21,3187.112324812937,3187.112324812937,1493.5855036581765,Priority
16321.0,2011-06-09,0.44149404582598495,Predicted CLV Eligible,454.55,173.53870938786764,173.53870938786764,76.61630691506952,Standard
16323.0,2011-06-09,0.5550767384106212,Predicted CLV Eligible,353.66,234.1833554721061,234.1833554721061,129.98973314551176,Standard
16325.0,2011-06-09,0.535359268386324,Predicted CLV Eligible,3194.08,1780.7554012366993,1780.7554012366993,953.3439087810741,Standard
16326.0,2011-06-09,0.22210986633107072,Predicted CLV Eligible,2208.31,1247.6062079891635,1247.6062079891635,277.1056480902871,Standard
16327.0,2011-06-09,0.17358808179670004,Predicted CLV Eligible,8809.01,4767.579003735241,4767.579003735241,827.5948940726227,Standard
16332.0,2011-06-09,0.6050081647404696,Predicted CLV Eligible,539.51,360.34253020526296,360.34253020526296,218.01017287742337,Standard
16333.0,2011-06-09,0.06537707284232726,Predicted CLV Eligible,13087.2,24151.79621580025,24151.79621580025,1578.9737404734167,Priority
16339.0,2011-06-09,0.617432642163601,Not Eligible - One-Time Customer,94.05,,94.05,58.06953999548668,Standard
16341.0,2011-06-09,0.41808673268443153,Predicted CLV Eligible,2676.57,1581.3638605732936,1581.3638605732936,661.1472496523272,Standard
16348.0,2011-06-09,0.3262606599683014,Predicted CLV Eligible,887.8399999999999,797.9454386132625,797.9454386132625,260.3382054206587,Standard
16349.0,2011-06-09,0.6510265801584588,Not Eligible - One-Time Customer,53.5,,53.5,34.82992203847755,Standard
16350.0,2011-06-09,0.5402065976894193,Predicted CLV Eligible,1514.12,1366.5935782686277,1366.5935782686277,738.2428673407044,Standard
16351.0,2011-06-09,0.5953724058968838,Predicted CLV Eligible,3330.03,1719.4150886138707,1719.4150886138707,1023.6922980434438,Standard
16353.0,2011-06-09,0.09164642219319893,Predicted CLV Eligible,5275.03,2723.674393883473,2723.674393883473,249.61501341864997,Standard
16356.0,2011-06-09,0.2946294712093453,Predicted CLV Eligible,415.87,296.203455788482,296.203455788482,87.27026754934114,Standard
16357.0,2011-06-09,0.5831508528237259,Predicted CLV Eligible,347.39,279.0622522723954,279.0622522723954,162.73539040355715,Standard
16358.0,2011-06-09,0.502632062848247,Predicted CLV Eligible,1354.3000000000002,854.9689802802583,854.9689802802583,429.73482222952845,Standard
16359.0,2011-06-09,0.1192851924047567,Predicted CLV Eligible,1963.09,1187.8818558127805,1187.8818558127805,141.69671572474698,Standard
16365.0,2011-06-09,0.36057009861290124,Predicted CLV Eligible,2116.28,1149.6003757065057,1149.6003757065057,414.51152083392304,Standard
16367.0,2011-06-09,0.5950519719533629,Predicted CLV Eligible,716.9000000000001,232.7939250299878,232.7939250299878,138.52448414785758,Standard
16369.0,2011-06-09,0.521456494866238,Predicted CLV Eligible,1465.6,989.2803905778088,989.2803905778088,515.8666849106071,Standard
16370.0,2011-06-09,0.5428465981610499,Not Eligible - One-Time Customer,272.17,,272.17,147.74655862149294,Standard
16374.0,2011-06-09,0.5841610839974024,Predicted CLV Eligible,1410.87,825.1215602972864,825.1215602972864,482.0039050928908,Standard
16377.0,2011-06-09,0.4922889931253988,Predicted CLV Eligible,1308.48,659.8128386863243,659.8128386863243,324.8185980081018,Standard
16378.0,2011-06-09,0.3341635777380757,Predicted CLV Eligible,362.95,518.7988189103654,518.7988189103654,173.36366945337576,Standard
16383.0,2011-06-09,0.5418763215031691,Predicted CLV Eligible,2562.39,1434.6654495737507,1434.6654495737507,777.4112364027144,Standard
16384.0,2011-06-09,0.52348308825956,Predicted CLV Eligible,1183.55,794.8762975528947,794.8762975528947,416.10429902731425,Standard
16386.0,2011-06-09,0.6379134025064048,Predicted CLV Eligible,826.69,128.5117659375328,128.5117659375328,81.97937787131825,Standard
16387.0,2011-06-09,0.6230615906442432,Predicted CLV Eligible,882.4599999999999,553.319797608803,553.319797608803,344.7523132330915,Standard
16389.0,2011-06-09,0.3405644201680982,Predicted CLV Eligible,670.17,1700.9818423455454,1700.9818423455454,579.293894854874,Standard
16392.0,2011-06-09,0.563967823839483,Predicted CLV Eligible,756.6999999999999,556.8738753063674,556.8738753063674,314.0589476095916,Standard
16393.0,2011-06-09,0.08799862951844625,Predicted CLV Eligible,3226.35,1656.6422122513236,1656.6422122513236,145.78224428052343,Standard
16394.0,2011-06-09,0.3467580043393642,Predicted CLV Eligible,619.3,862.8677158111872,862.8677158111872,299.2062871435529,Standard
16395.0,2011-06-09,0.4487952920056014,Predicted CLV Eligible,2486.91,1311.589868676352,1311.589868676352,588.6353581041918,Standard
16398.0,2011-06-09,0.4037039295843116,Not Eligible - One-Time Customer,1169.95,,1169.95,472.3134124171654,Standard
16399.0,2011-06-09,0.5708352527632062,Predicted CLV Eligible,400.61,338.6419726458547,338.6419726458547,193.30877605152725,Standard
16401.0,2011-06-09,0.11478972374618221,Predicted CLV Eligible,4412.72,3548.0721119212226,3548.0721119212226,407.28221755897044,Standard
16402.0,2011-06-09,0.6184222892892672,Predicted CLV Eligible,293.45,185.0642077555649,185.0642077555649,114.447831025701,Standard
16403.0,2011-06-09,0.5373076127028809,Not Eligible - One-Time Customer,177.5,,177.5,95.37210125476135,Standard
16405.0,2011-06-09,0.5066346859565654,Predicted CLV Eligible,167.25,338.6139077627877,338.6139077627877,171.55355081992533,Standard
16407.0,2011-06-09,0.16456664078803873,Predicted CLV Eligible,1471.76,1423.2553197316463,1423.2553197316463,234.22034695194304,Standard
16409.0,2011-06-09,0.33828744605962785,Predicted CLV Eligible,4433.32,2353.6520874543453,2353.6520874543453,796.2109535778424,Standard
16414.0,2011-06-09,0.6524695302333763,Predicted CLV Eligible,475.7600000000001,248.567206957998,248.567206957998,162.18252875530737,Standard
16418.0,2011-06-09,0.5817449623024735,Predicted CLV Eligible,543.53,659.4736519602719,659.4736519602719,383.64547479910294,Standard
16419.0,2011-06-09,0.3663414329985895,Predicted CLV Eligible,1021.92,595.690489599787,595.690489599787,218.22610758361736,Standard
16422.0,2011-06-09,0.004672769225217076,Predicted CLV Eligible,46529.32,27547.801253334477,27547.801253334477,128.72451791897774,Standard
16424.0,2011-06-09,0.556316868128343,Predicted CLV Eligible,443.06,273.43937924955594,273.43937924955594,152.1189390870712,Standard
16425.0,2011-06-09,0.5488162817709161,Not Eligible - One-Time Customer,302.7,,302.7,166.1266884920563,Standard
16426.0,2011-06-09,0.5394444847171668,Not Eligible - One-Time Customer,328.37,,328.37,177.13738544657605,Standard
16427.0,2011-06-09,0.46439610079599064,Predicted CLV Eligible,241.06,376.7448443846641,376.7448443846641,174.95883672723028,Standard
16431.0,2011-06-09,0.26617903938031984,Predicted CLV Eligible,623.28,828.2297004536337,828.2297004536337,220.45738605299826,Standard
16434.0,2011-06-09,0.22353740458732632,Predicted CLV Eligible,1878.61,910.8367392486422,910.8367392486422,203.60608069442478,Standard
16440.0,2011-06-09,0.5409970853150559,Predicted CLV Eligible,488.76,370.1026158407888,370.1026158407888,200.22443643734456,Standard
16441.0,2011-06-09,0.5694795766874613,Predicted CLV Eligible,848.9300000000001,497.6052718969206,497.6052718969206,283.37603959730745,Standard
16442.0,2011-06-09,0.32129965523756554,Predicted CLV Eligible,715.11,377.3231094838571,377.3231094838571,121.23378499032948,Standard
16444.0,2011-06-09,0.37118986178125285,Predicted CLV Eligible,3211.29,2021.9215005966716,2021.9215005966716,750.5167623390219,Standard
16446.0,2011-06-09,0.7746476684087531,Not Eligible - One-Time Customer,2.9,,2.9,2.246478238385384,Standard
16448.0,2011-06-09,0.5632187488239503,Predicted CLV Eligible,361.12,271.36484575474253,271.36484575474253,152.83776890079034,Standard
16449.0,2011-06-09,0.2984169357162231,Predicted CLV Eligible,707.69,941.6558776824692,941.6558776824692,281.006061517173,Standard
16455.0,2011-06-09,0.1631350787174645,Predicted CLV Eligible,3288.17,1764.629428166487,1764.629428166487,287.87296067109423,Standard
16456.0,2011-06-09,0.3337877687970847,Predicted CLV Eligible,5419.18,3411.097580655479,3411.097580655479,1138.582650596126,Standard
16457.0,2011-06-09,0.5584347827393438,Not Eligible - One-Time Customer,208.36,,208.36,116.35547133156967,Standard
16458.0,2011-06-09,0.07920786590481603,Predicted CLV Eligible,3513.85,2722.760684787885,2722.760684787885,215.66406321158388,Standard
16462.0,2011-06-09,0.45608439012298063,Predicted CLV Eligible,68.0,141.00792916869324,141.00792916869324,64.3115153774079,Standard
16463.0,2011-06-09,0.4765835564921943,Not Eligible - One-Time Customer,319.37,,319.37,152.2064904369121,Standard
16466.0,2011-06-09,0.3784630552439478,Predicted CLV Eligible,2492.65,1407.7326897781772,1407.7326897781772,532.7748147402295,Standard
16469.0,2011-06-09,0.4751981673809686,Predicted CLV Eligible,446.78,340.3857183132129,340.3857183132129,161.7506695450934,Standard
16470.0,2011-06-09,0.2675458976566284,Predicted CLV Eligible,2009.74,1105.0129001453702,1105.0129001453702,295.6416682915473,Standard
16471.0,2011-06-09,0.5630909895031514,Predicted CLV Eligible,1189.98,657.7727731191608,657.7727731191608,370.38592168390016,Standard
16473.0,2011-06-09,0.4067927627863487,Predicted CLV Eligible,372.53,377.0210231935179,377.0210231935179,153.3694236534272,Standard
16475.0,2011-06-09,0.5426104095708314,Not Eligible - One-Time Customer,310.0,,310.0,168.20922696695774,Standard
16477.0,2011-06-09,0.138252716537394,Predicted CLV Eligible,3152.42,2662.1911873689223,2662.1911873689223,368.05516359566394,Standard
16483.0,2011-06-09,0.5790925244545372,Not Eligible - One-Time Customer,139.35,,139.35,80.69654328273975,Standard
16484.0,2011-06-09,0.48663501398819486,Not Eligible - One-Time Customer,285.7,,285.7,139.03162349642727,Standard
16493.0,2011-06-09,0.41956454121689973,Predicted CLV Eligible,1148.26,529.0857415866178,529.0857415866178,221.98561643319246,Standard
16494.0,2011-06-09,0.48442876029073256,Not Eligible - One-Time Customer,826.53,,826.53,400.3949032430992,Standard
16495.0,2011-06-09,0.4855238138422459,Not Eligible - One-Time Customer,246.51,,246.51,119.68647535025204,Standard
16496.0,2011-06-09,0.2527279957653757,Predicted CLV Eligible,1916.29,1526.4638753201082,1526.4638753201082,385.78015581789924,Standard
16497.0,2011-06-09,0.13010374168377142,Predicted CLV Eligible,5280.29,2864.680386989414,2864.680386989414,372.70563707543704,Standard
16499.0,2011-06-09,0.5106832061209905,Predicted CLV Eligible,2578.34,1731.750862393148,1731.750862393148,884.3760826097231,Standard
16500.0,2011-06-09,0.5908297744651257,Predicted CLV Eligible,608.05,436.5710754540438,436.5710754540438,257.9391900485101,Standard
16503.0,2011-06-09,0.14325888301750955,Predicted CLV Eligible,3275.8,2645.7881424416933,2645.7881424416933,379.03265398716843,Standard
16509.0,2011-06-09,0.5363480435435789,Not Eligible - One-Time Customer,363.7,,363.7,195.06978343679964,Standard
16511.0,2011-06-09,0.5374520216308195,Predicted CLV Eligible,1172.51,667.7752903901894,667.7752903901894,358.89717981531487,Standard
16515.0,2011-06-09,0.36293529347215303,Predicted CLV Eligible,2174.26,1337.2459324163428,1337.2459324163428,485.3337449259683,Standard
16517.0,2011-06-09,0.5832709530506432,Not Eligible - One-Time Customer,162.7,,162.7,94.89818406133965,Standard
16518.0,2011-06-09,0.5226582745018575,Predicted CLV Eligible,665.75,509.2055129056589,509.2055129056589,266.140474742105,Standard
16520.0,2011-06-09,0.3185112578234546,Predicted CLV Eligible,2148.38,1349.6585265043102,1349.6585265043102,429.88143490903815,Standard
16523.0,2011-06-09,0.10060482376919352,Predicted CLV Eligible,5333.46,3132.050639569562,3132.050639569562,315.09940263008565,Standard
16525.0,2011-06-09,0.03875936548372524,Predicted CLV Eligible,19310.96,10578.136924374368,10578.136924374368,410.00187518871536,Standard
16529.0,2011-06-09,0.5045646651973106,Predicted CLV Eligible,1986.8,1600.750100083141,1600.750100083141,807.6819383130114,Standard
16531.0,2011-06-09,0.3201541664749647,Predicted CLV Eligible,1538.57,1283.1038025377024,1283.1038025377024,410.7910284023158,Standard
16532.0,2011-06-09,0.4387612004354211,Predicted CLV Eligible,3918.24,2579.057161228752,2579.057161228752,1131.5902160522967,Standard
16539.0,2011-06-09,0.2967822419817866,Predicted CLV Eligible,2954.46,2466.2898983984405,2466.2898983984405,731.9510454237219,Standard
16546.0,2011-06-09,0.5168306671330987,Predicted CLV Eligible,5307.07,3640.3337848687406,3640.3337848687406,1881.4361386208693,Priority
16549.0,2011-06-09,0.6108809547389844,Predicted CLV Eligible,8866.39,1096.841850342539,1096.841850342539,670.0397967349244,Standard
16550.0,2011-06-09,0.31002397273235904,Predicted CLV Eligible,7940.94,4246.503155573046,4246.503155573046,1316.5177785112546,Standard
16551.0,2011-06-09,0.5526702688977748,Predicted CLV Eligible,1626.07,843.9474006293083,843.9474006293083,466.4246368413779,Standard
16552.0,2011-06-09,0.5429194296787287,Predicted CLV Eligible,379.7300000000001,556.5429378274657,556.5429378274657,302.15797439701186,Standard
16553.0,2011-06-09,0.05775855929208544,Predicted CLV Eligible,15595.37,9758.140549676911,9758.140549676911,563.6161395190171,Standard
16554.0,2011-06-09,0.26932040712763006,Predicted CLV Eligible,2318.73,1175.5565842464005,1175.5565842464005,316.6013778708067,Standard
16556.0,2011-06-09,0.10957223778194018,Predicted CLV Eligible,6337.610000000001,3574.9271791471483,3574.9271791471483,391.712770926632,Standard
16558.0,2011-06-09,0.0456784441373564,Predicted CLV Eligible,8416.2,4599.8695894100965,4599.8695894100965,210.11488607899364,Standard
16560.0,2011-06-09,0.5521107084774782,Predicted CLV Eligible,2539.15,1219.2390207517096,1219.2390207517096,673.1549195506132,Standard
16566.0,2011-06-09,0.33129346163263074,Predicted CLV Eligible,280.12,571.0951989668281,571.0951989668281,189.20010538749648,Standard
16567.0,2011-06-09,0.2726179121691202,Predicted CLV Eligible,865.6,732.1003987013286,732.1003987013286,199.58368219213665,Standard
16570.0,2011-06-09,0.1535302688025217,Predicted CLV Eligible,5169.14,3282.675610242347,3282.675610242347,503.9900688319895,Standard
16571.0,2011-06-09,0.5223425609195865,Predicted CLV Eligible,3263.73,2040.70585145696,2040.70585145696,1065.947520533614,Standard
16572.0,2011-06-09,0.5366408390680958,Not Eligible - One-Time Customer,342.58,,342.58,183.84241864794825,Standard
16573.0,2011-06-09,0.49787306784778274,Not Eligible - One-Time Customer,292.63,,292.63,145.69259584429665,Standard
16584.0,2011-06-09,0.4461200911464355,Predicted CLV Eligible,2832.03,1411.2837939838123,1411.2837939838123,629.6020548055457,Standard
16586.0,2011-06-09,0.5130440735405817,Predicted CLV Eligible,1462.78,951.6030300328872,951.6030300328872,488.2142949216329,Standard
16587.0,2011-06-09,0.5558749775346866,Not Eligible - One-Time Customer,225.15,,225.15,125.1552511919347,Standard
16592.0,2011-06-09,0.13533234304907235,Predicted CLV Eligible,4847.06,2705.326103904765,2705.326103904765,366.11812035325005,Standard
16593.0,2011-06-09,0.34077233990212724,Predicted CLV Eligible,996.61,561.6791219770216,561.6791219770216,191.404708670282,Standard
16598.0,2011-06-09,0.5409510445687077,Not Eligible - One-Time Customer,145.04999999999998,,145.04999999999998,78.46494901469104,Standard
16600.0,2011-06-09,0.4026696771072612,Predicted CLV Eligible,1577.35,771.0751213855798,771.0751213855798,310.48857015377365,Standard
16607.0,2011-06-09,0.08748027461807503,Predicted CLV Eligible,4076.22,2863.572188601956,2863.572188601956,250.50608144758127,Standard
16609.0,2011-06-09,0.25158374234883574,Predicted CLV Eligible,1987.62,4877.020036539176,4877.020036539176,1226.9789523027814,Standard
16610.0,2011-06-09,0.6202058376519943,Not Eligible - One-Time Customer,75.66,,75.66,46.924773676749886,Standard
16611.0,2011-06-09,0.5343135376164915,Predicted CLV Eligible,1785.13,1099.8739260898842,1099.8739260898842,587.6775283812256,Standard
16612.0,2011-06-09,0.2952563598880927,Predicted CLV Eligible,2766.67,1367.0278149053552,1367.0278149053552,403.6236564947285,Standard
16617.0,2011-06-09,0.5807892982644683,Not Eligible - One-Time Customer,151.85,,151.85,88.19285494145952,Standard
16618.0,2011-06-09,0.15962455814421453,Predicted CLV Eligible,1441.29,1566.0433915582262,1566.0433915582262,249.978984412149,Standard
16619.0,2011-06-09,0.5142435933582021,Predicted CLV Eligible,1938.33,712.0120693184241,712.0120693184241,366.1476450407157,Standard
16620.0,2011-06-09,0.6126602883956241,Predicted CLV Eligible,1675.73,538.0909095066519,538.0909095066519,329.666931801409,Standard
16621.0,2011-06-09,0.37446686119977246,Predicted CLV Eligible,490.7000000000001,1053.076620218554,1053.076620218554,394.3422965761067,Standard
16623.0,2011-06-09,0.5921476093754419,Predicted CLV Eligible,1015.24,676.9089470190163,676.9089470190163,400.83001474215814,Standard
16624.0,2011-06-09,0.5098904550394016,Not Eligible - One-Time Customer,426.43,,426.43,217.432586742452,Standard
16625.0,2011-06-09,0.5382402866202631,Predicted CLV Eligible,1654.03,1266.172944050194,1266.172944050194,681.5052883163988,Standard
16626.0,2011-06-09,0.26026547171558195,Predicted CLV Eligible,1391.88,2106.980550582616,2106.980550582616,548.3742868929412,Standard
16628.0,2011-06-09,0.39437700200346104,Predicted CLV Eligible,842.96,597.3505839877574,597.3505839877574,235.58133245810845,Standard
16633.0,2011-06-09,0.51296951173188,Not Eligible - One-Time Customer,447.52,,447.52,229.56411589025092,Standard
16634.0,2011-06-09,0.6412548490938839,Predicted CLV Eligible,1649.81,902.582585466948,902.582585466948,578.7854596383753,Standard
16637.0,2011-06-09,0.5360144489772872,Not Eligible - One-Time Customer,303.62,,303.62,162.74470699848396,Standard
16638.0,2011-06-09,0.15976140698784594,Predicted CLV Eligible,1910.85,1793.535033078977,1793.535033078977,286.53768036669015,Standard
16639.0,2011-06-09,0.40586426512709234,Predicted CLV Eligible,961.62,723.4684010220682,723.4684010220682,293.6299709234942,Standard
16642.0,2011-06-09,0.4803405565141311,Predicted CLV Eligible,696.85,528.5485806289107,528.5485806289107,253.88331936404506,Standard
16643.0,2011-06-09,0.5094168523665387,Predicted CLV Eligible,923.11,787.9494475607552,787.9494475607552,401.3947274003529,Standard
16644.0,2011-06-09,0.4789769428975378,Not Eligible - One-Time Customer,722.41,,722.41,346.0177333186103,Standard
16647.0,2011-06-09,0.5863815429538632,Predicted CLV Eligible,455.59,328.0208893100894,328.0208893100894,192.3453951947486,Standard
16652.0,2011-06-09,0.17707170568801076,Predicted CLV Eligible,13831.04,8755.282390070246,8755.282390070246,1550.3127865899419,Priority
16654.0,2011-06-09,0.3717669901376059,Predicted CLV Eligible,1420.05,879.5491864920721,879.5491864920721,326.98735374013745,Standard
16655.0,2011-06-09,0.2514662550967818,Predicted CLV Eligible,3864.44,2333.311391907814,2333.311391907814,586.7490776977173,Standard
16656.0,2011-06-09,0.07461853580283812,Predicted CLV Eligible,11764.85,6513.784157438112,6513.784157438112,486.0490363637555,Standard
16657.0,2011-06-09,0.5622386852976844,Not Eligible - One-Time Customer,215.43,,215.43,121.12307997368015,Standard
16659.0,2011-06-09,0.6535019847355084,Not Eligible - One-Time Customer,39.12,,39.12,25.564997642853086,Standard
16660.0,2011-06-09,0.3460724748492399,Predicted CLV Eligible,996.26,582.6147446607897,582.6147446607897,201.62692656841747,Standard
16665.0,2011-06-09,0.6076996292171657,Not Eligible - One-Time Customer,135.39999999999998,,135.39999999999998,82.28252979600423,Standard
16667.0,2011-06-09,0.571571355413664,Not Eligible - One-Time Customer,200.4,,200.4,114.54289962489827,Standard
16668.0,2011-06-09,0.45128968436168176,Predicted CLV Eligible,678.28,396.42111009339663,396.42111009339663,178.90075764835646,Standard
16670.0,2011-06-09,0.1197808142473014,Predicted CLV Eligible,5882.47,3034.844839388768,3034.844839388768,363.5161859762073,Standard
16672.0,2011-06-09,0.12091303075336561,Predicted CLV Eligible,4154.34,7763.921452343647,7763.921452343647,938.7592733339424,Standard
16676.0,2011-06-09,0.16599276982959593,Predicted CLV Eligible,1868.28,1912.0841772325875,1912.0841772325875,317.39214872618123,Standard
16678.0,2011-06-09,0.17464808699255296,Predicted CLV Eligible,1266.65,2376.8416275307013,2376.8416275307013,415.1108433325031,Standard
16681.0,2011-06-09,0.30538071531182653,Predicted CLV Eligible,1027.34,683.2714918374536,683.2714918374536,208.65793692950044,Standard
16682.0,2011-06-09,0.49501464863747613,Not Eligible - One-Time Customer,525.5,,525.5,260.1301978589937,Standard
16684.0,2011-06-09,0.035268283940729,Predicted CLV Eligible,105565.15,59370.50656041179,59370.50656041179,2093.895883077517,Priority
16686.0,2011-06-09,0.08877819780548225,Predicted CLV Eligible,3116.82,1737.733687860148,1737.733687860148,154.27286507409838,Standard
16690.0,2011-06-09,0.6094434326616662,Predicted CLV Eligible,213.95,234.8504849859492,234.8504849859492,143.12808573209398,Standard
16692.0,2011-06-09,0.35073466322708124,Predicted CLV Eligible,1914.7,1688.375336257626,1688.375336257626,592.1717549632285,Standard
16693.0,2011-06-09,0.5859307774083244,Predicted CLV Eligible,855.03,491.336836840963,491.336836840963,287.8893747795725,Standard
16696.0,2011-06-09,0.33526940641759995,Predicted CLV Eligible,558.9000000000001,1864.2526140523664,1864.2526140523664,625.0268673257959,Standard
16697.0,2011-06-09,0.5998339139156261,Not Eligible - One-Time Customer,112.75,,112.75,67.63127379398685,Standard
16698.0,2011-06-09,0.32597171247695333,Predicted CLV Eligible,1998.0,2950.5999493636004,2950.5999493636004,961.8121183284646,Standard
16700.0,2011-06-09,0.09534617704158373,Predicted CLV Eligible,6702.45,3603.436811166938,3603.436811166938,343.57392415568273,Standard
16701.0,2011-06-09,0.0598793272973552,Predicted CLV Eligible,6716.72,3610.204461752719,3610.204461752719,216.1766145756631,Standard
16705.0,2011-06-09,0.030740054336724564,Predicted CLV Eligible,36088.551,18937.78203698948,18937.78203698948,582.148448834103,Standard
16709.0,2011-06-09,0.20487187317891126,Predicted CLV Eligible,8010.73,3989.613961139453,3989.613961139453,817.3596854793758,Standard
16710.0,2011-06-09,0.10739997642435853,Predicted CLV Eligible,5082.19,2695.7343925808923,2695.7343925808923,289.5218102095203,Standard
16711.0,2011-06-09,0.38274297885727926,Predicted CLV Eligible,1816.25,900.9541582950776,900.9541582950776,344.8338783597107,Standard
16712.0,2011-06-09,0.24477156903193742,Predicted CLV Eligible,1819.78,1742.524906844143,1742.524906844143,426.5205555254715,Standard
16713.0,2011-06-09,0.08155898454227736,Predicted CLV Eligible,9816.41,5324.641499045547,5324.641499045547,434.2723537138243,Standard
16714.0,2011-06-09,0.20340110013632762,Predicted CLV Eligible,1497.33,888.9595527799534,888.9595527799534,180.8153510121403,Standard
16716.0,2011-06-09,0.3675759728666036,Predicted CLV Eligible,2149.6800000000003,763.4349186697202,763.4349186697202,280.62033295035883,Standard
16719.0,2011-06-09,0.2213350192158888,Predicted CLV Eligible,2719.08,1411.1759688667917,1411.1759688667917,312.3426601861318,Standard
16721.0,2011-06-09,0.5444150881681381,Not Eligible - One-Time Customer,292.47,,292.47,159.22508083653537,Standard
16722.0,2011-06-09,0.18013231969886748,Predicted CLV Eligible,5422.01,2935.9794564651997,2935.9794564651997,528.8647900812965,Standard
16725.0,2011-06-09,0.2509338154681839,Predicted CLV Eligible,1688.26,864.808720902196,864.808720902196,217.0097519861478,Standard
16726.0,2011-06-09,0.1358320925622039,Predicted CLV Eligible,1482.3,1573.2067965131116,1573.2067965131116,213.69197120345726,Standard
16728.0,2011-06-09,0.4343619526584243,Predicted CLV Eligible,326.93,367.8055130392548,367.8055130392548,159.76072084226425,Standard
16729.0,2011-06-09,0.1754086134570907,Predicted CLV Eligible,3118.74,8386.126509768355,8386.126509768355,1470.9988233542185,Priority
16730.0,2011-06-09,0.32546205024910335,Predicted CLV Eligible,480.94,730.9827098056438,730.9827098056438,237.9071314299902,Standard
16735.0,2011-06-09,0.27201173111158783,Predicted CLV Eligible,5014.77,2764.348437379187,2764.348437379187,751.9352038471254,Standard
16738.0,2011-06-09,0.7764994851504575,Not Eligible - One-Time Customer,3.75,,3.75,2.9118730693142156,Standard
16743.0,2011-06-09,0.1622979005895412,Predicted CLV Eligible,3060.77,2102.1982938085234,2102.1982938085234,341.18236970803883,Standard
16745.0,2011-06-09,0.12171796566354169,Predicted CLV Eligible,3574.4300000000003,6502.960882066019,6502.960882066019,791.5271693546664,Standard
16746.0,2011-06-09,0.07284474048339423,Predicted CLV Eligible,14238.27,7838.71309846587,7838.71309846587,571.0090213815294,Standard
16748.0,2011-06-09,0.20350184438940033,Predicted CLV Eligible,3031.63,1728.1030956461948,1728.1030956461948,351.6721672590329,Standard
16750.0,2011-06-09,0.5952941290587711,Not Eligible - One-Time Customer,118.7,,118.7,70.66141311927613,Standard
16755.0,2011-06-09,0.3171037988555713,Predicted CLV Eligible,2297.72,1297.599368144731,1297.599368144731,411.47368903128313,Standard
16756.0,2011-06-09,0.5491305189801954,Predicted CLV Eligible,1312.37,750.595515507535,750.595515507535,412.17490497485994,Standard
16757.0,2011-06-09,0.6151097601115977,Predicted CLV Eligible,270.48,177.66591651941675,177.66591651941675,109.28403929026558,Standard
16763.0,2011-06-09,0.43560196140768925,Predicted CLV Eligible,964.7,491.3277406520589,491.3277406520589,214.0233275220453,Standard
16765.0,2011-06-09,0.6766072505477343,Predicted CLV Eligible,454.75,77.49570955522167,77.49570955522167,52.434158971404315,Standard
16766.0,2011-06-09,0.38944336949199965,Not Eligible - One-Time Customer,1145.6,,1145.6,446.14632409003474,Standard
16767.0,2011-06-09,0.1858134277335402,Predicted CLV Eligible,5125.219999999999,3442.6669597954788,3442.6669597954788,639.6937483446037,Standard
16768.0,2011-06-09,0.5750197583967651,Predicted CLV Eligible,1403.73,718.0763389097399,718.0763389097399,412.90808291031226,Standard
16769.0,2011-06-09,0.5307646181765454,Predicted CLV Eligible,1117.0500000000002,517.8744296109749,517.8744296109749,274.86942389586534,Standard
16770.0,2011-06-09,0.1998422259432254,Predicted CLV Eligible,1671.21,1572.424215792117,1572.424215792117,314.23675541092723,Standard
16771.0,2011-06-09,0.2589117587893535,Predicted CLV Eligible,3358.74,1892.8495041836063,1892.8495041836063,490.0809942517333,Standard
16775.0,2011-06-09,0.22039541695490303,Predicted CLV Eligible,1821.13,1966.0567829149893,1966.0567829149893,433.30990442756433,Standard
16777.0,2011-06-09,0.5761014449457449,Predicted CLV Eligible,1243.0800000000002,824.1208509897285,824.1208509897285,474.7772130650995,Standard
16778.0,2011-06-09,0.616428077228508,Not Eligible - One-Time Customer,93.18,,93.18,57.43876823615238,Standard
16779.0,2011-06-09,0.06666859803894709,Predicted CLV Eligible,25978.07,13887.854556468044,13887.854556468044,925.8837930485279,Standard
16780.0,2011-06-09,0.5806705682553315,Predicted CLV Eligible,336.04999999999995,284.41185240840304,284.41185240840304,165.14959195653887,Standard
16782.0,2011-06-09,0.08039951485444055,Predicted CLV Eligible,8704.52,4858.379296682463,4858.379296682463,390.61133843212815,Standard
16788.0,2011-06-09,0.5426947386879795,Predicted CLV Eligible,1629.0100000000002,891.7587125234048,891.7587125234048,483.95276146561815,Standard
16791.0,2011-06-09,0.2047616752289756,Predicted CLV Eligible,2819.6,1480.3951658252768,1480.3951658252768,303.1281941552608,Standard
16792.0,2011-06-09,0.5369725531374303,Predicted CLV Eligible,623.46,288.89791998310545,288.89791998310545,155.13025368942118,Standard
16801.0,2011-06-09,0.22846031448551335,Predicted CLV Eligible,1453.38,2068.8789327884965,2068.8789327884965,472.65673161731314,Standard
16804.0,2011-06-09,0.6016519010160326,Not Eligible - One-Time Customer,118.05,,118.05,71.02500691494265,Standard
16805.0,2011-06-09,0.579424988644298,Predicted CLV Eligible,845.52,541.9814819790491,541.9814819790491,314.0376140411304,Standard
16806.0,2011-06-09,0.42835301858070024,Predicted CLV Eligible,396.63,728.2843415918139,728.2843415918139,311.9627961059113,Standard
16807.0,2011-06-09,0.36390198200489277,Predicted CLV Eligible,1654.12,1069.1963025348737,1069.1963025348737,389.08265364474346,Standard
16808.0,2011-06-09,0.5813405191661991,Not Eligible - One-Time Customer,166.5,,166.5,96.79319644117216,Standard
16809.0,2011-06-09,0.3626727582954108,Predicted CLV Eligible,1155.82,706.0886256022936,706.0886256022936,256.07910944819946,Standard
16810.0,2011-06-09,0.4835131969726092,Predicted CLV Eligible,842.04,526.4279319809089,526.4279319809089,254.5348523677685,Standard
16812.0,2011-06-09,0.52947726001375,Predicted CLV Eligible,2392.0,1280.736926057656,1280.736926057656,678.1210784074405,Standard
16813.0,2011-06-09,0.4462711051438033,Predicted CLV Eligible,301.66,758.5422315916634,758.5422315916634,338.5154799906584,Standard
16814.0,2011-06-09,0.0726840569332476,Predicted CLV Eligible,9606.01,6321.416696234194,6321.416696234194,459.4662110478681,Standard
16816.0,2011-06-09,0.4311702668453572,Predicted CLV Eligible,325.45000000000005,450.0846104257797,450.0846104257797,194.06310158027208,Standard
16817.0,2011-06-09,0.06969694788542524,Predicted CLV Eligible,2135.38,2199.888425824369,2199.888425824369,153.3255089684312,Standard
16818.0,2011-06-09,0.28343507325617356,Predicted CLV Eligible,1147.97,3301.21659469057,3301.21659469057,935.6805673506176,Standard
16823.0,2011-06-09,0.5258560322477794,Predicted CLV Eligible,2243.09,1240.642843047459,1240.642843047459,652.3995228815414,Standard
16825.0,2011-06-09,0.5263493848212518,Predicted CLV Eligible,1370.41,991.560254204921,991.560254204921,521.9071298139643,Standard
16832.0,2011-06-09,0.415283333314712,Predicted CLV Eligible,417.61,367.1051889105513,367.1051889105513,152.4526665279008,Standard
16833.0,2011-06-09,0.2832136902264753,Predicted CLV Eligible,1973.8,1327.529830608402,1327.529830608402,375.9746222123332,Standard
16834.0,2011-06-09,0.5168542926751529,Predicted CLV Eligible,898.96,371.1612604961465,371.1612604961465,191.83629076215396,Standard
16837.0,2011-06-09,0.20519154928265193,Predicted CLV Eligible,1814.74,5301.948849426598,5301.948849426598,1087.9150986312175,Standard
16838.0,2011-06-09,0.2994230101680292,Predicted CLV Eligible,1159.61,613.1737646924938,613.1737646924938,183.59833438028932,Standard
16839.0,2011-06-09,0.04065363312875308,Predicted CLV Eligible,12207.17,7618.488909677415,7618.488909677415,309.7192531294997,Standard
16841.0,2011-06-09,0.2175882507801842,Predicted CLV Eligible,3079.42,1769.0137049077805,1769.0137049077805,384.9165976570569,Standard
16842.0,2011-06-09,0.5146778373425037,Not Eligible - One-Time Customer,520.5699999999999,,520.5699999999999,267.92584178538715,Standard
16843.0,2011-06-09,0.09523279316313121,Predicted CLV Eligible,13216.76,7197.874726386488,7197.874726386488,685.4737150320941,Standard
16849.0,2011-06-09,0.5850139321023665,Not Eligible - One-Time Customer,124.57,,124.57,72.8751855219918,Standard
16850.0,2011-06-09,0.5480325791460829,Not Eligible - One-Time Customer,332.41,,332.41,182.17150963394946,Standard
16859.0,2011-06-09,0.5516791904571999,Predicted CLV Eligible,1444.44,877.8957274409555,877.8957274409555,484.316804220461,Standard
16871.0,2011-06-09,0.1976323038980594,Predicted CLV Eligible,2037.82,4451.036261970923,4451.036261970923,879.6685511871199,Standard
16872.0,2011-06-09,0.5136543128564093,Predicted CLV Eligible,921.47,964.019304848289,964.019304848289,495.17267361216125,Standard
16873.0,2011-06-09,0.23789139969606987,Predicted CLV Eligible,10727.22,6166.724472603096,6166.724472603096,1467.0107163275588,Priority
16875.0,2011-06-09,0.2712830485863562,Predicted CLV Eligible,2944.09,1457.3637231595894,1457.3637231595894,395.3580737178959,Standard
16877.0,2011-06-09,0.6168517339231098,Not Eligible - One-Time Customer,77.75,,77.75,47.960222312521786,Standard
16880.0,2011-06-09,0.5374399204750373,Predicted CLV Eligible,591.66,370.27159424286646,370.27159424286646,198.99873616405142,Standard
16882.0,2011-06-09,0.41321529999615664,Predicted CLV Eligible,215.7,521.4954442363507,521.4954442363507,215.48989643675264,Standard
16883.0,2011-06-09,0.5760719720563363,Predicted CLV Eligible,2246.06,1229.8024196876274,1229.8024196876274,708.4547051491057,Standard
16885.0,2011-06-09,0.5904167124435407,Predicted CLV Eligible,412.14,256.0659903011348,256.0659903011348,151.18564016219557,Standard
16889.0,2011-06-09,0.15266174440279298,Predicted CLV Eligible,2526.65,1856.552077693912,1856.552077693912,283.42447875538227,Standard
16897.0,2011-06-09,0.44303090646214766,Predicted CLV Eligible,289.78,177.39155658281734,177.39155658281734,78.58994211161692,Standard
16899.0,2011-06-09,0.31350316343385404,Predicted CLV Eligible,772.26,758.1146742412243,758.1146742412243,237.67134862024955,Standard
16904.0,2011-06-09,0.20611629025465,Predicted CLV Eligible,2256.76,2610.82326080755,2610.82326080755,538.1332050282008,Standard
16905.0,2011-06-09,0.3662458026562902,Predicted CLV Eligible,2491.35,1336.0016425044848,1336.0016425044848,489.30499390917714,Standard
16906.0,2011-06-09,0.3228607559137202,Predicted CLV Eligible,1244.32,777.6124306324424,777.6124306324424,251.06053716189567,Standard
16907.0,2011-06-09,0.4031034682397839,Predicted CLV Eligible,1073.24,897.5756210582186,897.5756210582186,361.81584585604594,Standard
16912.0,2011-06-09,0.11376905611992036,Predicted CLV Eligible,3050.79,1629.4647620267322,1629.4647620267322,185.38266795645197,Standard
16913.0,2011-06-09,0.6071952065454577,Predicted CLV Eligible,423.91,111.52166090151934,111.52166090151934,67.71541792539053,Standard
16915.0,2011-06-09,0.4714492545470062,Predicted CLV Eligible,1088.29,660.5616117215772,660.5616117215772,311.4212794285065,Standard
16917.0,2011-06-09,0.528392841623685,Predicted CLV Eligible,1851.88,374.3607021726078,374.3607021726078,197.80951521322226,Standard
16918.0,2011-06-09,0.5570503745093879,Predicted CLV Eligible,2413.5,1265.8984896768145,1265.8984896768145,705.1692277653381,Standard
16919.0,2011-06-09,0.06790481647718107,Predicted CLV Eligible,4372.76,4188.305536872927,4188.305536872927,284.40611883171744,Standard
16923.0,2011-06-09,0.024915877482216575,Predicted CLV Eligible,9772.79,5821.862751149296,5821.862751149296,145.05681902591618,Standard
16927.0,2011-06-09,0.38477718139458156,Predicted CLV Eligible,341.45,253.7679516949748,253.7679516949748,97.64411718146873,Standard
16928.0,2011-06-09,0.11485272496510386,Predicted CLV Eligible,2184.89,1325.7660432558357,1325.7660432558357,152.26784273413648,Standard
16931.0,2011-06-09,0.07972624360393242,Predicted CLV Eligible,2380.46,2861.028492107206,2861.028492107206,228.09905451953057,Standard
16933.0,2011-06-09,0.4551559707332717,Predicted CLV Eligible,2760.8,1346.204246188233,1346.204246188233,612.7329004790574,Standard
16938.0,2011-06-09,0.5575222463391636,Predicted CLV Eligible,4551.28,2555.064510687459,2555.064510687459,1424.505305539948,Priority
16940.0,2011-06-09,0.4887696621050296,Predicted CLV Eligible,4135.46,2138.407580100354,2138.407580100354,1045.188750368484,Standard
16942.0,2011-06-09,0.2963306117416081,Predicted CLV Eligible,898.54,2697.461281597696,2697.461281597696,799.3403517251475,Standard
16943.0,2011-06-09,0.22037639615831234,Predicted CLV Eligible,1299.49,820.4458527760745,820.4458527760745,180.80690027782458,Standard
16945.0,2011-06-09,0.08460844766083417,Predicted CLV Eligible,5976.34,3296.942857649988,3296.942857649988,278.94921721224006,Standard
16947.0,2011-06-09,0.5192573024926173,Predicted CLV Eligible,955.21,348.8350821940019,348.8350821940019,181.13516379484787,Standard
16948.0,2011-06-09,0.4233444873995408,Predicted CLV Eligible,674.29,403.1088301675385,403.1088301675385,170.65390107350512,Standard
16949.0,2011-06-09,0.14918135615774925,Predicted CLV Eligible,893.75,1742.6315985416695,1742.6315985416695,259.9681451537927,Standard
16951.0,2011-06-09,0.4703943929108004,Not Eligible - One-Time Customer,1053.79,,1053.79,495.69690730547234,Standard
16954.0,2011-06-09,0.22194542191671873,Predicted CLV Eligible,4938.28,2790.280936015748,2790.280936015748,619.290079610192,Standard
16955.0,2011-06-09,0.28341519587021213,Predicted CLV Eligible,1120.31,557.2664837687219,557.2664837687219,157.93778964921668,Standard
16957.0,2011-06-09,0.40638108979483495,Predicted CLV Eligible,416.64,906.7112690589576,906.7112690589576,368.470313649437,Standard
16960.0,2011-06-09,0.5660575924265276,Predicted CLV Eligible,1685.36,894.3701495425395,894.3701495425395,506.2650135882034,Standard
16963.0,2011-06-09,0.5924166037751414,Not Eligible - One-Time Customer,110.55,,110.55,65.49165554734188,Standard
16965.0,2011-06-09,0.5619297586846989,Not Eligible - One-Time Customer,201.19,,201.19,113.05464814977456,Standard
16966.0,2011-06-09,0.2982672148647676,Predicted CLV Eligible,1154.4,2832.52841923243,2832.52841923243,844.8503626297597,Standard
16967.0,2011-06-09,0.5269161764193628,Not Eligible - One-Time Customer,319.02,,319.02,168.09679860130512,Standard
16969.0,2011-06-09,0.5133812620049941,Not Eligible - One-Time Customer,397.36,,397.36,203.99717827030446,Standard
16976.0,2011-06-09,0.5546729957533257,Not Eligible - One-Time Customer,251.52,,251.52,139.5113518918765,Standard
16979.0,2011-06-09,0.48780037255074066,Predicted CLV Eligible,1354.89,1263.1779082203925,1263.1779082203925,616.1786542277728,Standard
16980.0,2011-06-09,0.3602887322005131,Predicted CLV Eligible,1422.83,1443.8830930671463,1443.8830930671463,520.2148090469176,Standard
16983.0,2011-06-09,0.36119639747068183,Predicted CLV Eligible,2207.0,2300.2334032097865,2300.2334032097865,830.8360185811011,Standard
16985.0,2011-06-09,0.09103663074915971,Predicted CLV Eligible,8374.4,4548.4708721135,4548.4708721135,414.07746325790515,Standard
16987.0,2011-06-09,0.5548989671343205,Predicted CLV Eligible,1117.65,607.4862527612366,607.4862527612366,337.093494205509,Standard
16990.0,2011-06-09,0.567904340018794,Predicted CLV Eligible,344.0,306.3360653850591,306.3360653850591,173.9695810364561,Standard
16992.0,2011-06-09,0.29814558429638144,Predicted CLV Eligible,4533.34,2934.8443138049297,2934.8443138049297,875.0108727582834,Standard
16996.0,2011-06-09,0.14793282764790258,Predicted CLV Eligible,1367.5300000000002,1243.8942334381825,1243.8942334381825,184.01279124743056,Standard
16997.0,2011-06-09,0.3491162175112195,Predicted CLV Eligible,702.0,636.9057927079963,636.9057927079963,222.3541412612005,Standard
16998.0,2011-06-09,0.25041431064220376,Predicted CLV Eligible,394.1,398.58479221137753,398.58479221137753,99.81133597407813,Standard
17001.0,2011-06-09,0.10617999353925149,Predicted CLV Eligible,4453.17,2763.23978699225,2763.23978699225,293.40078273023977,Standard
17002.0,2011-06-09,0.3224539745039602,Predicted CLV Eligible,2071.34,1383.9580937682815,1383.9580937682815,446.26278788250676,Standard
17007.0,2011-06-09,0.10277886894206474,Predicted CLV Eligible,692.9000000000001,605.1221038036147,605.1221038036147,62.193765400778204,Standard
17015.0,2011-06-09,0.49526726811757815,Not Eligible - One-Time Customer,520.55,,520.55,257.8113764186053,Standard
17017.0,2011-06-09,0.04223993398406305,Predicted CLV Eligible,8376.55,4660.706179274217,4660.706179274217,196.86792133165764,Standard
17018.0,2011-06-09,0.5343515876383066,Predicted CLV Eligible,1772.6,889.5520253262122,889.5520253262122,475.3335370199326,Standard
17019.0,2011-06-09,0.36001784995727426,Predicted CLV Eligible,3340.14,1841.4739172124223,1841.4739172124223,662.9634804272159,Standard
17026.0,2011-06-09,0.586250383914787,Predicted CLV Eligible,175.82999999999998,243.4395384080889,243.4395384080889,142.71652285178067,Standard
17027.0,2011-06-09,0.35354860721557774,Predicted CLV Eligible,866.3000000000001,454.0872886992989,454.0872886992989,160.54192847393506,Standard
17029.0,2011-06-09,0.5274395675094683,Predicted CLV Eligible,1779.3,1054.3948252788978,1054.3948252788978,556.1295506293233,Standard
17033.0,2011-06-09,0.29118977776221466,Predicted CLV Eligible,910.75,968.1975928782092,968.1975928782092,281.92924190011695,Standard
17034.0,2011-06-09,0.5932741292371169,Predicted CLV Eligible,672.7,533.0999456572567,533.0999456572567,316.2744060561633,Standard
17035.0,2011-06-09,0.3508021748226633,Predicted CLV Eligible,613.59,369.9904915198857,369.9904915198857,129.79346908888206,Standard
17041.0,2011-06-09,0.508291466213006,Predicted CLV Eligible,888.21,589.4349347963944,589.4349347963944,299.6047472448269,Standard
17042.0,2011-06-09,0.3820318594062405,Predicted CLV Eligible,487.59,926.1140077637274,926.1140077637274,353.80505640814226,Standard
17043.0,2011-06-09,0.5771653471043756,Predicted CLV Eligible,1033.07,420.56997464872376,420.56997464872376,242.7384153998091,Standard
17045.0,2011-06-09,0.6610366780716008,Predicted CLV Eligible,528.1899999999999,248.63035065879367,248.63035065879367,164.35378106726623,Standard
17047.0,2011-06-09,0.4044003053104239,Predicted CLV Eligible,1937.76,1066.1790645308834,1066.1790645308834,431.1631392118714,Standard
17048.0,2011-06-09,0.2977073759230495,Predicted CLV Eligible,1906.73,1120.5287107434556,1120.5287107434556,333.5896621218719,Standard
17049.0,2011-06-09,0.25591881899168856,Predicted CLV Eligible,5869.3,3622.434363191042,3622.434363191042,927.0491241027609,Standard
17050.0,2011-06-09,0.12743463358591248,Predicted CLV Eligible,4080.34,2440.1062988274484,2440.1062988274484,310.95405210175295,Standard
17051.0,2011-06-09,0.5454185334428769,Predicted CLV Eligible,706.49,435.1232382699359,435.1232382699359,237.32427848410393,Standard
17054.0,2011-06-09,0.320389224621927,Predicted CLV Eligible,918.82,2195.7092605000234,2195.7092605000234,703.4815874667872,Standard
17058.0,2011-06-09,0.3613014977574792,Predicted CLV Eligible,819.6600000000001,1049.037739364795,1049.037739364795,379.01890643662057,Standard
17059.0,2011-06-09,0.34401291986856214,Predicted CLV Eligible,3281.85,1893.096157749792,1893.096157749792,651.249536819462,Standard
17060.0,2011-06-09,0.5589706184589865,Not Eligible - One-Time Customer,234.24,,234.24,130.933277667833,Standard
17061.0,2011-06-09,0.19970957133123662,Predicted CLV Eligible,3250.23,4821.469038306317,4821.469038306317,962.8935148269843,Standard
17062.0,2011-06-09,0.4088299014302893,Predicted CLV Eligible,889.75,792.5776187421793,792.5776187421793,324.02942974621857,Standard
17063.0,2011-06-09,0.431706269413482,Predicted CLV Eligible,2496.76,1328.7227766389449,1328.7227766389449,573.6179529875222,Standard
17064.0,2011-06-09,0.5985998765381624,Not Eligible - One-Time Customer,143.95,,143.95,86.16845222766847,Standard
17068.0,2011-06-09,0.06590692680563172,Predicted CLV Eligible,7084.39,4742.318429888143,4742.318429888143,312.5516336476362,Standard
17069.0,2011-06-09,0.15364801968914427,Predicted CLV Eligible,3880.6,2017.2727394141425,2017.2727394141425,309.9499615838782,Standard
17071.0,2011-06-09,0.13787277026076433,Predicted CLV Eligible,2408.7,1376.3115647628033,1376.3115647628033,189.75588817577506,Standard
17075.0,2011-06-09,0.26863219029307916,Predicted CLV Eligible,2098.58,1151.3481820437223,1151.3481820437223,309.28918393235995,Standard
17076.0,2011-06-09,0.57553631274828,Predicted CLV Eligible,735.8699999999999,424.4612034917168,424.4612034917168,244.29283596232003,Standard
17080.0,2011-06-09,0.577980433872496,Predicted CLV Eligible,746.23,438.6227568829077,438.6227568829077,253.5153713295333,Standard
17082.0,2011-06-09,0.5045759560950149,Predicted CLV Eligible,3365.12,1619.2856207443376,1619.2856207443376,817.0525902779839,Standard
17083.0,2011-06-09,0.39418226301843656,Predicted CLV Eligible,3640.03,2053.39200250188,2053.39200250188,809.4107064101503,Standard
17085.0,2011-06-09,0.16943799223947756,Predicted CLV Eligible,7499.92,4125.524619333026,4125.524619333026,699.0206084343229,Standard
17088.0,2011-06-09,0.4642454781556079,Not Eligible - One-Time Customer,1015.83,,1015.83,471.5944840748112,Standard
17090.0,2011-06-09,0.20585108426268223,Predicted CLV Eligible,1754.58,1143.3954541063931,1143.3954541063931,235.36919396882294,Standard
17091.0,2011-06-09,0.1204442872287955,Predicted CLV Eligible,5662.4,3180.815963169056,3180.815963169056,383.1111114898716,Standard
17092.0,2011-06-09,0.5946919856254504,Predicted CLV Eligible,3872.28,2389.906639451371,2389.906639451371,1421.2583248747833,Priority
17094.0,2011-06-09,0.5064153871131574,Predicted CLV Eligible,402.2,450.374435708542,450.374435708542,228.07654420521112,Standard
17095.0,2011-06-09,0.354831711635289,Predicted CLV Eligible,1792.05,929.3540862722684,929.3540862722684,329.76430114723905,Standard
17096.0,2011-06-09,0.5928127143915976,Predicted CLV Eligible,2809.29,1885.424611460739,1885.424611460739,1117.7036817007638,Standard
17097.0,2011-06-09,0.6127218314152378,Predicted CLV Eligible,476.58,395.7722302311725,395.7722302311725,242.49828573053716,Standard
17102.0,2011-06-09,0.6872724137661801,Not Eligible - One-Time Customer,25.5,,25.5,17.525446551037593,Standard
17105.0,2011-06-09,0.5461046850026905,Not Eligible - One-Time Customer,319.4,,319.4,174.42583638985934,Standard
17107.0,2011-06-09,0.25189077969343104,Predicted CLV Eligible,9372.6,5266.423702658359,5266.423702658359,1326.5635726585801,Priority
17109.0,2011-06-09,0.43837235036319927,Predicted CLV Eligible,875.01,799.5243068412593,799.5243068412593,350.4893495625106,Standard
17114.0,2011-06-09,0.1694808724922801,Predicted CLV Eligible,444.44,601.3590896580904,601.3590896580904,101.91886319641647,Standard
17115.0,2011-06-09,0.4845074415819003,Predicted CLV Eligible,2234.01,1136.569010287605,1136.569010287605,550.67614335572,Standard
17117.0,2011-06-09,0.6054349882684034,Not Eligible - One-Time Customer,116.2,,116.2,70.35154563678847,Standard
17118.0,2011-06-09,0.5917906163053436,Not Eligible - One-Time Customer,157.02,,157.02,92.92296257226505,Standard
17120.0,2011-06-09,0.5365083028964128,Not Eligible - One-Time Customer,307.46,,307.46,164.95484280853108,Standard
17124.0,2011-06-09,0.5313563119909777,Not Eligible - One-Time Customer,294.24,,294.24,156.34628124022527,Standard
17126.0,2011-06-09,0.3476924322355828,Predicted CLV Eligible,1528.65,1335.060165220779,1335.060165220779,464.19031602645174,Standard
17128.0,2011-06-09,0.5944306466941432,Not Eligible - One-Time Customer,157.09,,157.09,93.37911028918296,Standard
17133.0,2011-06-09,0.21152839202470458,Predicted CLV Eligible,12208.88,6957.655154830037,6957.655154830037,1471.7416071635946,Priority
17134.0,2011-06-09,0.5393774978659021,Predicted CLV Eligible,530.8,483.0968509228688,483.0968509228688,260.57157067767366,Standard
17135.0,2011-06-09,0.5504994633183838,Predicted CLV Eligible,1083.0,770.4748329183586,770.4748329183586,424.1459820218779,Standard
17138.0,2011-06-09,0.5300287096209848,Predicted CLV Eligible,4417.27,1801.3949612916458,1801.3949612916458,954.7910468511549,Standard
17139.0,2011-06-09,0.15195363563422282,Predicted CLV Eligible,13621.89,8081.010469561572,8081.010469561572,1227.938920448099,Standard
17140.0,2011-06-09,0.5142062723814826,Not Eligible - One-Time Customer,454.12,,454.12,233.5113524138789,Standard
17142.0,2011-06-09,0.4974498653116335,Predicted CLV Eligible,1275.25,752.3783988277036,752.3783988277036,374.2705331602236,Standard
17146.0,2011-06-09,0.34439653638379103,Predicted CLV Eligible,5666.740000000001,2977.467957860089,2977.467957860089,1025.4296518807341,Standard
17147.0,2011-06-09,0.2337799904531354,Predicted CLV Eligible,2458.4700000000003,1428.9301013218617,1428.9301013218617,334.05526544522263,Standard
17152.0,2011-06-09,0.21753997153800234,Predicted CLV Eligible,2016.5,2417.1178444495627,2417.1178444495627,525.8197470855554,Standard
17158.0,2011-06-09,0.3003211200000423,Predicted CLV Eligible,1411.58,862.4357456108927,862.4357456108927,259.00766904993486,Standard
17160.0,2011-06-09,0.364311042284128,Predicted CLV Eligible,7896.2,4095.113245459797,4095.113245459797,1491.8949747249967,Priority
17162.0,2011-06-09,0.11015456305366414,Predicted CLV Eligible,1165.28,1674.4146417697575,1674.4146417697575,184.4444132348052,Standard
17164.0,2011-06-09,0.3370677644935649,Predicted CLV Eligible,943.22,1047.900059365095,1047.900059365095,353.21333042286653,Standard
17165.0,2011-06-09,0.5858996168639926,Predicted CLV Eligible,1794.3200000000002,881.2409139571765,881.2409139571765,516.3187138523845,Standard
17166.0,2011-06-09,0.5429753112043283,Not Eligible - One-Time Customer,127.59,,127.59,69.27821995656025,Standard
17171.0,2011-06-09,0.5652068313373972,Predicted CLV Eligible,384.59,207.16980397607648,207.16980397607648,117.09378845410791,Standard
17174.0,2011-06-09,0.6335531326265895,Not Eligible - One-Time Customer,59.9,,59.9,37.94983264433271,Standard
17175.0,2011-06-09,0.5138634708600087,Not Eligible - One-Time Customer,519.08,,519.08,266.7362504540134,Standard
17176.0,2011-06-09,0.5315151931463081,Predicted CLV Eligible,902.32,483.59950115612526,483.59950115612526,257.0404822624562,Standard
17179.0,2011-06-09,0.31864568077289684,Predicted CLV Eligible,1283.78,963.5407798388806,963.5407798388806,307.028107744208,Standard
17180.0,2011-06-09,0.2330270745747533,Predicted CLV Eligible,2005.6,1181.888527354614,1181.888527354614,275.41202600290904,Standard
17187.0,2011-06-09,0.5610787046969673,Predicted CLV Eligible,467.71,256.76519291019804,256.76519291019804,144.06548184932086,Standard
17188.0,2011-06-09,0.24505725235243042,Predicted CLV Eligible,3543.1400000000003,1888.1356078271156,1888.1356078271156,462.70132412289905,Standard
17189.0,2011-06-09,0.5759561532898525,Predicted CLV Eligible,796.45,369.6642962127159,369.6642962127159,212.91042605527645,Standard
17190.0,2011-06-09,0.579614382392889,Predicted CLV Eligible,1476.83,828.890191819181,828.890191819181,480.4366766027979,Standard
17191.0,2011-06-09,0.3293960177433425,Predicted CLV Eligible,3392.36,1837.2407541704376,1837.2407541704376,605.1797880595174,Standard
17194.0,2011-06-09,0.39830149561663303,Predicted CLV Eligible,812.5,284.91700625505854,284.91700625505854,113.4828697180034,Standard
17204.0,2011-06-09,0.2300986827502473,Predicted CLV Eligible,5190.29,4330.608426421242,4330.608426421242,996.4672944266491,Standard
17211.0,2011-06-09,0.1315385170813219,Predicted CLV Eligible,2710.07,1389.051459178261,1389.051459178261,182.71376908995478,Standard
17212.0,2011-06-09,0.5588085556375361,Predicted CLV Eligible,794.41,417.8805195667094,417.8805195667094,233.515209568136,Standard
17213.0,2011-06-09,0.2559985713704839,Predicted CLV Eligible,3025.12,1615.8441197018958,1615.8441197018958,413.6537862010825,Standard
17214.0,2011-06-09,0.21409101924315319,Predicted CLV Eligible,611.97,758.9042689551737,758.9042689551737,162.4745884485932,Standard
17217.0,2011-06-09,0.59832136382093,Predicted CLV Eligible,210.1,121.04530414933484,121.04530414933484,72.4239914627493,Standard
17218.0,2011-06-09,0.12347540947331151,Predicted CLV Eligible,2883.0,1586.212558253662,1586.212558253662,195.8582451420799,Standard
17220.0,2011-06-09,0.19756875425262335,Predicted CLV Eligible,2732.59,1550.6194128813386,1550.6194128813386,306.3539457229003,Standard
17223.0,2011-06-09,0.6049209827012723,Predicted CLV Eligible,558.04,679.546571600588,679.546571600588,411.07197988390817,Standard
17226.0,2011-06-09,0.533350237204962,Predicted CLV Eligible,895.47,378.0944138959276,378.0944138959276,201.65674533726406,Standard
17227.0,2011-06-09,0.5601779597701906,Predicted CLV Eligible,1305.76,707.6667497385566,707.6667497385566,396.4193160657467,Standard
17228.0,2011-06-09,0.3585066529069235,Predicted CLV Eligible,1601.52,1046.4227958202105,1046.4227958202105,375.1495340550087,Standard
17230.0,2011-06-09,0.08742889302524455,Predicted CLV Eligible,9388.49,5242.971751994788,5242.971751994788,458.3872164395313,Standard
17231.0,2011-06-09,0.06493815854239446,Predicted CLV Eligible,5644.83,3088.9047202150973,3088.9047202150973,200.5877844436786,Standard
17236.0,2011-06-09,0.19833667950951325,Predicted CLV Eligible,1576.9499999999998,936.9429431730292,936.9429431730292,185.83015223880918,Standard
17238.0,2011-06-09,0.11351061291530976,Predicted CLV Eligible,5144.41,2781.061490519128,2781.061490519128,315.6799943439911,Standard
17239.0,2011-06-09,0.48254667700535786,Predicted CLV Eligible,1189.45,865.2735520557478,865.2735520557478,417.53487724512365,Standard
17243.0,2011-06-09,0.08190304394013277,Predicted CLV Eligible,14440.03,7498.372805005069,7498.372805005069,614.1395573278268,Standard
17245.0,2011-06-09,0.5682772772790012,Predicted CLV Eligible,371.63,156.59525003913225,156.59525003913225,88.98952232706249,Standard
17250.0,2011-06-09,0.5807093583652224,Not Eligible - One-Time Customer,162.65,,162.65,94.45237713810343,Standard
17251.0,2011-06-09,0.5656948568767683,Predicted CLV Eligible,798.98,350.8285750497503,350.8285750497503,198.4619205510491,Standard
17252.0,2011-06-09,0.5229394891291945,Not Eligible - One-Time Customer,337.01,,337.01,176.23583723142985,Standard
17255.0,2011-06-09,0.611371673245361,Predicted CLV Eligible,598.48,308.534316770652,308.534316770652,188.62914149768778,Standard
17256.0,2011-06-09,0.6034013298380825,Predicted CLV Eligible,386.83,215.6762868715861,215.6762868715861,130.13935831285482,Standard
17262.0,2011-06-09,0.34663609822179664,Predicted CLV Eligible,2190.76,1233.2581132205414,1233.2581132205414,427.4917804671432,Standard
17263.0,2011-06-09,0.628807250582885,Not Eligible - One-Time Customer,63.440000000000005,,63.440000000000005,39.89153197697823,Standard
17268.0,2011-06-09,0.47102060631391784,Predicted CLV Eligible,1246.73,654.5554496759662,654.5554496759662,308.3091047724527,Standard
17272.0,2011-06-09,0.2759765445127096,Predicted CLV Eligible,1409.44,2680.960636853113,2680.960636853113,739.8822525333154,Standard
17277.0,2011-06-09,0.3037561588082958,Predicted CLV Eligible,1065.35,856.2623614100024,856.2623614100024,260.09496583402307,Standard
17278.0,2011-06-09,0.5518231270762849,Predicted CLV Eligible,271.24,278.46886764044,278.46886764044,153.6655613347397,Standard
17282.0,2011-06-09,0.49333112950272195,Predicted CLV Eligible,1346.98,994.6349664519702,994.6349664519702,490.6843914426524,Standard
17284.0,2011-06-09,0.3078072226550733,Predicted CLV Eligible,2063.9300000000003,2283.480904919993,2283.480904919993,702.8719153293166,Standard
17287.0,2011-06-09,0.42142632667180735,Predicted CLV Eligible,3278.14,1746.575028585383,1746.575028585383,736.0526985534449,Standard
17288.0,2011-06-09,0.13120246148557546,Predicted CLV Eligible,1714.5,2037.511085342653,2037.511085342653,267.3264697011025,Standard
17291.0,2011-06-09,0.5121159814568202,Not Eligible - One-Time Customer,550.8000000000001,,550.8000000000001,282.0734825864166,Standard
17293.0,2011-06-09,0.40027763455588844,Predicted CLV Eligible,2365.92,1304.5182295656737,1304.5182295656737,522.1694711655833,Standard
17302.0,2011-06-09,0.3701138734971775,Predicted CLV Eligible,303.12,349.8916468650313,349.8916468650313,129.4997527255233,Standard
17303.0,2011-06-09,0.5702272231176403,Not Eligible - One-Time Customer,250.04,,250.04,142.57961486833477,Standard
17306.0,2011-06-09,0.07126631357468302,Predicted CLV Eligible,4346.700000000001,4640.762502066013,4640.762502066013,330.7300356978671,Standard
17311.0,2011-06-09,0.5128118170396587,Predicted CLV Eligible,2738.17,1541.8821791516834,1541.8821791516834,790.6954019518433,Standard
17314.0,2011-06-09,0.24519876475872998,Predicted CLV Eligible,3163.51,1744.4349720393886,1744.4349720393886,427.73330034598774,Standard
17315.0,2011-06-09,0.03992050454230194,Predicted CLV Eligible,6219.8,6080.482722141582,6080.482722141582,242.7359381286415,Standard
17320.0,2011-06-09,0.5116755520608965,Predicted CLV Eligible,2154.33,1252.1871079305754,1252.1871079305754,640.7135297339146,Standard
17323.0,2011-06-09,0.35348833280316294,Predicted CLV Eligible,935.59,513.4360747647445,513.4360747647445,181.49366206958965,Standard
17324.0,2011-06-09,0.5132064048655527,Predicted CLV Eligible,1886.82,1060.7048513318837,1060.7048513318837,544.3605233754865,Standard
17325.0,2011-06-09,0.6151081960424556,Predicted CLV Eligible,609.5699999999999,424.3111076626758,424.3111076626758,260.99723999516465,Standard
17329.0,2011-06-09,0.5645179315488761,Predicted CLV Eligible,718.78,314.4409559672399,314.4409559672399,177.5075580568775,Standard
17334.0,2011-06-09,0.4282003635673496,Predicted CLV Eligible,635.15,462.8950406018198,462.8950406018198,198.21182467922227,Standard
17337.0,2011-06-09,0.15241525216072505,Predicted CLV Eligible,1948.11,2232.368700770224,2232.368700770224,340.24703844360386,Standard
17338.0,2011-06-09,0.08396625740912786,Predicted CLV Eligible,9016.64,6003.157528431208,6003.157528431208,504.06267029979864,Standard
17340.0,2011-06-09,0.11521792691259077,Predicted CLV Eligible,13067.47,8109.289874548992,8109.289874548992,934.3355680787981,Standard
17343.0,2011-06-09,0.584967261893986,Predicted CLV Eligible,1259.94,643.5701446608023,643.5701446608023,376.46746535894596,Standard
17345.0,2011-06-09,0.5147503663723463,Predicted CLV Eligible,1192.32,545.9676275039748,545.9676275039748,281.0370362851117,Standard
17346.0,2011-06-09,0.10744699368527606,Predicted CLV Eligible,3305.57,2317.902309861799,2317.902309861799,249.05163485080752,Standard
17348.0,2011-06-09,0.5874395558279758,Predicted CLV Eligible,1445.84,766.4125229911741,766.4125229911741,450.22103208693363,Standard
17351.0,2011-06-09,0.5703353115790184,Predicted CLV Eligible,1599.68,876.6291761737488,876.6291761737488,499.97257433231323,Standard
17356.0,2011-06-09,0.5831194865769274,Predicted CLV Eligible,946.47,441.34701429515457,441.34701429515457,257.35804437805035,Standard
17358.0,2011-06-09,0.41637599521367336,Predicted CLV Eligible,861.01,541.5904013440007,541.5904013440007,225.50524235778107,Standard
17360.0,2011-06-09,0.5256983565873499,Predicted CLV Eligible,953.17,1008.094352586686,1008.094352586686,529.9535444398092,Standard
17361.0,2011-06-09,0.3674873032290532,Predicted CLV Eligible,647.51,212.97312924459536,212.97312924459536,78.26492092634895,Standard
17362.0,2011-06-09,0.3978713339122846,Predicted CLV Eligible,1024.04,563.065751648912,563.065751648912,224.0277216888758,Standard
17364.0,2011-06-09,0.11429856488300864,Predicted CLV Eligible,9595.69,5238.5497483704985,5238.5497483704985,598.7587183069941,Standard
17365.0,2011-06-09,0.14172098335402494,Predicted CLV Eligible,5310.12,3166.8163359213117,3166.8163359213117,448.8043252283585,Standard
17367.0,2011-06-09,0.5751949310056047,Not Eligible - One-Time Customer,167.55,,167.55,96.37391068998907,Standard
17368.0,2011-06-09,0.2711545493878346,Predicted CLV Eligible,1768.34,960.7185040231694,960.7185040231694,260.5031930469571,Standard
17371.0,2011-06-09,0.6302808892471348,Predicted CLV Eligible,329.11,128.34758471930613,128.34758471930613,80.89502982960623,Standard
17372.0,2011-06-09,0.18877492954032418,Predicted CLV Eligible,3751.18,2030.0493814289769,2030.0493814289769,383.22242894263377,Standard
17373.0,2011-06-09,0.5957396850366632,Predicted CLV Eligible,665.83,384.6357193138947,384.6357193138947,229.14276227791,Standard
17374.0,2011-06-09,0.37354506681408584,Predicted CLV Eligible,727.11,797.893820051178,797.893820051178,298.04930032156346,Standard
17375.0,2011-06-09,0.16062254427464503,Predicted CLV Eligible,660.55,535.7177350095088,535.7177350095088,86.0483456102774,Standard
17376.0,2011-06-09,0.6145692882873752,Predicted CLV Eligible,356.29,237.46501237159083,237.46501237159083,145.93870364636132,Standard
17377.0,2011-06-09,0.1624428088643058,Predicted CLV Eligible,15183.57,5795.658498090518,5795.658498090518,941.4630456481076,Standard
17381.0,2011-06-09,0.06638040245671084,Predicted CLV Eligible,29941.17,17945.898113195977,17945.898113195977,1191.2559392010767,Standard
17384.0,2011-06-09,0.5530543498103289,Predicted CLV Eligible,398.8,334.4029346081481,334.4029346081481,184.94299757437525,Standard
17388.0,2011-06-09,0.33570926837454645,Predicted CLV Eligible,2179.01,1171.055716547327,1171.055716547327,393.13425782793337,Standard
17389.0,2011-06-09,0.04010461215329532,Predicted CLV Eligible,30509.19,16700.50228315434,16700.50228315434,669.7671668311277,Standard
17392.0,2011-06-09,0.4083437479590934,Predicted CLV Eligible,585.92,543.9153619832521,543.9153619832521,222.10443748476814,Standard
17394.0,2011-06-09,0.55995477458532,Not Eligible - One-Time Customer,203.87,,203.87,114.15797989470919,Standard
17398.0,2011-06-09,0.38473715010263076,Predicted CLV Eligible,528.45,853.1013378245018,853.1013378245018,328.21977746334045,Standard
17400.0,2011-06-09,0.12972376953499215,Predicted CLV Eligible,3832.06,1876.526050507266,1876.526050507266,243.43003290241361,Standard
17402.0,2011-06-09,0.37093894272245936,Predicted CLV Eligible,2786.08,1578.7175408248445,1578.7175408248445,585.6078154509689,Standard
17404.0,2011-06-09,0.054586218055244516,Predicted CLV Eligible,29727.92,18156.6503641362,18156.6503641362,991.1028759295733,Standard
17406.0,2011-06-09,0.31912009101542604,Predicted CLV Eligible,4186.95,2143.31197218443,2143.31197218443,683.9739116379476,Standard
17409.0,2011-06-09,0.34171039253137725,Predicted CLV Eligible,7793.51,4170.502150850759,4170.502150850759,1425.1039270201659,Priority
17410.0,2011-06-09,0.5345828506188525,Not Eligible - One-Time Customer,302.4,,302.4,161.65785402714098,Standard
17411.0,2011-06-09,0.5457629661210779,Predicted CLV Eligible,932.02,415.0786199269999,415.0786199269999,226.53453878480303,Standard
17412.0,2011-06-09,0.17018887899383825,Predicted CLV Eligible,3671.98,1869.633932448696,1869.633932448696,318.19090309228505,Standard
17414.0,2011-06-09,0.48632046144378016,Predicted CLV Eligible,2069.52,1154.6050911972818,1154.6050911972818,561.5080807364,Standard
17416.0,2011-06-09,0.16708804296751054,Predicted CLV Eligible,13853.04,7842.946717524727,7842.946717524727,1310.4626181296674,Standard
17418.0,2011-06-09,0.5888452174764159,Predicted CLV Eligible,373.99,279.66699203597767,279.66699203597767,164.68057074640035,Standard
17419.0,2011-06-09,0.1829077071468415,Predicted CLV Eligible,3945.48,2366.6256853885184,2366.6256853885184,432.87407778923614,Standard
17422.0,2011-06-09,0.283046662302672,Predicted CLV Eligible,2243.46,1752.0026521633647,1752.0026521633647,495.8985030402696,Standard
17423.0,2011-06-09,0.4588928529007304,Predicted CLV Eligible,869.96,820.0434792040123,820.0434792040123,376.31209167457,Standard
17426.0,2011-06-09,0.45884063236750794,Predicted CLV Eligible,4234.39,2744.838264330693,2744.838264330693,1259.4433249520282,Standard
17428.0,2011-06-09,0.043336996755926185,Predicted CLV Eligible,21498.73,11430.678873891024,11430.678873891024,495.37129327584927,Standard
17429.0,2011-06-09,0.4123965041679652,Predicted CLV Eligible,1208.68,906.757387238537,906.757387238537,373.94357662565056,Standard
17431.0,2011-06-09,0.5326038598356454,Not Eligible - One-Time Customer,403.3,,403.3,214.7991366717158,Standard
17436.0,2011-06-09,0.5925083535957809,Predicted CLV Eligible,440.16,245.2870920098515,245.2870920098515,145.33465104505393,Standard
17438.0,2011-06-09,0.4731555959176978,Predicted CLV Eligible,1422.77,865.0670224892939,865.0670224892939,409.31130253467035,Standard
17440.0,2011-06-09,0.48194233181819934,Predicted CLV Eligible,261.78,152.3300375541507,152.3300375541507,73.41429350480126,Standard
17442.0,2011-06-09,0.3027308178648671,Predicted CLV Eligible,3186.57,1786.623310970955,1786.623310970955,540.865936146674,Standard
17443.0,2011-06-09,0.49928087431212137,Not Eligible - One-Time Customer,534.24,,534.24,266.7358142925077,Standard
17446.0,2011-06-09,0.6402182355036623,Not Eligible - One-Time Customer,68.10000000000001,,68.10000000000001,43.59886183779941,Standard
17449.0,2011-06-09,0.18081399461057152,Predicted CLV Eligible,3671.63,2022.76856217252,2022.76856217252,365.74486389909555,Standard
17450.0,2011-06-09,0.030531153799684612,Predicted CLV Eligible,106153.72,75555.14907407429,75555.14907407429,2306.7858767386606,Priority
17454.0,2011-06-09,0.13815494199996564,Predicted CLV Eligible,1547.94,884.0162125693357,884.0162125693357,122.13120857454588,Standard
17455.0,2011-06-09,0.5843388083605826,Not Eligible - One-Time Customer,131.7,,131.7,76.95742106108872,Standard
17457.0,2011-06-09,0.14291425465424185,Predicted CLV Eligible,5644.75,3084.945592076177,3084.945592076177,440.88269994045567,Standard
17460.0,2011-06-09,0.2488253489428692,Predicted CLV Eligible,1998.12,1106.5350217345328,1106.5350217345328,275.3339629006005,Standard
17462.0,2011-06-09,0.5190339459179327,Not Eligible - One-Time Customer,463.41,,463.41,240.52552087782922,Standard
17463.0,2011-06-09,0.3249209157403957,Predicted CLV Eligible,1585.11,981.6509809544588,981.6509809544588,318.9589356691805,Standard
17469.0,2011-06-09,0.5321958974873954,Predicted CLV Eligible,3485.6400000000003,1892.348673185814,1892.348673185814,1007.1002004852062,Standard
17470.0,2011-06-09,0.40948030854143047,Predicted CLV Eligible,2124.51,1712.817259494058,1712.817259494058,701.3649398927142,Standard
17472.0,2011-06-09,0.2233581958644008,Predicted CLV Eligible,922.35,560.6565376407508,560.6565376407508,125.22723274701963,Standard
17486.0,2011-06-09,0.5250434724674442,Not Eligible - One-Time Customer,396.87,,396.87,208.3740029181546,Standard
17489.0,2011-06-09,0.5574048001696184,Not Eligible - One-Time Customer,208.56,,208.56,116.2523451233756,Standard
17491.0,2011-06-09,0.16809112154274755,Predicted CLV Eligible,3419.66,2329.746055264434,2329.746055264434,391.6096273391906,Standard
17492.0,2011-06-09,0.5265367045287681,Predicted CLV Eligible,1122.42,838.2774337683305,838.2774337683305,441.38383745720944,Standard
17496.0,2011-06-09,0.5647915635703209,Predicted CLV Eligible,1412.89,731.7484883602363,731.7484883602363,413.2853728811966,Standard
17499.0,2011-06-09,0.5012003537803562,Predicted CLV Eligible,1341.39,676.2011421858773,676.2011421858773,338.91225169024267,Standard
17501.0,2011-06-09,0.466307728396378,Not Eligible - One-Time Customer,288.6,,288.6,134.57641041519472,Standard
17504.0,2011-06-09,0.09345659251446291,Predicted CLV Eligible,9490.17,5920.993240396483,5920.993240396483,553.3558525486235,Standard
17505.0,2011-06-09,0.5028396428123205,Predicted CLV Eligible,1776.63,765.4920690111015,765.4920690111015,384.9197585572065,Standard
17507.0,2011-06-09,0.3821787676545858,Predicted CLV Eligible,605.5799999999999,658.9898833722916,658.9898833722916,251.85194152406163,Standard
17508.0,2011-06-09,0.5297605987648785,Predicted CLV Eligible,4579.23,2369.074710409545,2369.074710409545,1255.0424371052916,Standard
17511.0,2011-06-09,0.019398702248117485,Predicted CLV Eligible,116820.89,63745.23610899935,63745.23610899935,1236.5748550144256,Standard
17512.0,2011-06-09,0.14373782467537904,Predicted CLV Eligible,3845.25,1750.2499979581437,1750.2499979581437,251.5771273445902,Standard
17515.0,2011-06-09,0.22850461589873183,Predicted CLV Eligible,1534.86,1185.0038152723291,1185.0038152723291,270.77884164733535,Standard
17516.0,2011-06-09,0.30914204639065984,Predicted CLV Eligible,634.63,778.2527699101015,778.2527699101015,240.59065389920812,Standard
17517.0,2011-06-09,0.5915822381924203,Not Eligible - One-Time Customer,153.94,,153.94,91.06816974734117,Standard
17519.0,2011-06-09,0.32780751593427326,Predicted CLV Eligible,3885.75,2075.859367836051,2075.859367836051,680.4823027992268,Standard
17521.0,2011-06-09,0.5718760588454248,Predicted CLV Eligible,714.4100000000001,662.9660915614611,662.9660915614611,379.1344355903234,Standard
17522.0,2011-06-09,0.4620744578012557,Predicted CLV Eligible,248.42,572.3436977232323,572.3436977232323,264.46540380142835,Standard
17524.0,2011-06-09,0.6034358659042722,Predicted CLV Eligible,539.14,199.0837862632188,199.0837862632188,120.1342969512465,Standard
17525.0,2011-06-09,0.5372157145303003,Predicted CLV Eligible,1161.9,927.4763126822132,927.4763126822132,498.2548500275034,Standard
17526.0,2011-06-09,0.29924872652328877,Predicted CLV Eligible,3616.14,1719.61779712944,1719.61779712944,514.5934358977681,Standard
17527.0,2011-06-09,0.4936839467920658,Not Eligible - One-Time Customer,292.11,,292.11,144.21001769743035,Standard
17530.0,2011-06-09,0.18272523444036082,Predicted CLV Eligible,1789.83,941.8350880396436,941.8350880396436,172.09703726620174,Standard
17531.0,2011-06-09,0.5316225844894541,Predicted CLV Eligible,1266.82,620.3510329531316,620.3510329531316,329.7926194292463,Standard
17535.0,2011-06-09,0.5831028951009962,Not Eligible - One-Time Customer,164.4,,164.4,95.86211595460378,Standard
17537.0,2011-06-09,0.5037164624786663,Not Eligible - One-Time Customer,620.75,,620.75,312.6819940836321,Standard
17540.0,2011-06-09,0.5585055902505862,Predicted CLV Eligible,1280.5,770.323816555768,770.323816555768,430.2301578495635,Standard
17542.0,2011-06-09,0.57903997822349,Predicted CLV Eligible,340.85,166.98858996002747,166.98858996002747,96.6930694940256,Standard
17548.0,2011-06-09,0.6216195918135743,Predicted CLV Eligible,731.26,816.2477284605479,816.2477284605479,507.395579784403,Standard
17550.0,2011-06-09,0.3752239113255515,Predicted CLV Eligible,2506.64,1511.905010630177,1511.905010630177,567.3029116413545,Standard
17551.0,2011-06-09,0.5606516097696341,Not Eligible - One-Time Customer,290.34,,290.34,162.77958838051555,Standard
17555.0,2011-06-09,0.5811008835233717,Predicted CLV Eligible,760.88,523.3339711488317,523.3339711488317,304.1098330123808,Standard
17556.0,2011-06-09,0.5735278509079033,Predicted CLV Eligible,300.67,320.4637432586606,320.4637432586606,183.7948819650417,Standard
17560.0,2011-06-09,0.334097113801747,Predicted CLV Eligible,1526.9,919.6770211212164,919.6770211212164,307.2614383863867,Standard
17567.0,2011-06-09,0.23451006679494563,Predicted CLV Eligible,2380.57,2277.346373398543,2277.346373398543,534.0606501409195,Standard
17569.0,2011-06-09,0.5456785336097969,Not Eligible - One-Time Customer,344.14,,344.14,187.7898105564755,Standard
17571.0,2011-06-09,0.4421476202391227,Predicted CLV Eligible,563.54,373.0841669771572,373.0841669771572,164.95827657784554,Standard
17572.0,2011-06-09,0.6188614663777986,Predicted CLV Eligible,577.6600000000001,319.4587078264763,319.4587078264763,197.70068437264985,Standard
17574.0,2011-06-09,0.5695360879246322,Not Eligible - One-Time Customer,185.65,,185.65,105.73437472320796,Standard
17576.0,2011-06-09,0.0814353099842655,Predicted CLV Eligible,6549.7,3516.308024253827,3516.308024253827,286.3516339552706,Standard
17578.0,2011-06-09,0.5379201113162904,Predicted CLV Eligible,1047.33,854.7121976011082,854.7121976011082,459.7668804769793,Standard
17580.0,2011-06-09,0.2905047489247986,Predicted CLV Eligible,541.02,504.91337597235,504.91337597235,146.67973351561997,Standard
17581.0,2011-06-09,0.07373016198390807,Predicted CLV Eligible,10345.49,5733.3968181584505,5733.3968181584505,422.7242761208457,Standard
17582.0,2011-06-09,0.572098102431001,Predicted CLV Eligible,1446.95,885.8144459707822,885.8144459707822,506.772763645853,Standard
17585.0,2011-06-09,0.3665980251198236,Predicted CLV Eligible,1469.56,1220.8995032509724,1220.8995032509724,447.57934676158015,Standard
17588.0,2011-06-09,0.5202148590767236,Predicted CLV Eligible,2096.55,1272.8319331174594,1272.8319331174594,662.1460847150528,Standard
17589.0,2011-06-09,0.32586697652673396,Predicted CLV Eligible,12645.19,8220.301710985934,8220.301710985934,2678.7248646965245,Priority
17591.0,2011-06-09,0.1396873401299515,Predicted CLV Eligible,1762.92,1083.0801036192292,1083.0801036192292,151.29257882224238,Standard
17593.0,2011-06-09,0.507734306369281,Predicted CLV Eligible,4831.360000000001,2355.2501915819807,2355.2501915819807,1195.8413223489931,Standard
17594.0,2011-06-09,0.5384764357888091,Predicted CLV Eligible,1819.7,1076.7021889576945,1076.7021889576945,579.7787571159482,Standard
17596.0,2011-06-09,0.33994270531680304,Predicted CLV Eligible,2971.98,1512.0729968659268,1512.0729968659268,514.0181851910891,Standard
17597.0,2011-06-09,0.41395196734628925,Predicted CLV Eligible,3484.09,2656.9891699931086,2656.9891699931086,1099.8658941364315,Standard
17601.0,2011-06-09,0.5977886712378306,Predicted CLV Eligible,413.08,234.3938208465409,234.3938208465409,140.1179707102118,Standard
17602.0,2011-06-09,0.4938044021885782,Predicted CLV Eligible,3067.06,1917.2063621719717,1917.2063621719717,946.7249415444692,Standard
17604.0,2011-06-09,0.37222099376793116,Predicted CLV Eligible,942.38,535.7313445187915,535.7313445187915,199.41045344941446,Standard
17609.0,2011-06-09,0.37835223988391203,Predicted CLV Eligible,1313.37,723.2625481073163,723.2625481073163,273.6480051005488,Standard
17611.0,2011-06-09,0.09196810560465654,Predicted CLV Eligible,6375.25,3346.2940185095267,3346.2940185095267,307.75232167851465,Standard
17612.0,2011-06-09,0.269581962780275,Predicted CLV Eligible,4012.16,2241.483888117512,2241.483888117512,604.2636260990812,Standard
17613.0,2011-06-09,0.1132822092299017,Predicted CLV Eligible,2512.41,4057.977693650095,4057.977693650095,459.696678142344,Standard
17615.0,2011-06-09,0.4491496339041248,Predicted CLV Eligible,664.5,589.2537584538042,589.2537584538042,264.6631098861557,Standard
17616.0,2011-06-09,0.6212181916371199,Predicted CLV Eligible,571.1999999999999,542.2877399406184,542.2877399406184,336.8790091528917,Standard
17618.0,2011-06-09,0.3201958470255747,Predicted CLV Eligible,3696.84,2088.8342046609228,2088.8342046609228,668.8360374573967,Standard
17619.0,2011-06-09,0.571896135279477,Not Eligible - One-Time Customer,214.37,,214.37,122.59737451986149,Standard
17621.0,2011-06-09,0.3364845878306465,Predicted CLV Eligible,2697.0,1683.4064619489598,1683.4064619489598,566.4403295003426,Standard
17624.0,2011-06-09,0.5173514152520211,Predicted CLV Eligible,1125.45,586.5624078971551,586.5624078971551,303.45889185922647,Standard
17625.0,2011-06-09,0.5046657941145759,Predicted CLV Eligible,4500.53,2442.970817009377,2442.970817009377,1232.8838073647714,Standard
17629.0,2011-06-09,0.16496366619862385,Predicted CLV Eligible,1247.59,1189.4684678733206,1189.4684678733206,196.219079288043,Standard
17630.0,2011-06-09,0.5308529273409388,Not Eligible - One-Time Customer,335.5,,335.5,178.10115712288496,Standard
17631.0,2011-06-09,0.5373702713763854,Predicted CLV Eligible,772.71,455.3179225131239,455.3179225131239,244.6743155834094,Standard
17634.0,2011-06-09,0.13247250105402536,Predicted CLV Eligible,1811.29,1876.7783014921315,1876.7783014921315,248.6215155225883,Standard
17639.0,2011-06-09,0.6076644480592707,Predicted CLV Eligible,615.17,488.74791221642727,488.74791221642727,296.99473031711614,Standard
17644.0,2011-06-09,0.18378894777721166,Predicted CLV Eligible,4054.73,2288.6295877120738,2288.6295877120738,420.62482377739576,Standard
17646.0,2011-06-09,0.3130871583441843,Predicted CLV Eligible,3898.79,2058.690406613602,2058.690406613602,644.549529317086,Standard
17648.0,2011-06-09,0.2768032999182581,Predicted CLV Eligible,1526.26,1836.734743073357,1836.734743073357,508.41423795721914,Standard
17652.0,2011-06-09,0.19031322276187343,Predicted CLV Eligible,1443.6,3392.6512904433566,3392.6512904433566,645.6664007915039,Standard
17654.0,2011-06-09,0.6030235281995434,Not Eligible - One-Time Customer,117.55,,117.55,70.88541573985633,Standard
17655.0,2011-06-09,0.20958634131766513,Predicted CLV Eligible,1940.14,2108.2820414742987,2108.2820414742987,441.86711953833617,Standard
17658.0,2011-06-09,0.5308308916767492,Not Eligible - One-Time Customer,317.6,,317.6,168.59189119653556,Standard
17659.0,2011-06-09,0.11445410432726758,Predicted CLV Eligible,1715.55,1648.0193666094544,1648.0193666094544,188.6225805192759,Standard
17663.0,2011-06-09,0.21864299923136601,Predicted CLV Eligible,4163.7300000000005,2466.4618225911595,2466.4618225911595,539.2746103809925,Standard
17664.0,2011-06-09,0.5293205293698582,Predicted CLV Eligible,887.78,507.0045826638562,507.0045826638562,268.36793408857636,Standard
17667.0,2011-06-09,0.22491051587111235,Predicted CLV Eligible,3251.86,1985.314072961172,1985.314072961172,446.51801231587643,Standard
17669.0,2011-06-09,0.28876044128879413,Predicted CLV Eligible,4346.63,2168.1416704087865,2168.1416704087865,626.0735455238645,Standard
17670.0,2011-06-09,0.5607337598275883,Not Eligible - One-Time Customer,205.7,,205.7,115.34293439653491,Standard
17671.0,2011-06-09,0.48320659737683636,Predicted CLV Eligible,1223.1799999999998,1358.0665466301953,1358.0665466301953,656.2267150084873,Standard
17672.0,2011-06-09,0.41276626449098697,Predicted CLV Eligible,3778.3,2497.305587667605,2497.305587667605,1030.8034987140263,Standard
17673.0,2011-06-09,0.1749820439504491,Predicted CLV Eligible,3612.01,2174.047947357956,2174.047947357956,380.41935347497355,Standard
17675.0,2011-06-09,0.03732134381169715,Predicted CLV Eligible,25013.81,14006.336314265982,14006.336314265982,522.7352931269797,Standard
17677.0,2011-06-09,0.054872160255994985,Predicted CLV Eligible,24958.16,13843.210284957231,13843.210284957231,759.6068532136112,Standard
17678.0,2011-06-09,0.5434095868388866,Predicted CLV Eligible,599.76,306.0758372220712,306.0758372220712,166.324544246212,Standard
17682.0,2011-06-09,0.31857698670353746,Predicted CLV Eligible,2698.36,1649.2755488006603,1649.2755488006603,525.4212345807374,Standard
17685.0,2011-06-09,0.2087123887471322,Predicted CLV Eligible,3811.84,2094.5074502469697,2094.5074502469697,437.1496531897102,Standard
17686.0,2011-06-09,0.12079461995675016,Predicted CLV Eligible,5594.1,4200.976721788005,4200.976721788005,507.4553865555362,Standard
17690.0,2011-06-09,0.094150782176339,Predicted CLV Eligible,5269.78,3201.8238115731388,3201.8238115731388,301.4542162504381,Standard
17691.0,2011-06-09,0.6017650134658602,Predicted CLV Eligible,637.55,430.25176052713965,430.25176052713965,258.91045646732425,Standard
17692.0,2011-06-09,0.17713575696561362,Predicted CLV Eligible,2858.32,2177.031494748278,2177.031494748278,385.6301217602175,Standard
17696.0,2011-06-09,0.2907405681614633,Predicted CLV Eligible,6231.47,3351.104000226519,3351.104000226519,974.3018809940106,Standard
17697.0,2011-06-09,0.5308573540219361,Not Eligible - One-Time Customer,338.95,,338.95,179.93410014573524,Standard
17698.0,2011-06-09,0.5835584682819676,Not Eligible - One-Time Customer,154.95,,154.95,90.42238466029086,Standard
17700.0,2011-06-09,0.28634845059733643,Predicted CLV Eligible,5270.900000000001,2663.555989505868,2663.555989505868,762.7051306742607,Standard
17701.0,2011-06-09,0.5202943545353069,Not Eligible - One-Time Customer,417.95,,417.95,217.4570254780315,Standard
17702.0,2011-06-09,0.5094137610049215,Predicted CLV Eligible,1759.47,1457.736185348791,1457.736185348791,742.590872731495,Standard
17704.0,2011-06-09,0.5229786768214119,Not Eligible - One-Time Customer,387.29,,387.29,202.5444117461646,Standard
17705.0,2011-06-09,0.2912978813384816,Predicted CLV Eligible,617.6800000000001,458.7083713253455,458.7083713253455,133.62077671929868,Standard
17706.0,2011-06-09,0.313875918852633,Predicted CLV Eligible,10958.93,5431.964083853581,5431.964083853581,1704.9627179940435,Priority
17707.0,2011-06-09,0.3582391809617026,Predicted CLV Eligible,609.3000000000001,341.95712312962104,341.95712312962104,122.50243971397553,Standard
17708.0,2011-06-09,0.3396421672218328,Predicted CLV Eligible,884.1800000000001,788.4278834519856,788.4278834519856,267.783355033755,Standard
17711.0,2011-06-09,0.5664610375055765,Not Eligible - One-Time Customer,220.53000000000003,,220.53000000000003,124.92165260110481,Standard
17714.0,2011-06-09,0.5938492827010148,Predicted CLV Eligible,1410.18,1029.623405073501,1029.623405073501,611.441120555075,Standard
17715.0,2011-06-09,0.5273065609773185,Predicted CLV Eligible,489.6,349.2294165901145,349.2294165901145,184.1509626542486,Standard
17716.0,2011-06-09,0.3552143277825194,Predicted CLV Eligible,11752.6,6462.390244479462,6462.390244479462,2295.533606561083,Priority
17718.0,2011-06-09,0.5855496105734324,Predicted CLV Eligible,439.18,139.19044283312763,139.19044283312763,81.50290959648149,Standard
17719.0,2011-06-09,0.20198204916884852,Predicted CLV Eligible,1971.46,4191.714571039257,4191.714571039257,846.6510985894299,Standard
17720.0,2011-06-09,0.5139617323013331,Predicted CLV Eligible,2003.35,1510.164875766605,1510.164875766605,776.1669556096318,Standard
17722.0,2011-06-09,0.20344344096516678,Predicted CLV Eligible,3197.06,3372.652509202212,3372.652509202212,686.1440316519019,Standard
17723.0,2011-06-09,0.33101299744934504,Predicted CLV Eligible,1263.8000000000002,1872.9561539999456,1872.9561539999456,619.9728306267191,Standard
17725.0,2011-06-09,0.17591702276379684,Predicted CLV Eligible,1269.63,2670.0844863701677,2670.0844863701677,469.7133133700416,Standard
17730.0,2011-06-09,0.09795774472319355,Predicted CLV Eligible,4506.72,3207.9520213647997,3207.9520213647997,314.2437451931058,Standard
17733.0,2011-06-09,0.5629536316036514,Not Eligible - One-Time Customer,216.95,,216.95,122.13279037641217,Standard
17734.0,2011-06-09,0.5984879598871577,Predicted CLV Eligible,854.6700000000001,417.5962312632839,417.5962312632839,249.92631650532851,Standard
17735.0,2011-06-09,0.07875618249433235,Predicted CLV Eligible,9801.47,9010.247744156895,9010.247744156895,709.6127156579668,Standard
17738.0,2011-06-09,0.48574271686372406,Predicted CLV Eligible,3084.43,1908.1543506550263,1908.1543506550263,926.8720784825076,Standard
17739.0,2011-06-09,0.12640248051450764,Predicted CLV Eligible,6010.01,3255.69479697678,3255.69479697678,411.5278981360413,Standard
17742.0,2011-06-09,0.5537524636913947,Predicted CLV Eligible,2045.94,1044.736887516372,1044.736887516372,578.5256253714706,Standard
17744.0,2011-06-09,0.15200452979896423,Predicted CLV Eligible,1615.7,1929.817890302681,1929.817890302681,293.34106101308817,Standard
17746.0,2011-06-09,0.5560654690676339,Predicted CLV Eligible,904.18,446.609136749908,446.609136749908,248.3439191167286,Standard
17749.0,2011-06-09,0.5288144069697183,Predicted CLV Eligible,720.6700000000001,426.61985023989047,426.61985023989047,225.6027231061177,Standard
17752.0,2011-06-09,0.6377100223338272,Not Eligible - One-Time Customer,80.64,,80.64,51.42493620099983,Standard
17754.0,2011-06-09,0.5058008702474797,Predicted CLV Eligible,3050.81,1677.6471056872267,1677.6471056872267,848.5553660247648,Standard
17757.0,2011-06-09,0.065667454219358,Predicted CLV Eligible,5910.4,3494.699521311962,3494.699521311962,229.4880208261656,Standard
17758.0,2011-06-09,0.30628388524788475,Predicted CLV Eligible,2607.71,1844.733959539422,1844.733959539422,565.0122843764484,Standard
17763.0,2011-06-09,0.7142901512570816,Predicted CLV Eligible,86.15,63.16883316769748,63.16883316769748,45.12087539808799,Standard
17764.0,2011-06-09,0.5509169664745808,Predicted CLV Eligible,971.69,517.3905524316741,517.3905524316741,285.03923362826544,Standard
17765.0,2011-06-09,0.4274709638384017,Predicted CLV Eligible,414.67,355.368582177862,355.368582177862,151.90975034145694,Standard
17769.0,2011-06-09,0.3680492469192053,Predicted CLV Eligible,3972.71,2354.7773268898386,2354.7773268898386,866.6740218242245,Standard
17770.0,2011-06-09,0.18814287334734808,Predicted CLV Eligible,1143.27,1407.5116463636448,1407.5116463636448,264.81328541671263,Standard
17771.0,2011-06-09,0.6110623184245837,Predicted CLV Eligible,257.4,227.34806798204383,227.34806798204383,138.92383751045756,Standard
17774.0,2011-06-09,0.373802807497151,Predicted CLV Eligible,2655.09,1432.3751876157762,1432.3751876157762,535.4258665200356,Standard
17775.0,2011-06-09,0.64266918221712,Not Eligible - One-Time Customer,56.4,,56.4,36.246541877045566,Standard
17781.0,2011-06-09,0.6077341957970253,Not Eligible - One-Time Customer,102.0,,102.0,61.98888797129658,Standard
17783.0,2011-06-09,0.601012967596082,Predicted CLV Eligible,205.9,151.56159588610444,151.56159588610444,91.09048451710576,Standard
17786.0,2011-06-09,0.6169055703959767,Not Eligible - One-Time Customer,103.35,,103.35,63.75719070042419,Standard
17787.0,2011-06-09,0.38955099201473253,Predicted CLV Eligible,1668.52,1531.8834189325376,1531.8834189325376,596.7467054960902,Standard
17789.0,2011-06-09,0.5636626643871987,Predicted CLV Eligible,397.15,208.67776758435852,208.67776758435852,117.62386647497213,Standard
17790.0,2011-06-09,0.09930014813966934,Predicted CLV Eligible,1712.12,1281.704673471446,1281.704673471446,127.27346394702111,Standard
17795.0,2011-06-09,0.5839036098811785,Not Eligible - One-Time Customer,155.69,,155.69,90.90795302240068,Standard
17796.0,2011-06-09,0.4272621190278768,Predicted CLV Eligible,1160.49,1181.3221492411428,1181.3221492411428,504.7342047393364,Standard
17799.0,2011-06-09,0.13028100260071612,Predicted CLV Eligible,4594.99,2502.624671309393,2502.624671309393,326.0444513114753,Standard
17800.0,2011-06-09,0.24443142037988616,Predicted CLV Eligible,354.85,468.2809017747936,468.2809017747936,114.46256595758676,Standard
17809.0,2011-06-09,0.22872398010163347,Predicted CLV Eligible,7324.68,3822.0600152203183,3822.0600152203183,874.196778868501,Standard
17811.0,2011-06-09,0.04054591258704445,Predicted CLV Eligible,5793.66,6051.323450115854,6051.323450115854,245.35643164432966,Standard
17816.0,2011-06-09,0.7620716791831454,Predicted CLV Eligible,80.86,44.82932388997888,44.82932388997888,34.1631581334813,Standard
17817.0,2011-06-09,0.4800044204910967,Predicted CLV Eligible,670.1700000000001,757.8690157621303,757.8690157621303,363.7804777190592,Standard
17819.0,2011-06-09,0.08548549960663686,Predicted CLV Eligible,5185.2,2773.907126676823,2773.907126676823,237.12883658637872,Standard
17827.0,2011-06-09,0.5375626289384623,Predicted CLV Eligible,1969.31,1359.6786814178677,1359.6786814178677,730.9124464945709,Standard
17828.0,2011-06-09,0.46535418682838864,Not Eligible - One-Time Customer,833.16,,833.16,387.7144942979403,Standard
17829.0,2011-06-09,0.4801360244287777,Predicted CLV Eligible,4756.74,2472.256759370026,2472.256759370026,1187.0195318110975,Standard
17830.0,2011-06-09,0.4472744174823292,Predicted CLV Eligible,287.65,289.5230755777538,289.5230755777538,129.4962649767322,Standard
17838.0,2011-06-09,0.4897248280344715,Predicted CLV Eligible,4538.84,2862.054289379708,2862.054289379708,1401.619044691799,Priority
17841.0,2011-06-09,0.004374177566142265,Predicted CLV Eligible,40286.63,22095.82479186323,22095.82479186323,96.65106110997822,Standard
17843.0,2011-06-09,0.5730602402126022,Predicted CLV Eligible,320.4,332.7559284262857,332.7559284262857,190.68919227613475,Standard
17848.0,2011-06-09,0.21470132545882822,Predicted CLV Eligible,3046.28,1626.8870365649,1626.8870365649,349.2948031222692,Standard
17849.0,2011-06-09,0.1997682696942117,Predicted CLV Eligible,1063.76,637.8991240090708,637.8991240090708,127.43200424274544,Standard
17854.0,2011-06-09,0.41570805499028146,Predicted CLV Eligible,1068.5,596.9034528117983,596.9034528117983,248.1375733853759,Standard
17856.0,2011-06-09,0.23683065971614128,Predicted CLV Eligible,1142.63,1804.6074882665391,1804.6074882665391,427.3863819748532,Standard
17857.0,2011-06-09,0.056217603220101456,Predicted CLV Eligible,9251.84,6107.264681535915,6107.264681535915,343.33578262672535,Standard
17858.0,2011-06-09,0.1620164689502008,Predicted CLV Eligible,9982.79,5313.869009684825,5313.869009684825,860.9342934130358,Standard
17859.0,2011-06-09,0.5958980823588943,Not Eligible - One-Time Customer,141.92000000000002,,141.92000000000002,84.56985584837429,Standard
17861.0,2011-06-09,0.3807799871092218,Predicted CLV Eligible,3448.39,1829.6663696640376,1829.6663696640376,696.7003366548488,Standard
17862.0,2011-06-09,0.5466800263075511,Predicted CLV Eligible,1254.89,990.1420960329228,990.1420960329228,541.290907107492,Standard
17863.0,2011-06-09,0.3449736769384846,Predicted CLV Eligible,3572.38,2212.6896284550567,2212.6896284550567,763.3196770517902,Standard
17864.0,2011-06-09,0.569990268514353,Predicted CLV Eligible,522.5699999999999,452.2581250617754,452.2581250617754,257.7827301417592,Standard
17865.0,2011-06-09,0.056211856091143805,Predicted CLV Eligible,19947.53,10914.323354653914,10914.323354653914,613.5143737440158,Standard
17867.0,2011-06-09,0.304290998066126,Predicted CLV Eligible,1028.23,558.3925787235839,558.3925787235839,169.9138350925172,Standard
17869.0,2011-06-09,0.5043944925623266,Predicted CLV Eligible,696.42,501.3834594992743,501.3834594992743,252.8950556332803,Standard
17871.0,2011-06-09,0.5741465349833816,Predicted CLV Eligible,1068.95,572.9304066653087,572.9304066653087,328.9460077735068,Standard
17873.0,2011-06-09,0.18732181525184516,Predicted CLV Eligible,5993.29,3189.5478418190683,3189.5478418190683,597.4718915621529,Standard
17874.0,2011-06-09,0.19769398245465236,Predicted CLV Eligible,683.46,2090.45088379983,2090.45088379983,413.26956034423614,Standard
17881.0,2011-06-09,0.599622470366225,Not Eligible - One-Time Customer,133.35000000000002,,133.35000000000002,79.95965642333611,Standard
17883.0,2011-06-09,0.5971748136940244,Predicted CLV Eligible,443.43,230.3544087720244,230.3544087720244,137.5618511420308,Standard
17884.0,2011-06-09,0.557900159094135,Predicted CLV Eligible,2593.94,1358.8297597770884,1358.8297597770884,758.0913391614829,Standard
17886.0,2011-06-09,0.41078858438940785,Predicted CLV Eligible,1080.98,782.4154101141224,782.4154101141224,321.4073187252383,Standard
17888.0,2011-06-09,0.23758968810393793,Predicted CLV Eligible,1260.17,709.3704441914672,709.3704441914672,168.5391025856026,Standard
17889.0,2011-06-09,0.3832200797294444,Predicted CLV Eligible,746.42,575.6930815229075,575.6930815229075,220.61714860089813,Standard
17890.0,2011-06-09,0.40219707509064156,Predicted CLV Eligible,586.89,223.8089830115248,223.8089830115248,90.01531834624636,Standard
17893.0,2011-06-09,0.6003560187287909,Not Eligible - One-Time Customer,107.21,,107.21,64.36416876791367,Standard
17894.0,2011-06-09,0.24190800874784396,Predicted CLV Eligible,2052.62,1592.997980541178,1592.997980541178,385.35896941205306,Standard
17898.0,2011-06-09,0.6017591614931626,Predicted CLV Eligible,246.96,138.29944029101932,138.29944029101932,83.22295522449748,Standard
17900.0,2011-06-09,0.5206743284006576,Not Eligible - One-Time Customer,112.2,,112.2,58.41965964655379,Standard
17905.0,2011-06-09,0.5848797329825919,Predicted CLV Eligible,1772.78,971.3256152315054,971.3256152315054,568.1086664757546,Standard
17906.0,2011-06-09,0.6267084729605789,Not Eligible - One-Time Customer,72.9,,72.9,45.687047678826204,Standard
17912.0,2011-06-09,0.37030446557216534,Predicted CLV Eligible,374.55,432.3528384505134,432.3528384505134,160.1021867810261,Standard
17913.0,2011-06-09,0.5777170475758411,Predicted CLV Eligible,3238.69,1598.4697269652984,1598.4697269652984,923.463211301753,Standard
17917.0,2011-06-09,0.3866709055771747,Predicted CLV Eligible,226.71,253.29691980581924,253.29691980581924,97.94254936122513,Standard
17920.0,2011-06-09,0.20731390768416666,Predicted CLV Eligible,20974.92,11354.834640558036,11354.834640558036,2354.0151404416265,Priority
17921.0,2011-06-09,0.5482552782860288,Predicted CLV Eligible,1852.2,1597.9909358542054,1597.9909358542054,876.1069652352991,Standard
17923.0,2011-06-09,0.5690798896164273,Predicted CLV Eligible,497.0,321.9948488855565,321.9948488855565,183.24079306085068,Standard
17924.0,2011-06-09,0.46785275409914034,Predicted CLV Eligible,797.4000000000001,728.3812133660718,728.3812133660718,340.7751567073903,Standard
17926.0,2011-06-09,0.5550032671882361,Predicted CLV Eligible,849.9300000000001,598.1273439760594,598.1273439760594,331.96263010133487,Standard
17928.0,2011-06-09,0.6223861637600778,Predicted CLV Eligible,206.96,95.72897719822184,95.72897719822184,59.58039087907726,Standard
17929.0,2011-06-09,0.39517600958220755,Predicted CLV Eligible,2674.1,1361.9657996791057,1361.9657996791057,538.2162099046292,Standard
17930.0,2011-06-09,0.5223973272876907,Predicted CLV Eligible,2925.34,1863.286382829034,1863.286382829034,973.3758263614362,Standard
17931.0,2011-06-09,0.5422833640984218,Predicted CLV Eligible,3291.08,1958.1178294461183,1958.1178294461183,1061.8547238531407,Standard
17932.0,2011-06-09,0.4917421296300445,Not Eligible - One-Time Customer,589.01,,589.01,289.6410317733925,Standard
17937.0,2011-06-09,0.15783923351106016,Predicted CLV Eligible,3327.48,3206.270162668381,3206.270162668381,506.07522490495944,Standard
17940.0,2011-06-09,0.12243074546266008,Predicted CLV Eligible,29662.29,14817.091851746978,14817.091851746978,1814.0676009980891,Priority
17946.0,2011-06-09,0.4845276325994223,Predicted CLV Eligible,149.57999999999998,482.29359681517855,482.29359681517855,233.68457468271873,Standard
17949.0,2011-06-09,0.04843641483798796,Predicted CLV Eligible,69435.6,37761.798776595,37761.798776595,1829.0461505717817,Priority
17951.0,2011-06-09,0.5767413590728048,Predicted CLV Eligible,741.54,547.3063664427161,547.3063664427161,315.6542176113706,Standard
17954.0,2011-06-09,0.08846791350294336,Predicted CLV Eligible,3006.69,1570.0305341518597,1570.0305341518597,138.8973254923267,Standard
17955.0,2011-06-09,0.3566556856390686,Predicted CLV Eligible,949.9,664.1875320568781,664.1875320568781,236.8862596386667,Standard
17956.0,2011-06-09,0.7202117602887006,Not Eligible - One-Time Customer,12.75,,12.75,9.182699943680932,Standard
17961.0,2011-06-09,0.08483255084889788,Predicted CLV Eligible,2444.69,1365.128804654705,1365.128804654705,115.80735873616543,Standard
17965.0,2011-06-09,0.2329106035900974,Predicted CLV Eligible,5731.24,3138.671558294004,3138.671558294004,731.0298871133281,Standard
17966.0,2011-06-09,0.3888639217649502,Predicted CLV Eligible,1148.99,528.1357138965392,528.1357138965392,205.37292492993996,Standard
17969.0,2011-06-09,0.6122124377378467,Predicted CLV Eligible,2251.29,739.7886845271519,739.7886845271519,452.9078339652425,Standard
17970.0,2011-06-09,0.4945873666122943,Not Eligible - One-Time Customer,562.79,,562.79,278.3488240557331,Standard
17972.0,2011-06-09,0.588852473738871,Not Eligible - One-Time Customer,135.19,,135.19,79.60696592475796,Standard
17974.0,2011-06-09,0.5734294635020245,Predicted CLV Eligible,1199.17,1412.790912086051,1412.790912086051,810.1359347580401,Standard
17975.0,2011-06-09,0.07041008830747328,Predicted CLV Eligible,4993.24,4692.015383995713,4692.015383995713,330.3652175271613,Standard
17979.0,2011-06-09,0.4507336711472668,Not Eligible - One-Time Customer,231.67,,231.67,104.4214695946873,Standard
17980.0,2011-06-09,0.2860379941769914,Predicted CLV Eligible,764.02,912.6112951276924,912.6112951276924,261.04150432159145,Standard
17987.0,2011-06-09,0.5560168712612907,Predicted CLV Eligible,965.44,724.78240811571,724.78240811571,402.991246905721,Standard
17988.0,2011-06-09,0.6452750207942743,Predicted CLV Eligible,353.41,119.60729876941107,119.60729876941107,77.17960220057871,Standard
17990.0,2011-06-09,0.21047196281277686,Predicted CLV Eligible,1527.61,741.9674256761815,741.9674256761815,156.16334042520904,Standard
17991.0,2011-06-09,0.5369974541923627,Predicted CLV Eligible,300.3,95.65928339450348,95.65928339450348,51.368791652714116,Standard
17994.0,2011-06-09,0.21848870373833956,Predicted CLV Eligible,2149.32,1150.44389983562,1150.44389983562,251.35899639876476,Standard
17995.0,2011-06-09,0.6294357149118215,Predicted CLV Eligible,495.48,274.3362291142469,274.3362291142469,172.67702049873927,Standard
18004.0,2011-06-09,0.5984536666820122,Not Eligible - One-Time Customer,157.92,,157.92,94.50780304242335,Standard
18008.0,2011-06-09,0.12196866153792937,Predicted CLV Eligible,19708.3,11869.037512539906,11869.037512539906,1447.650619147967,Priority
18009.0,2011-06-09,0.4982896871932848,Predicted CLV Eligible,2144.23,1326.9048358878836,1326.9048358878836,661.1829956098304,Standard
18010.0,2011-06-09,0.5755015477448663,Not Eligible - One-Time Customer,174.8,,174.8,100.59767054580263,Standard
18016.0,2011-06-09,0.3343635034163974,Predicted CLV Eligible,959.76,530.7948215609523,530.7948215609523,177.47841613240155,Standard
18017.0,2011-06-09,0.5876556038227319,Predicted CLV Eligible,330.0,253.52954539086815,253.52954539086815,148.98805808357332,Standard
18018.0,2011-06-09,0.6574581119496332,Predicted CLV Eligible,213.3,120.86502394840242,120.86502394840242,79.46369044586386,Standard
18032.0,2011-06-09,0.6393777132472189,Not Eligible - One-Time Customer,73.5,,73.5,46.99426192367059,Standard
18036.0,2011-06-09,0.6020216182357918,Predicted CLV Eligible,1252.32,726.4199424359966,726.4199424359966,437.3205092640694,Standard
18037.0,2011-06-09,0.2307908760703577,Predicted CLV Eligible,158.22,85.14740477042653,85.14740477042653,19.651244142084092,Standard
18040.0,2011-06-09,0.5543242178318915,Not Eligible - One-Time Customer,239.0,,239.0,132.48348806182204,Standard
18041.0,2011-06-09,0.09706297737876135,Predicted CLV Eligible,6473.01,3611.278170787181,3611.278170787181,350.5214113995308,Standard
18043.0,2011-06-09,0.5839093936246353,Predicted CLV Eligible,421.59,289.2210533604728,289.2210533604728,168.878889891192,Standard
18044.0,2011-06-09,0.10126619890227836,Predicted CLV Eligible,2300.22,1830.1117729449652,1830.1117729449652,185.32846281244613,Standard
18048.0,2011-06-09,0.4959422556709637,Predicted CLV Eligible,394.93,240.70093347345124,240.70093347345124,119.37376388892999,Standard
18050.0,2011-06-09,0.6423524724226446,Predicted CLV Eligible,412.06000000000006,115.07781835658017,115.07781835658017,73.92052114235327,Standard
18055.0,2011-06-09,0.09092360727171847,Predicted CLV Eligible,6743.83,6735.511941194021,6735.511941194021,612.4170425150953,Standard
18056.0,2011-06-09,0.5350067583160041,Predicted CLV Eligible,554.5999999999999,356.15898886112683,356.15898886112683,190.54746607569726,Standard
18061.0,2011-06-09,0.18322832228896396,Predicted CLV Eligible,5155.02,2759.517867357199,2759.517867357199,505.62182916227937,Standard
18062.0,2011-06-09,0.3273847247866943,Predicted CLV Eligible,1398.07,799.7456270892638,799.7456270892638,261.82450202398087,Standard
18064.0,2011-06-09,0.5189832334652605,Predicted CLV Eligible,4075.83,2395.5822288327995,2395.5822288327995,1243.267011151562,Standard
18065.0,2011-06-09,0.19953536639048577,Predicted CLV Eligible,4621.53,2515.278413630893,2515.278413630893,501.88699983792003,Standard
18068.0,2011-06-09,0.6135532236902062,Not Eligible - One-Time Customer,101.7,,101.7,62.39836284929397,Standard
18069.0,2011-06-09,0.29656858502961947,Predicted CLV Eligible,3129.69,1936.0458165857583,1936.0458165857583,574.1703683773525,Standard
18071.0,2011-06-09,0.5692115548530904,Predicted CLV Eligible,1169.68,597.5317035020341,597.5317035020341,340.12195002440865,Standard
18072.0,2011-06-09,0.54227529404448,Not Eligible - One-Time Customer,247.44,,247.44,134.18059875836613,Standard
18073.0,2011-06-09,0.39975959499131103,Predicted CLV Eligible,504.24,2768.594605726399,2768.594605726399,1106.7722582803137,Standard
18075.0,2011-06-09,0.06653508432989531,Predicted CLV Eligible,4442.26,3597.416925364297,3597.416925364297,239.35443849890623,Standard
18077.0,2011-06-09,0.20144098111878822,Predicted CLV Eligible,2373.76,1273.945200638061,1273.945200638061,256.6247711081025,Standard
18078.0,2011-06-09,0.4161758337937946,Predicted CLV Eligible,725.53,379.5540710908896,379.5540710908896,157.96123200608017,Standard
18079.0,2011-06-09,0.43272829455089984,Predicted CLV Eligible,2203.61,2103.8795013048266,2103.8795013048266,910.4081885402353,Standard
18080.0,2011-06-09,0.47431482701918376,Not Eligible - One-Time Customer,841.4999999999999,,841.4999999999999,399.1359269366431,Standard
18085.0,2011-06-09,0.5381386530917002,Predicted CLV Eligible,1341.85,849.1401265482523,849.1401265482523,456.95512398679233,Standard
18086.0,2011-06-09,0.6114456680907552,Not Eligible - One-Time Customer,101.34,,101.34,61.96390400431713,Standard
18087.0,2011-06-09,0.34935241558438596,Predicted CLV Eligible,13908.72,7674.91557795839,7674.91557795839,2681.250296565997,Priority
18092.0,2011-06-09,0.06618368313699509,Predicted CLV Eligible,10295.5,5349.236952842443,5349.236952842443,354.0322035116294,Standard
18093.0,2011-06-09,0.35227233934897983,Predicted CLV Eligible,3463.7100000000005,2341.802405820577,2341.802405820577,824.9522117914837,Standard
18094.0,2011-06-09,0.23335514398163143,Predicted CLV Eligible,5151.42,2719.661391084903,2719.661391084903,634.6469754979015,Standard
18095.0,2011-06-09,0.4188421885332546,Predicted CLV Eligible,2303.09,1027.6433712739663,1027.6433712739663,430.42039865607995,Standard
18097.0,2011-06-09,0.14935819405739675,Predicted CLV Eligible,3422.08,1988.392956467898,1988.392956467898,296.98278105449316,Standard
18102.0,2011-06-09,0.042670173666156906,Predicted CLV Eligible,396971.37,220354.78631711856,220354.78631711856,9402.577000320345,Priority
18106.0,2011-06-09,0.5324125516190008,Predicted CLV Eligible,1441.06,792.0089664051181,792.0089664051181,421.67551470887645,Standard
18108.0,2011-06-09,0.4958869604679654,Predicted CLV Eligible,848.81,254.1179604219304,254.1179604219304,126.01378299394979,Standard
18109.0,2011-06-09,0.05110711489713584,Predicted CLV Eligible,4022.47,3300.6748539948467,3300.6748539948467,168.68796900120168,Standard
18114.0,2011-06-09,0.5667313864190643,Not Eligible - One-Time Customer,220.1,,220.1,124.73757815083604,Standard
18116.0,2011-06-09,0.13282263657241788,Predicted CLV Eligible,1970.93,2154.188341726377,2154.188341726377,286.1249752216621,Standard
18118.0,2011-06-09,0.0498122098249689,Predicted CLV Eligible,4099.28,5460.055425969212,5460.055425969212,271.97742653433835,Standard
18120.0,2011-06-09,0.5964223007700088,Not Eligible - One-Time Customer,111.15,,111.15,66.29233873058648,Standard
18125.0,2011-06-09,0.17970667153002898,Predicted CLV Eligible,933.9,894.8396799133155,894.8396799133155,160.80866043021845,Standard
18129.0,2011-06-09,0.600277378443108,Not Eligible - One-Time Customer,112.55,,112.55,67.5612189437718,Standard
18133.0,2011-06-09,0.4265525965585841,Not Eligible - One-Time Customer,931.5,,931.5,397.3337436943211,Standard
18135.0,2011-06-09,0.5932999262284028,Predicted CLV Eligible,677.53,366.5386467736727,366.5386467736727,217.46735209067862,Standard
18136.0,2011-06-09,0.2883237428882751,Predicted CLV Eligible,1447.88,946.8797304400553,946.8797304400553,273.00790794551773,Standard
18138.0,2011-06-09,0.590021836642521,Not Eligible - One-Time Customer,152.65,,152.65,90.06683336348082,Standard
18142.0,2011-06-09,0.485596875922811,Not Eligible - One-Time Customer,282.48,,282.48,137.17140551067564,Standard
18144.0,2011-06-09,0.11665545921826732,Predicted CLV Eligible,3609.85,1785.5177278611827,1785.5177278611827,208.29039048600353,Standard
18145.0,2011-06-09,0.2921616424905775,Predicted CLV Eligible,3771.97,2067.6668104065147,2067.6668104065147,604.0929314516209,Standard
18146.0,2011-06-09,0.6195735153997781,Not Eligible - One-Time Customer,76.65,,76.65,47.490309955392995,Standard
18149.0,2011-06-09,0.3713117912758973,Predicted CLV Eligible,1491.56,837.0016589362876,837.0016589362876,310.78858528053064,Standard
18150.0,2011-06-09,0.550154214619296,Not Eligible - One-Time Customer,227.58,,227.58,125.2040961630594,Standard
18151.0,2011-06-09,0.5447265379041614,Predicted CLV Eligible,1538.64,719.4936575658464,719.4936575658464,391.92728912984575,Standard
18155.0,2011-06-09,0.607107678523154,Not Eligible - One-Time Customer,113.93,,113.93,69.16777781414294,Standard
18159.0,2011-06-09,0.5133616785850874,Not Eligible - One-Time Customer,530.15,,530.15,272.1586939018841,Standard
18160.0,2011-06-09,0.5288348400552652,Predicted CLV Eligible,684.37,609.1427169918641,609.1427169918641,322.13589131122205,Standard
18161.0,2011-06-09,0.3695479580564355,Predicted CLV Eligible,730.7299999999999,921.8006902343416,921.8006902343416,340.64956281111375,Standard
18168.0,2011-06-09,0.10979105290628399,Predicted CLV Eligible,3320.35,1766.6713526431452,1766.6713526431452,193.96470794605986,Standard
18170.0,2011-06-09,0.5345381548267477,Predicted CLV Eligible,2201.9,1250.8010990912735,1250.8010990912735,668.6009115635173,Standard
18171.0,2011-06-09,0.3165146017141726,Predicted CLV Eligible,1670.59,891.0338525459254,891.0338525459254,282.0252249524184,Standard
18172.0,2011-06-09,0.1342984165811491,Predicted CLV Eligible,13625.72,7673.216670029164,7673.216670029164,1030.5008488689944,Standard
18173.0,2011-06-09,0.229496991119837,Predicted CLV Eligible,2318.36,1420.4733934630294,1420.4733934630294,325.9943697655496,Standard
18176.0,2011-06-09,0.48015542453082427,Not Eligible - One-Time Customer,476.35,,476.35,228.72203647525816,Standard
18177.0,2011-06-09,0.2739287977335135,Predicted CLV Eligible,1588.55,777.8082045933728,777.8082045933728,213.0640663515253,Standard
18178.0,2011-06-09,0.2872945206733322,Predicted CLV Eligible,5612.870000000001,3444.4888282996167,3444.4888282996167,989.5827668909861,Standard
18179.0,2011-06-09,0.19735359507981812,Predicted CLV Eligible,1857.54,1083.8273829318096,1083.8273829318096,213.89723046754332,Standard
18183.0,2011-06-09,0.23614518162390213,Predicted CLV Eligible,632.07,1024.523976257106,1024.523976257106,241.93640045127668,Standard
18185.0,2011-06-09,0.5398154785924937,Not Eligible - One-Time Customer,304.25,,304.25,164.2388593617662,Standard
18188.0,2011-06-09,0.525270491823799,Predicted CLV Eligible,1706.15,1120.4350813661613,1120.4350813661613,588.5314862458418,Standard
18189.0,2011-06-09,0.44349286542184607,Predicted CLV Eligible,946.59,608.8905539159583,608.8905539159583,270.03861648448344,Standard
18190.0,2011-06-09,0.3005517080974617,Predicted CLV Eligible,745.62,365.4473037504836,365.4473037504836,109.83581136181976,Standard
18191.0,2011-06-09,0.5656148556783919,Predicted CLV Eligible,529.4,291.314577711918,291.314577711918,164.77185282953818,Standard
18196.0,2011-06-09,0.5217787709266596,Predicted CLV Eligible,1221.34,780.2269936399962,780.2269936399962,407.10588178527985,Standard
18198.0,2011-06-09,0.06470637250656136,Predicted CLV Eligible,3500.79,5464.716611578972,5464.716611578972,353.60198871162277,Standard
18202.0,2011-06-09,0.19058816503491632,Predicted CLV Eligible,1396.99,2388.33516964012,2388.33516964012,455.1884174700661,Standard
18204.0,2011-06-09,0.4939727762047988,Not Eligible - One-Time Customer,540.98,,540.98,267.22939247127204,Standard
18210.0,2011-06-09,0.5898013587669,Predicted CLV Eligible,289.85,272.5016355138623,272.5016355138623,160.7218348922785,Standard
18211.0,2011-06-09,0.593532490355709,Not Eligible - One-Time Customer,137.9,,137.9,81.84813042005227,Standard
18212.0,2011-06-09,0.5736356446843891,Predicted CLV Eligible,514.37,190.9140257418031,190.9140257418031,109.51509023569128,Standard
18213.0,2011-06-09,0.554566791755474,Not Eligible - One-Time Customer,232.48,,232.48,128.9256877473126,Standard
18218.0,2011-06-09,0.2814170421298455,Predicted CLV Eligible,1121.84,617.2056479573782,617.2056479573782,173.6921878340001,Standard
18219.0,2011-06-09,0.1626142819491684,Predicted CLV Eligible,2195.24,1199.9266439799144,1199.9266439799144,195.12520960246923,Standard
18220.0,2011-06-09,0.483801766480353,Predicted CLV Eligible,1921.76,1047.447904354413,1047.447904354413,506.75714642280883,Standard
18221.0,2011-06-09,0.3963580408689749,Predicted CLV Eligible,920.34,884.5648814757185,884.5648814757185,350.6044034432128,Standard
18223.0,2011-06-09,0.04079415457760911,Predicted CLV Eligible,10273.79,5194.917409776729,5194.917409776729,211.9222638323446,Standard
18224.0,2011-06-09,0.5824837476217469,Not Eligible - One-Time Customer,158.95000000000002,,158.95000000000002,92.58579168447669,Standard
18225.0,2011-06-09,0.1454749753918795,Predicted CLV Eligible,9177.91,5221.093793904993,5221.093793904993,759.5384911870236,Standard
18226.0,2011-06-09,0.07138090076641677,Predicted CLV Eligible,9251.17,5932.157973104179,5932.157973104179,423.4427796088575,Standard
18227.0,2011-06-09,0.6071579948028051,Predicted CLV Eligible,388.75,140.5707444477799,140.5707444477799,85.3486513268516,Standard
18229.0,2011-06-09,0.089791243006998,Predicted CLV Eligible,6083.51,3278.4587822619264,3278.4587822619264,294.3768892065074,Standard
18230.0,2011-06-09,0.19504695596634758,Predicted CLV Eligible,2735.1600000000003,2354.235548665294,2354.235548665294,459.18647739492974,Standard
18231.0,2011-06-09,0.14315630726244932,Predicted CLV Eligible,6854.17,3984.17872649178,3984.17872649178,570.3603139581712,Standard
18232.0,2011-06-09,0.4021895041687558,Predicted CLV Eligible,370.98,1870.880240349829,1870.880240349829,752.4483962254204,Standard
18233.0,2011-06-09,0.5291350922592473,Not Eligible - One-Time Customer,440.0,,440.0,232.8194405940688,Standard
18235.0,2011-06-09,0.5126176723869987,Not Eligible - One-Time Customer,430.46,,430.46,220.66140325570746,Standard
18236.0,2011-06-09,0.4057691442171164,Predicted CLV Eligible,1217.61,777.8185767738114,777.8185767738114,315.6147782536849,Standard
18239.0,2011-06-09,0.19596741374564008,Predicted CLV Eligible,1712.26,1981.0772678478197,1981.0772678478197,388.22658861041594,Standard
18241.0,2011-06-09,0.5229396681034059,Predicted CLV Eligible,1279.73,835.9020384100855,835.9020384100855,437.12633453313055,Standard
18242.0,2011-06-09,0.39173378908906953,Predicted CLV Eligible,2066.8,1145.9814828223773,1145.9814828223773,448.9196684919203,Standard
18245.0,2011-06-09,0.11470151931191234,Predicted CLV Eligible,5064.21,3261.539292034063,3261.539292034063,374.10351209180595,Standard
18246.0,2011-06-09,0.5539387401041331,Predicted CLV Eligible,395.62,241.36748409796243,241.36748409796243,133.7028000433297,Standard
18248.0,2011-06-09,0.49843692791272,Not Eligible - One-Time Customer,496.46,,496.46,247.45399723154895,Standard
18250.0,2011-06-09,0.4887848793200245,Not Eligible - One-Time Customer,349.27,,349.27,170.71789480010494,Standard
18257.0,2011-06-09,0.1567223620000005,Predicted CLV Eligible,2983.7200000000003,1816.5439895068212,1816.5439895068212,284.69306471241316,Standard
18260.0,2011-06-09,0.07434607386130387,Predicted CLV Eligible,9520.13,5346.527357027384,5346.527357027384,397.4933177870397,Standard
18263.0,2011-06-09,0.5396336221037847,Not Eligible - One-Time Customer,307.6,,307.6,165.9913021591242,Standard
18270.0,2011-06-09,0.5802654052242777,Predicted CLV Eligible,273.35,185.9887923618001,185.9887923618001,107.92286196699399,Standard
18272.0,2011-06-09,0.3339554905620593,Predicted CLV Eligible,2287.94,1223.7603525815457,1223.7603525815457,408.68148887676875,Standard
18273.0,2011-06-09,0.6488450002457522,Predicted CLV Eligible,204.0,63.78231059286543,63.78231059286543,41.384833332302414,Standard
18280.0,2011-06-09,0.5768851876936315,Predicted CLV Eligible,488.15,322.331368056664,322.331368056664,185.94819176091363,Standard
18283.0,2011-06-09,0.15489187311249927,Predicted CLV Eligible,1134.89,705.8170026002399,705.8170026002399,109.32531760740093,Standard
18287.0,2011-06-09,0.473520398514911,Predicted CLV Eligible,3110.99,1827.888285134514,1827.888285134514,865.5423892176324,Standard
